Rufus x64 v4.11.2285 (Portable)
Windows version: Windows 11 Home x64 (Build 26100.7171)
Syslinux versions: 4.07/2013-07-25, 6.04/pre1
Grub versions: 0.4.6a, 2.12
System locale ID: 0x0409 (en-US)
Will use default UI locale 0x0409
SetLGP: Successfully set NoDriveTypeAutorun policy to 0x0000009E
Localization set to 'en-US'
Found USB 3.0 device 'USB DISK 3.0 USB Device' (13FE:6700)
1 device found
Disk type: Removable, Disk size: 32 GB, Sector size: 512 bytes
Cylinders: 3773, Tracks per cylinder: 255, Sectors per track: 63
Partition type: GPT, NB Partitions: 1
Disk GUID: {1DAC3D97-C131-42D4-9E8E-83353910D4B5}
Max parts: 128, Start Offset: 17408, Usable = 31042009600 bytes
Partition 1:
  Type: Microsoft Basic Data Partition
  Name: 'Basic data partition'
  Detected File System: FAT32
  ID: {B30C77BE-C979-4C15-9248-2AD5D934149C}
  Size: 28.9 GB (31039946752 bytes)
  Start Sector: 2048, Attributes: 0x0000000000000000
Found 5 additional UEFI revocation filters from remote SBAT
Found 4 active Secure Boot certificate entries from remote
Found 1 revoked Secure Boot certificate entries from remote
Checking for UEFI DBX updates...
Checking for Rufus updates...
Checking release channel...
No new release version found.
Scanning image...
ISO analysis:
  Image is a UDF image
Disk image analysis:
  Image does not have a Boot Marker
UEFI bootloaders analysis:
  • /bootmgr.efi*
  Signed by 'Microsoft Windows Production PCA 2011'
  SVN version 1.0 is lower than required minimum SVN version 7.0!
  WARNING: '/bootmgr.efi' has been revoked by Windows SVN
  • /efi/boot/bootx64.efi*
  Signed by 'Microsoft Windows Production PCA 2011'
  SVN version 1.0 is lower than required minimum SVN version 7.0!
  WARNING: '/efi/boot/bootx64.efi' has been revoked by Windows SVN
ISO label: 'HBCD_PE_x64'
  Size: 3.1 GB (Projected)
  Uses: EFI
  Uses: Bootmgr (BIOS and UEFI)
Using image: HBCD_PE_x64.iso (3.1 GB)

Format operation started
Requesting disk access...
Will use 'D:' as volume mountpoint
Opened \\.\PhysicalDrive1 for exclusive write access
Analyzing existing boot records...
Drive has a Zeroed Master Boot Record
Clearing MBR/PBR/GPT structures...
Erasing 128 sectors
Initializing disk...
Partitioning (GPT)...
● Creating Main Data Partition (offset: 1048576, size: 28.9 GB)
Waiting for logical drive to reappear...
Formatting to FAT32 (using IFS)
Using cluster size: 16384 bytes
Quick format was selected
Creating file system...
Format completed.
Opened \\.\PhysicalDrive1 for exclusive write access
Writing Master Boot Record...
Using Rufus protective MBR
Writing protective message SBR
Found volume \\?\Volume{d013c639-335d-474a-a900-f21e27c0cf34}\
Successfully remounted \\?\Volume{d013c639-335d-474a-a900-f21e27c0cf34}\ as D:
Extracting files...
Image is a UDF image
Extracting: D:\BOOTMGR (432.4 KB)
Extracting: D:\CustomDrivers\Readme.txt (199 bytes)
Extracting: D:\HBCD_PE.ini (17.7 KB)
Extracting: D:\Programs\7-Zip\7-zip.dll (99 KB)
Extracting: D:\Programs\7-Zip\7-zip32.dll (65 KB)
Extracting: D:\Programs\7-Zip\7z.dll (1.8 MB)
Extracting: D:\Programs\7-Zip\7z.exe (544 KB)
Extracting: D:\Programs\7-Zip\7z.sfx (209.5 KB)
Extracting: D:\Programs\7-Zip\7zCon.sfx (188.5 KB)
Extracting: D:\Programs\7-Zip\7zFM.exe (930.5 KB)
Extracting: D:\Programs\7-Zip\7zG.exe (684 KB)
Extracting: D:\Programs\7-Zip\Lang\af.txt (4.9 KB)
Extracting: D:\Programs\7-Zip\Lang\an.txt (7.6 KB)
Extracting: D:\Programs\7-Zip\Lang\ar.txt (12.5 KB)
Extracting: D:\Programs\7-Zip\Lang\ast.txt (5.2 KB)
Extracting: D:\Programs\7-Zip\Lang\az.txt (9.4 KB)
Extracting: D:\Programs\7-Zip\Lang\ba.txt (11.0 KB)
Extracting: D:\Programs\7-Zip\Lang\be.txt (11.6 KB)
Extracting: D:\Programs\7-Zip\Lang\bg.txt (12.8 KB)
Extracting: D:\Programs\7-Zip\Lang\bn.txt (14.7 KB)
Extracting: D:\Programs\7-Zip\Lang\br.txt (5.2 KB)
Extracting: D:\Programs\7-Zip\Lang\ca.txt (9.1 KB)
Extracting: D:\Programs\7-Zip\Lang\co.txt (10.7 KB)
Extracting: D:\Programs\7-Zip\Lang\cs.txt (8.9 KB)
Extracting: D:\Programs\7-Zip\Lang\cy.txt (5.1 KB)
Extracting: D:\Programs\7-Zip\Lang\da.txt (8.2 KB)
Extracting: D:\Programs\7-Zip\Lang\de.txt (9.3 KB)
Extracting: D:\Programs\7-Zip\Lang\el.txt (16.5 KB)
Extracting: D:\Programs\7-Zip\Lang\en.ttt (7.7 KB)
Extracting: D:\Programs\7-Zip\Lang\eo.txt (5.1 KB)
Extracting: D:\Programs\7-Zip\Lang\es.txt (9.8 KB)
Extracting: D:\Programs\7-Zip\Lang\et.txt (6.9 KB)
Extracting: D:\Programs\7-Zip\Lang\eu.txt (8.7 KB)
Extracting: D:\Programs\7-Zip\Lang\ext.txt (7.5 KB)
Extracting: D:\Programs\7-Zip\Lang\fa.txt (13.5 KB)
Extracting: D:\Programs\7-Zip\Lang\fi.txt (8.8 KB)
Extracting: D:\Programs\7-Zip\Lang\fr.txt (9.7 KB)
Extracting: D:\Programs\7-Zip\Lang\fur.txt (7.3 KB)
Extracting: D:\Programs\7-Zip\Lang\fy.txt (6.3 KB)
Extracting: D:\Programs\7-Zip\Lang\ga.txt (8.1 KB)
Extracting: D:\Programs\7-Zip\Lang\gl.txt (9.4 KB)
Extracting: D:\Programs\7-Zip\Lang\gu.txt (17.4 KB)
Extracting: D:\Programs\7-Zip\Lang\he.txt (11.1 KB)
Extracting: D:\Programs\7-Zip\Lang\hi.txt (17.5 KB)
Extracting: D:\Programs\7-Zip\Lang\hr.txt (8.4 KB)
Extracting: D:\Programs\7-Zip\Lang\hu.txt (9.9 KB)
Extracting: D:\Programs\7-Zip\Lang\hy.txt (13.8 KB)
Extracting: D:\Programs\7-Zip\Lang\id.txt (8.5 KB)
Extracting: D:\Programs\7-Zip\Lang\io.txt (4.9 KB)
Extracting: D:\Programs\7-Zip\Lang\is.txt (8.5 KB)
Extracting: D:\Programs\7-Zip\Lang\it.txt (9.5 KB)
Extracting: D:\Programs\7-Zip\Lang\ja.txt (11.9 KB)
Extracting: D:\Programs\7-Zip\Lang\ka.txt (17.8 KB)
Extracting: D:\Programs\7-Zip\Lang\kaa.txt (7.9 KB)
Extracting: D:\Programs\7-Zip\Lang\kab.txt (8.4 KB)
Extracting: D:\Programs\7-Zip\Lang\kk.txt (10.5 KB)
Extracting: D:\Programs\7-Zip\Lang\ko.txt (10 KB)
Extracting: D:\Programs\7-Zip\Lang\ku-ckb.txt (12 KB)
Extracting: D:\Programs\7-Zip\Lang\ku.txt (5.6 KB)
Extracting: D:\Programs\7-Zip\Lang\ky.txt (12.2 KB)
Extracting: D:\Programs\7-Zip\Lang\lij.txt (7.7 KB)
Extracting: D:\Programs\7-Zip\Lang\lt.txt (9.3 KB)
Extracting: D:\Programs\7-Zip\Lang\lv.txt (5.3 KB)
Extracting: D:\Programs\7-Zip\Lang\mk.txt (8.6 KB)
Extracting: D:\Programs\7-Zip\Lang\mn.txt (8.3 KB)
Extracting: D:\Programs\7-Zip\Lang\mng.txt (19.7 KB)
Extracting: D:\Programs\7-Zip\Lang\mng2.txt (21.1 KB)
Extracting: D:\Programs\7-Zip\Lang\mr.txt (10.5 KB)
Extracting: D:\Programs\7-Zip\Lang\ms.txt (5.1 KB)
Extracting: D:\Programs\7-Zip\Lang\nb.txt (5.9 KB)
Extracting: D:\Programs\7-Zip\Lang\ne.txt (13.1 KB)
Extracting: D:\Programs\7-Zip\Lang\nl.txt (9.3 KB)
Extracting: D:\Programs\7-Zip\Lang\nn.txt (5.8 KB)
Extracting: D:\Programs\7-Zip\Lang\pa-in.txt (14.3 KB)
Extracting: D:\Programs\7-Zip\Lang\pl.txt (9.6 KB)
Extracting: D:\Programs\7-Zip\Lang\ps.txt (8.4 KB)
Extracting: D:\Programs\7-Zip\Lang\pt-br.txt (9.7 KB)
Extracting: D:\Programs\7-Zip\Lang\pt.txt (9.7 KB)
Extracting: D:\Programs\7-Zip\Lang\ro.txt (7.4 KB)
Extracting: D:\Programs\7-Zip\Lang\ru.txt (15 KB)
Extracting: D:\Programs\7-Zip\Lang\sa.txt (18.8 KB)
Extracting: D:\Programs\7-Zip\Lang\si.txt (18.8 KB)
Extracting: D:\Programs\7-Zip\Lang\sk.txt (9.2 KB)
Extracting: D:\Programs\7-Zip\Lang\sl.txt (8.7 KB)
Extracting: D:\Programs\7-Zip\Lang\sq.txt (5.8 KB)
Extracting: D:\Programs\7-Zip\Lang\sr-spc.txt (11.7 KB)
Extracting: D:\Programs\7-Zip\Lang\sr-spl.txt (7 KB)
Extracting: D:\Programs\7-Zip\Lang\sv.txt (9 KB)
Extracting: D:\Programs\7-Zip\Lang\sw.txt (8.3 KB)
Extracting: D:\Programs\7-Zip\Lang\ta.txt (12.2 KB)
Extracting: D:\Programs\7-Zip\Lang\tg.txt (14.8 KB)
Extracting: D:\Programs\7-Zip\Lang\th.txt (15.5 KB)
Extracting: D:\Programs\7-Zip\Lang\tk.txt (9 KB)
Extracting: D:\Programs\7-Zip\Lang\tr.txt (9.6 KB)
Extracting: D:\Programs\7-Zip\Lang\tt.txt (13.9 KB)
Extracting: D:\Programs\7-Zip\Lang\ug.txt (11.1 KB)
Extracting: D:\Programs\7-Zip\Lang\uk.txt (15.4 KB)
Extracting: D:\Programs\7-Zip\Lang\uz-cyrl.txt (14.8 KB)
Extracting: D:\Programs\7-Zip\Lang\uz.txt (9.2 KB)
Extracting: D:\Programs\7-Zip\Lang\va.txt (6.3 KB)
Extracting: D:\Programs\7-Zip\Lang\vi.txt (8.3 KB)
Extracting: D:\Programs\7-Zip\Lang\yo.txt (10.7 KB)
Extracting: D:\Programs\7-Zip\Lang\zh-cn.txt (8.1 KB)
Extracting: D:\Programs\7-Zip\Lang\zh-tw.txt (8.2 KB)
Extracting: D:\Programs\7-Zip\License.txt (3.9 KB)
Extracting: D:\Programs\AOMEI Backupper\2Gpt_BCD (256 KB)
Extracting: D:\Programs\AOMEI Backupper\2Mbr_BCD (28 KB)
Extracting: D:\Programs\AOMEI Backupper\Amnet.dll (142 KB)
Extracting: D:\Programs\AOMEI Backupper\Aomei_libcurl.dll (644.5 KB)
Extracting: D:\Programs\AOMEI Backupper\Backup.dll (166.5 KB)
Extracting: D:\Programs\AOMEI Backupper\BackupRecovery.ini (74 bytes)
Extracting: D:\Programs\AOMEI Backupper\Backupper.exe (19.6 MB)
Extracting: D:\Programs\AOMEI Backupper\BrFat.dll (320.5 KB)
Extracting: D:\Programs\AOMEI Backupper\BrLog.dll (110.5 KB)
Extracting: D:\Programs\AOMEI Backupper\BrNtfs.dll (971.7 KB)
Extracting: D:\Programs\AOMEI Backupper\BrVol.dll (135.5 KB)
Extracting: D:\Programs\AOMEI Backupper\Clone.dll (542.0 KB)
Extracting: D:\Programs\AOMEI Backupper\Comn.dll (342.0 KB)
Extracting: D:\Programs\AOMEI Backupper\Compress.dll (82.7 KB)
Extracting: D:\Programs\AOMEI Backupper\Dev.dat (15.1 MB)
Extracting: D:\Programs\AOMEI Backupper\Device.dll (73.7 KB)
Extracting: D:\Programs\AOMEI Backupper\DeviceMgr.dll (196.0 KB)
Extracting: D:\Programs\AOMEI Backupper\DiskMgr.dll (348.5 KB)
Extracting: D:\Programs\AOMEI Backupper\Encrypt.dll (44.7 KB)
Extracting: D:\Programs\AOMEI Backupper\EnumFolder.dll (802.5 KB)
Extracting: D:\Programs\AOMEI Backupper\EraseDisk.exe (4.8 MB)
Extracting: D:\Programs\AOMEI Backupper\ExFatStd.dll (31.5 KB)
Extracting: D:\Programs\AOMEI Backupper\FileDialog.dll (28.0 KB)
Extracting: D:\Programs\AOMEI Backupper\FlBackup.dll (280.5 KB)
Extracting: D:\Programs\AOMEI Backupper\FuncLogic.dll (185.0 KB)
Extracting: D:\Programs\AOMEI Backupper\FuncMailBR.dll (1.3 MB)
Extracting: D:\Programs\AOMEI Backupper\FuncOutlook.dll (175.0 KB)
Extracting: D:\Programs\AOMEI Backupper\GoogleAnalyInter.dll (75.0 KB)
Extracting: D:\Programs\AOMEI Backupper\GptBcd.dll (107.5 KB)
Extracting: D:\Programs\AOMEI Backupper\ImgFile.dll (475.5 KB)
Extracting: D:\Programs\AOMEI Backupper\Ldm.dll (93.7 KB)
Extracting: D:\Programs\AOMEI Backupper\MailAuth2Mgr.dll (118.0 KB)
Extracting: D:\Programs\AOMEI Backupper\MailClient.dll (1.1 MB)
Extracting: D:\Programs\AOMEI Backupper\Microsoft.VC80.CRT.manifest (1.8 KB)
Extracting: D:\Programs\AOMEI Backupper\Microsoft.VC80.MFC.manifest (2.3 KB)
Extracting: D:\Programs\AOMEI Backupper\Microsoft.VC80.OpenMP.manifest (470 bytes)
Extracting: D:\Programs\AOMEI Backupper\Microsoft.VC90.CRT.manifest (526 bytes)
Extracting: D:\Programs\AOMEI Backupper\NTHelp.dll (63 KB)
Extracting: D:\Programs\AOMEI Backupper\OBCorex64.exe (103.0 KB)
Extracting: D:\Programs\AOMEI Backupper\PeLoadDrv.exe (118.0 KB)
Extracting: D:\Programs\AOMEI Backupper\QtCore4.dll (2.8 MB)
Extracting: D:\Programs\AOMEI Backupper\QtGui4.dll (10.1 MB)
Extracting: D:\Programs\AOMEI Backupper\QtNetwork4.dll (1.2 MB)
Extracting: D:\Programs\AOMEI Backupper\QtWebKit4.dll (14 MB)
Extracting: D:\Programs\AOMEI Backupper\QtXml4.dll (447.7 KB)
Extracting: D:\Programs\AOMEI Backupper\Sync.dll (1.3 MB)
Extracting: D:\Programs\AOMEI Backupper\UiLogic.dll (2.5 MB)
Extracting: D:\Programs\AOMEI Backupper\UsbDetect.dll (92.0 KB)
Extracting: D:\Programs\AOMEI Backupper\Version.ini (30 bytes)
Extracting: D:\Programs\AOMEI Backupper\ammcauth.dll (1.1 MB)
Extracting: D:\Programs\AOMEI Backupper\awsSns.dll (83.5 KB)
Extracting: D:\Programs\AOMEI Backupper\cfg.ini (36 bytes)
Extracting: D:\Programs\AOMEI Backupper\lang\ar.txt (454.9 KB)
Extracting: D:\Programs\AOMEI Backupper\lang\de.txt (540.2 KB)
Extracting: D:\Programs\AOMEI Backupper\lang\en.txt (472.7 KB)
Extracting: D:\Programs\AOMEI Backupper\lang\es.txt (535.9 KB)
Extracting: D:\Programs\AOMEI Backupper\lang\fr.txt (535.6 KB)
Extracting: D:\Programs\AOMEI Backupper\lang\hu.txt (513.5 KB)
Extracting: D:\Programs\AOMEI Backupper\lang\it.txt (521.1 KB)
Extracting: D:\Programs\AOMEI Backupper\lang\jp.txt (309.2 KB)
Extracting: D:\Programs\AOMEI Backupper\lang\nl-be.txt (461.6 KB)
Extracting: D:\Programs\AOMEI Backupper\lang\nl.txt (477.8 KB)
Extracting: D:\Programs\AOMEI Backupper\lang\pl.txt (494.4 KB)
Extracting: D:\Programs\AOMEI Backupper\lang\pt.txt (491.3 KB)
Extracting: D:\Programs\AOMEI Backupper\lang\ru.txt (482.6 KB)
Extracting: D:\Programs\AOMEI Backupper\lang\tr.txt (464.1 KB)
Extracting: D:\Programs\AOMEI Backupper\lang\zh-CN.txt (238.7 KB)
Extracting: D:\Programs\AOMEI Backupper\lang\zh-TW.txt (248.2 KB)
Extracting: D:\Programs\AOMEI Backupper\lib7zg.dll (579.5 KB)
Extracting: D:\Programs\AOMEI Backupper\libamcbconsole.dll (1.5 MB)
Extracting: D:\Programs\AOMEI Backupper\libamcbdb.dll (1.1 MB)
Extracting: D:\Programs\AOMEI Backupper\libamct.dll (2 MB)
Extracting: D:\Programs\AOMEI Backupper\libcrypto-1_1-x64.dll (2.7 MB)
Extracting: D:\Programs\AOMEI Backupper\libcurl.dll (535.5 KB)
Extracting: D:\Programs\AOMEI Backupper\libeay32.dll (1.4 MB)
Extracting: D:\Programs\AOMEI Backupper\libssl-1_1-x64.dll (683.9 KB)
Extracting: D:\Programs\AOMEI Backupper\log4cplusU.dll (503.5 KB)
Extracting: D:\Programs\AOMEI Backupper\mfc80.dll (1.6 MB)
Extracting: D:\Programs\AOMEI Backupper\mfc80u.dll (1.6 MB)
Extracting: D:\Programs\AOMEI Backupper\mfcm80.dll (64 KB)
Extracting: D:\Programs\AOMEI Backupper\mfcm80u.dll (62.5 KB)
Extracting: D:\Programs\AOMEI Backupper\msvcm80.dll (504 KB)
Extracting: D:\Programs\AOMEI Backupper\msvcm90.dll (239.5 KB)
Extracting: D:\Programs\AOMEI Backupper\msvcp80.dll (1 MB)
Extracting: D:\Programs\AOMEI Backupper\msvcp90.dll (831.5 KB)
Extracting: D:\Programs\AOMEI Backupper\msvcr80.dll (778 KB)
Extracting: D:\Programs\AOMEI Backupper\msvcr90.dll (612.5 KB)
Extracting: D:\Programs\AOMEI Backupper\outlook.dll (145.0 KB)
Extracting: D:\Programs\AOMEI Backupper\phonon4.dll (348.7 KB)
Extracting: D:\Programs\AOMEI Backupper\sqlite3.dll (1.1 MB)
Extracting: D:\Programs\AOMEI Backupper\ssleay32.dll (259.2 KB)
Extracting: D:\Programs\AOMEI Backupper\vcomp.dll (88.7 KB)
Extracting: D:\Programs\AOMEI Partition Assistant\2Gpt_BCD (256 KB)
Extracting: D:\Programs\AOMEI Partition Assistant\2Mbr_BCD (28 KB)
Extracting: D:\Programs\AOMEI Partition Assistant\7z.dll (1.4 MB)
Extracting: D:\Programs\AOMEI Partition Assistant\7z.exe (293.9 KB)
Extracting: D:\Programs\AOMEI Partition Assistant\AMBooter.exe (105.7 KB)
Extracting: D:\Programs\AOMEI Partition Assistant\Defrag.exe (5.3 MB)
Extracting: D:\Programs\AOMEI Partition Assistant\DiskInfo.dll (515.1 KB)
Extracting: D:\Programs\AOMEI Partition Assistant\Encrypt.dll (48.0 KB)
Extracting: D:\Programs\AOMEI Partition Assistant\ExFAT.dll (167 KB)
Extracting: D:\Programs\AOMEI Partition Assistant\GptBcd.dll (84 KB)
Extracting: D:\Programs\AOMEI Partition Assistant\LoadDrv_x64.exe (81.2 KB)
Extracting: D:\Programs\AOMEI Partition Assistant\Microsoft.VC80.CRT.manifest (1.8 KB)
Extracting: D:\Programs\AOMEI Partition Assistant\Microsoft.VC80.MFC.manifest (2.3 KB)
Extracting: D:\Programs\AOMEI Partition Assistant\PE.dll (1.7 MB)
Extracting: D:\Programs\AOMEI Partition Assistant\PartAssist.exe (18.9 MB)
Extracting: D:\Programs\AOMEI Partition Assistant\ScanPartition.dll (1.3 MB)
Extracting: D:\Programs\AOMEI Partition Assistant\SetupGreen64.exe (28.7 KB)
Extracting: D:\Programs\AOMEI Partition Assistant\UpgradeShow.dll (455.0 KB)
Extracting: D:\Programs\AOMEI Partition Assistant\VhdMgr.dll (12 KB)
Extracting: D:\Programs\AOMEI Partition Assistant\WimMgr.dll (183.5 KB)
Extracting: D:\Programs\AOMEI Partition Assistant\WinToGo.exe (2.5 MB)
Extracting: D:\Programs\AOMEI Partition Assistant\Winchk.exe (128.5 KB)
Extracting: D:\Programs\AOMEI Partition Assistant\bcdboot.exe (171.5 KB)
Extracting: D:\Programs\AOMEI Partition Assistant\install.bat (1.8 KB)
Extracting: D:\Programs\AOMEI Partition Assistant\lang\ar.txt (322.6 KB)
Extracting: D:\Programs\AOMEI Partition Assistant\lang\ca.txt (356.7 KB)
Extracting: D:\Programs\AOMEI Partition Assistant\lang\da.txt (323.1 KB)
Extracting: D:\Programs\AOMEI Partition Assistant\lang\de.txt (405.2 KB)
Extracting: D:\Programs\AOMEI Partition Assistant\lang\el.txt (323.6 KB)
Extracting: D:\Programs\AOMEI Partition Assistant\lang\en.txt (340.1 KB)
Extracting: D:\Programs\AOMEI Partition Assistant\lang\es.txt (375.1 KB)
Extracting: D:\Programs\AOMEI Partition Assistant\lang\fr.txt (393.4 KB)
Extracting: D:\Programs\AOMEI Partition Assistant\lang\hu.txt (367.3 KB)
Extracting: D:\Programs\AOMEI Partition Assistant\lang\it.txt (380.8 KB)
Extracting: D:\Programs\AOMEI Partition Assistant\lang\ja.txt (213.1 KB)
Extracting: D:\Programs\AOMEI Partition Assistant\lang\kr.txt (249.5 KB)
Extracting: D:\Programs\AOMEI Partition Assistant\lang\nl-be.txt (354.2 KB)
Extracting: D:\Programs\AOMEI Partition Assistant\lang\nl.txt (361.6 KB)
Extracting: D:\Programs\AOMEI Partition Assistant\lang\pl.txt (356.8 KB)
Extracting: D:\Programs\AOMEI Partition Assistant\lang\pt-br.txt (361.5 KB)
Extracting: D:\Programs\AOMEI Partition Assistant\lang\ro.txt (374.3 KB)
Extracting: D:\Programs\AOMEI Partition Assistant\lang\ru.txt (348.1 KB)
Extracting: D:\Programs\AOMEI Partition Assistant\lang\sw.txt (355.1 KB)
Extracting: D:\Programs\AOMEI Partition Assistant\lang\tr.txt (351.1 KB)
Extracting: D:\Programs\AOMEI Partition Assistant\lang\vi.txt (332.6 KB)
Extracting: D:\Programs\AOMEI Partition Assistant\lang\zh-tw.txt (173.5 KB)
Extracting: D:\Programs\AOMEI Partition Assistant\lang.lang (5.7 KB)
Extracting: D:\Programs\AOMEI Partition Assistant\language.ini (1.5 KB)
Extracting: D:\Programs\AOMEI Partition Assistant\loaddrv.exe (81.2 KB)
Extracting: D:\Programs\AOMEI Partition Assistant\mfc80.dll (1.6 MB)
Extracting: D:\Programs\AOMEI Partition Assistant\mfc80u.dll (1.6 MB)
Extracting: D:\Programs\AOMEI Partition Assistant\mfcm80.dll (64 KB)
Extracting: D:\Programs\AOMEI Partition Assistant\mfcm80u.dll (62.5 KB)
Extracting: D:\Programs\AOMEI Partition Assistant\msvcm80.dll (504 KB)
Extracting: D:\Programs\AOMEI Partition Assistant\msvcp80.dll (1 MB)
Extracting: D:\Programs\AOMEI Partition Assistant\msvcr80.dll (778 KB)
Extracting: D:\Programs\AOMEI Partition Assistant\uninstall.bat (184 bytes)
Extracting: D:\Programs\AOMEI Partition Assistant\wimgapi.dll (497.4 KB)
Extracting: D:\Programs\AOMEI Partition Assistant\winpeshl.ini (79 bytes)
Extracting: D:\Programs\Aero Admin\AeroAdmin.exe (2.8 MB)
Extracting: D:\Programs\AnyDesk\AnyDesk.exe (3.9 MB)
Extracting: D:\Programs\AquaKeyTest\AquaKeyTest.exe (444.5 KB)
Extracting: D:\Programs\AttributeChanger\ac.pdf (125.4 KB)
Extracting: D:\Programs\AttributeChanger\acmain.exe (3.8 MB)
Extracting: D:\Programs\AttributeChanger\acshell.dll (528.5 KB)
Extracting: D:\Programs\AttributeChanger\acshell32.dll (415 KB)
Extracting: D:\Programs\AttributeChanger\template.ini (12.8 KB)
Extracting: D:\Programs\Bootice\BOOTICEx64.exe (450 KB)
Extracting: D:\Programs\CDBurnerXP\Bass.Net.dll (624 KB)
Extracting: D:\Programs\CDBurnerXP\CDBXP.dll (67 KB)
Extracting: D:\Programs\CDBurnerXP\Config.ini (24 bytes)
Extracting: D:\Programs\CDBurnerXP\CsLib.dll (1.2 MB)
Extracting: D:\Programs\CDBurnerXP\Interop.RocketDivision.StarBurnX.dll (132 KB)
Extracting: D:\Programs\CDBurnerXP\Jumplist.Audio.ico (1.1 KB)
Extracting: D:\Programs\CDBurnerXP\Jumplist.Copy.ico (1.1 KB)
Extracting: D:\Programs\CDBurnerXP\Jumplist.Data.ico (1.1 KB)
Extracting: D:\Programs\CDBurnerXP\Jumplist.Erase.ico (1.1 KB)
Extracting: D:\Programs\CDBurnerXP\Jumplist.Video.ico (1.1 KB)
Extracting: D:\Programs\CDBurnerXP\License.rtf (45.3 KB)
Extracting: D:\Programs\CDBurnerXP\LogicNP.FileView.dll (432.5 KB)
Extracting: D:\Programs\CDBurnerXP\LogicNP.FolderView.dll (329.5 KB)
Extracting: D:\Programs\CDBurnerXP\LogicNP.ShComboBox.dll (133.5 KB)
Extracting: D:\Programs\CDBurnerXP\Native.CDBXP.manifest (1.3 KB)
Extracting: D:\Programs\CDBurnerXP\Native.CsLib.manifest (16.2 KB)
Extracting: D:\Programs\CDBurnerXP\Newtonsoft.Json.dll (479.5 KB)
Extracting: D:\Programs\CDBurnerXP\Resources\audio_cover.jpg (55.6 KB)
Extracting: D:\Programs\CDBurnerXP\Resources\data_cover.jpg (53.4 KB)
Extracting: D:\Programs\CDBurnerXP\StarBurn.dll (3.5 MB)
Extracting: D:\Programs\CDBurnerXP\StarBurnX15.dll (3.5 MB)
Extracting: D:\Programs\CDBurnerXP\audio.ico (22.3 KB)
Extracting: D:\Programs\CDBurnerXP\bass.dll (214 KB)
Extracting: D:\Programs\CDBurnerXP\bass_alac.dll (9.2 KB)
Extracting: D:\Programs\CDBurnerXP\bass_ape.dll (79.5 KB)
Extracting: D:\Programs\CDBurnerXP\bass_mpc.dll (44 KB)
Extracting: D:\Programs\CDBurnerXP\basscd.dll (34.5 KB)
Extracting: D:\Programs\CDBurnerXP\bassflac.dll (47 KB)
Extracting: D:\Programs\CDBurnerXP\bassmix.dll (32.5 KB)
Extracting: D:\Programs\CDBurnerXP\bassopus.dll (101 KB)
Extracting: D:\Programs\CDBurnerXP\basswma.dll (34 KB)
Extracting: D:\Programs\CDBurnerXP\basswv.dll (58.5 KB)
Extracting: D:\Programs\CDBurnerXP\cdbxpcmd.exe (24.1 KB)
Extracting: D:\Programs\CDBurnerXP\cdbxpcmd.exe.config (301 bytes)
Extracting: D:\Programs\CDBurnerXP\cdbxpcmd.exe.manifest (1.3 KB)
Extracting: D:\Programs\CDBurnerXP\cdbxpp.exe (1.7 MB)
Extracting: D:\Programs\CDBurnerXP\cdbxpp.exe.config (1.4 KB)
Extracting: D:\Programs\CDBurnerXP\cdbxpp.exe.manifest (3.8 KB)
Extracting: D:\Programs\CDBurnerXP\data.ico (22.3 KB)
Extracting: D:\Programs\CDBurnerXP\iso.ico (24.6 KB)
Extracting: D:\Programs\CDBurnerXP\sptdintf.dll (57.3 KB)
Extracting: D:\Programs\CDBurnerXP\taglib-sharp.dll (412 KB)
Extracting: D:\Programs\CDBurnerXP\updater.exe (20.1 KB)
Extracting: D:\Programs\CDBurnerXP\updater.exe.config (297 bytes)
Extracting: D:\Programs\CPU-Z\cpuz.ini (610 bytes)
Extracting: D:\Programs\CPU-Z\cpuz_x64.exe (4.6 MB)
Extracting: D:\Programs\Change Keyboard Layout\ChangeKeyboardLayout.cmd (16.7 KB)
Extracting: D:\Programs\ChkDskGUI\chkdsk.exe (322.2 KB)
Extracting: D:\Programs\Crystal Disk Info\CdiResource\AlertMail.exe (81.3 KB)
Extracting: D:\Programs\Crystal Disk Info\CdiResource\AlertMail4.exe (81.3 KB)
Extracting: D:\Programs\Crystal Disk Info\CdiResource\AlertMail48.exe (76 KB)
Extracting: D:\Programs\Crystal Disk Info\CdiResource\MailKit.dll (837.5 KB)
Extracting: D:\Programs\Crystal Disk Info\CdiResource\MimeKit.dll (1.1 MB)
Extracting: D:\Programs\Crystal Disk Info\CdiResource\System.Buffers.dll (20.4 KB)
Extracting: D:\Programs\Crystal Disk Info\CdiResource\dialog\Graph.css (2.4 KB)
Extracting: D:\Programs\Crystal Disk Info\CdiResource\dialog\Graph.html (8.8 KB)
Extracting: D:\Programs\Crystal Disk Info\CdiResource\dialog\Graph8.html (8.8 KB)
Extracting: D:\Programs\Crystal Disk Info\CdiResource\dialog\Option.html (17.8 KB)
Extracting: D:\Programs\Crystal Disk Info\CdiResource\dialog\flot\excanvas.min.js (10.6 KB)
Extracting: D:\Programs\Crystal Disk Info\CdiResource\dialog\flot\jquery.flot.min.js (43.3 KB)
Extracting: D:\Programs\Crystal Disk Info\CdiResource\dialog\flot\jquery.min.js (54.5 KB)
Extracting: D:\Programs\Crystal Disk Info\CdiResource\dialog\image\GraphAllOff.png (254 bytes)
Extracting: D:\Programs\Crystal Disk Info\CdiResource\dialog\image\GraphAllOn.png (306 bytes)
Extracting: D:\Programs\Crystal Disk Info\CdiResource\dialog\image\GraphReset.png (314 bytes)
Extracting: D:\Programs\Crystal Disk Info\CdiResource\dialog\image\background.png (119 bytes)
Extracting: D:\Programs\Crystal Disk Info\CdiResource\dialog\image\blank.png (1 KB)
Extracting: D:\Programs\Crystal Disk Info\CdiResource\dialog\image\buttonDisable.png (550 bytes)
Extracting: D:\Programs\Crystal Disk Info\CdiResource\dialog\image\buttonEnable.png (571 bytes)
Extracting: D:\Programs\Crystal Disk Info\CdiResource\dialog\image\buttonHover.png (583 bytes)
Extracting: D:\Programs\Crystal Disk Info\CdiResource\dialog\image\file.png (479 bytes)
Extracting: D:\Programs\Crystal Disk Info\CdiResource\dialog\image\graphMenuBar.png (147 bytes)
Extracting: D:\Programs\Crystal Disk Info\CdiResource\dialog\image\labelDisable.png (451 bytes)
Extracting: D:\Programs\Crystal Disk Info\CdiResource\dialog\image\labelEnable.png (492 bytes)
Extracting: D:\Programs\Crystal Disk Info\CdiResource\dialog\image\labelUnsupported.png (402 bytes)
Extracting: D:\Programs\Crystal Disk Info\CdiResource\dialog\image\nofile.png (490 bytes)
Extracting: D:\Programs\Crystal Disk Info\CdiResource\dll\AMD_RC2t7x64.dll (194.4 KB)
Extracting: D:\Programs\Crystal Disk Info\CdiResource\dll\AMD_RC2t7x86.dll (153.9 KB)
Extracting: D:\Programs\Crystal Disk Info\CdiResource\dll\JMB39x64.dll (216.5 KB)
Extracting: D:\Programs\Crystal Disk Info\CdiResource\dll\JMB39x86.dll (192 KB)
Extracting: D:\Programs\Crystal Disk Info\CdiResource\dll\JMB39xA64.dll (210.1 KB)
Extracting: D:\Programs\Crystal Disk Info\CdiResource\dll\JMS56x64.dll (216.5 KB)
Extracting: D:\Programs\Crystal Disk Info\CdiResource\dll\JMS56x86.dll (192 KB)
Extracting: D:\Programs\Crystal Disk Info\CdiResource\dll\JMS56xA64.dll (207.1 KB)
Extracting: D:\Programs\Crystal Disk Info\CdiResource\language\Abkhazian.lang (89.8 KB)
Extracting: D:\Programs\Crystal Disk Info\CdiResource\language\Arabic.lang (78.6 KB)
Extracting: D:\Programs\Crystal Disk Info\CdiResource\language\Armenian.lang (81 KB)
Extracting: D:\Programs\Crystal Disk Info\CdiResource\language\Azeri.lang (78.1 KB)
Extracting: D:\Programs\Crystal Disk Info\CdiResource\language\Bulgarian.lang (82.1 KB)
Extracting: D:\Programs\Crystal Disk Info\CdiResource\language\Catalan.lang (97.1 KB)
Extracting: D:\Programs\Crystal Disk Info\CdiResource\language\Czech.lang (84.3 KB)
Extracting: D:\Programs\Crystal Disk Info\CdiResource\language\Danish.lang (81.4 KB)
Extracting: D:\Programs\Crystal Disk Info\CdiResource\language\Dutch.lang (79.3 KB)
Extracting: D:\Programs\Crystal Disk Info\CdiResource\language\English.lang (81.7 KB)
Extracting: D:\Programs\Crystal Disk Info\CdiResource\language\Filipino.lang (79.9 KB)
Extracting: D:\Programs\Crystal Disk Info\CdiResource\language\Finnish.lang (84.3 KB)
Extracting: D:\Programs\Crystal Disk Info\CdiResource\language\French.lang (94.5 KB)
Extracting: D:\Programs\Crystal Disk Info\CdiResource\language\Galician.lang (92.9 KB)
Extracting: D:\Programs\Crystal Disk Info\CdiResource\language\German.lang (81.4 KB)
Extracting: D:\Programs\Crystal Disk Info\CdiResource\language\Greek.lang (79.7 KB)
Extracting: D:\Programs\Crystal Disk Info\CdiResource\language\Hungarian.lang (85.1 KB)
Extracting: D:\Programs\Crystal Disk Info\CdiResource\language\Italian.lang (84.9 KB)
Extracting: D:\Programs\Crystal Disk Info\CdiResource\language\Japanese.lang (51.3 KB)
Extracting: D:\Programs\Crystal Disk Info\CdiResource\language\Korean.lang (53.2 KB)
Extracting: D:\Programs\Crystal Disk Info\CdiResource\language\Lithuanian.lang (78.5 KB)
Extracting: D:\Programs\Crystal Disk Info\CdiResource\language\Norwegian.lang (77.6 KB)
Extracting: D:\Programs\Crystal Disk Info\CdiResource\language\Polish.lang (84.9 KB)
Extracting: D:\Programs\Crystal Disk Info\CdiResource\language\Portuguese.lang (78.1 KB)
Extracting: D:\Programs\Crystal Disk Info\CdiResource\language\Romanian.lang (80.2 KB)
Extracting: D:\Programs\Crystal Disk Info\CdiResource\language\Russian.lang (83.8 KB)
Extracting: D:\Programs\Crystal Disk Info\CdiResource\language\Serbian.lang (78.0 KB)
Extracting: D:\Programs\Crystal Disk Info\CdiResource\language\Simplified Chinese.lang (48 KB)
Extracting: D:\Programs\Crystal Disk Info\CdiResource\language\Slovak.lang (98.3 KB)
Extracting: D:\Programs\Crystal Disk Info\CdiResource\language\Slovenian.lang (93.4 KB)
Extracting: D:\Programs\Crystal Disk Info\CdiResource\language\Spanish.lang (104.4 KB)
Extracting: D:\Programs\Crystal Disk Info\CdiResource\language\Swedish.lang (78 KB)
Extracting: D:\Programs\Crystal Disk Info\CdiResource\language\Thai.lang (81.4 KB)
Extracting: D:\Programs\Crystal Disk Info\CdiResource\language\Traditional Chinese.lang (47.6 KB)
Extracting: D:\Programs\Crystal Disk Info\CdiResource\language\Turkish.lang (89.1 KB)
Extracting: D:\Programs\Crystal Disk Info\CdiResource\language\Ukrainian.lang (78.5 KB)
Extracting: D:\Programs\Crystal Disk Info\CdiResource\language\Vietnamese.lang (78.2 KB)
Extracting: D:\Programs\Crystal Disk Info\CdiResource\opus\COPYING.txt (19.4 KB)
Extracting: D:\Programs\Crystal Disk Info\CdiResource\opus\README.txt (1.2 KB)
Extracting: D:\Programs\Crystal Disk Info\CdiResource\opus\opusdec.exe (174.5 KB)
Extracting: D:\Programs\Crystal Disk Info\CdiResource\themes\Dark\Background-300.png (29.6 KB)
Extracting: D:\Programs\Crystal Disk Info\CdiResource\themes\Dark\diskBad-100.png (1.5 KB)
Extracting: D:\Programs\Crystal Disk Info\CdiResource\themes\Dark\diskBad-125.png (2 KB)
Extracting: D:\Programs\Crystal Disk Info\CdiResource\themes\Dark\diskBad-150.png (6.1 KB)
Extracting: D:\Programs\Crystal Disk Info\CdiResource\themes\Dark\diskBad-200.png (9.1 KB)
Extracting: D:\Programs\Crystal Disk Info\CdiResource\themes\Dark\diskBad-250.png (11.7 KB)
Extracting: D:\Programs\Crystal Disk Info\CdiResource\themes\Dark\diskBad-300.png (14.8 KB)
Extracting: D:\Programs\Crystal Disk Info\CdiResource\themes\Dark\diskBadMini-100.png (1 KB)
Extracting: D:\Programs\Crystal Disk Info\CdiResource\themes\Dark\diskBadMini-125.png (1.4 KB)
Extracting: D:\Programs\Crystal Disk Info\CdiResource\themes\Dark\diskBadMini-150.png (1.7 KB)
Extracting: D:\Programs\Crystal Disk Info\CdiResource\themes\Dark\diskBadMini-200.png (2.5 KB)
Extracting: D:\Programs\Crystal Disk Info\CdiResource\themes\Dark\diskBadMini-250.png (8.7 KB)
Extracting: D:\Programs\Crystal Disk Info\CdiResource\themes\Dark\diskBadMini-300.png (11.3 KB)
Extracting: D:\Programs\Crystal Disk Info\CdiResource\themes\Dark\diskCaution-100.png (1.5 KB)
Extracting: D:\Programs\Crystal Disk Info\CdiResource\themes\Dark\diskCaution-125.png (2 KB)
Extracting: D:\Programs\Crystal Disk Info\CdiResource\themes\Dark\diskCaution-150.png (5.9 KB)
Extracting: D:\Programs\Crystal Disk Info\CdiResource\themes\Dark\diskCaution-200.png (8.8 KB)
Extracting: D:\Programs\Crystal Disk Info\CdiResource\themes\Dark\diskCaution-250.png (11.2 KB)
Extracting: D:\Programs\Crystal Disk Info\CdiResource\themes\Dark\diskCaution-300.png (14.8 KB)
Extracting: D:\Programs\Crystal Disk Info\CdiResource\themes\Dark\diskCautionMini-100.png (1 KB)
Extracting: D:\Programs\Crystal Disk Info\CdiResource\themes\Dark\diskCautionMini-125.png (1.4 KB)
Extracting: D:\Programs\Crystal Disk Info\CdiResource\themes\Dark\diskCautionMini-150.png (1.8 KB)
Extracting: D:\Programs\Crystal Disk Info\CdiResource\themes\Dark\diskCautionMini-200.png (2.5 KB)
Extracting: D:\Programs\Crystal Disk Info\CdiResource\themes\Dark\diskCautionMini-250.png (8.7 KB)
Extracting: D:\Programs\Crystal Disk Info\CdiResource\themes\Dark\diskCautionMini-300.png (11.2 KB)
Extracting: D:\Programs\Crystal Disk Info\CdiResource\themes\Dark\diskGood-100.png (1.6 KB)
Extracting: D:\Programs\Crystal Disk Info\CdiResource\themes\Dark\diskGood-125.png (2.1 KB)
Extracting: D:\Programs\Crystal Disk Info\CdiResource\themes\Dark\diskGood-150.png (6.1 KB)
Extracting: D:\Programs\Crystal Disk Info\CdiResource\themes\Dark\diskGood-200.png (9.1 KB)
Extracting: D:\Programs\Crystal Disk Info\CdiResource\themes\Dark\diskGood-250.png (11.7 KB)
Extracting: D:\Programs\Crystal Disk Info\CdiResource\themes\Dark\diskGood-300.png (15.8 KB)
Extracting: D:\Programs\Crystal Disk Info\CdiResource\themes\Dark\diskGoodGreen-100.png (1.5 KB)
Extracting: D:\Programs\Crystal Disk Info\CdiResource\themes\Dark\diskGoodGreen-125.png (2.0 KB)
Extracting: D:\Programs\Crystal Disk Info\CdiResource\themes\Dark\diskGoodGreen-150.png (5.7 KB)
Extracting: D:\Programs\Crystal Disk Info\CdiResource\themes\Dark\diskGoodGreen-200.png (8.6 KB)
Extracting: D:\Programs\Crystal Disk Info\CdiResource\themes\Dark\diskGoodGreen-250.png (10.9 KB)
Extracting: D:\Programs\Crystal Disk Info\CdiResource\themes\Dark\diskGoodGreen-300.png (14.1 KB)
Extracting: D:\Programs\Crystal Disk Info\CdiResource\themes\Dark\diskGoodGreenMini-100.png (1 KB)
Extracting: D:\Programs\Crystal Disk Info\CdiResource\themes\Dark\diskGoodGreenMini-125.png (1.4 KB)
Extracting: D:\Programs\Crystal Disk Info\CdiResource\themes\Dark\diskGoodGreenMini-150.png (1.7 KB)
Extracting: D:\Programs\Crystal Disk Info\CdiResource\themes\Dark\diskGoodGreenMini-200.png (2.5 KB)
Extracting: D:\Programs\Crystal Disk Info\CdiResource\themes\Dark\diskGoodGreenMini-250.png (8.3 KB)
Extracting: D:\Programs\Crystal Disk Info\CdiResource\themes\Dark\diskGoodGreenMini-300.png (10.9 KB)
Extracting: D:\Programs\Crystal Disk Info\CdiResource\themes\Dark\diskGoodMini-100.png (1 KB)
Extracting: D:\Programs\Crystal Disk Info\CdiResource\themes\Dark\diskGoodMini-125.png (1.4 KB)
Extracting: D:\Programs\Crystal Disk Info\CdiResource\themes\Dark\diskGoodMini-150.png (1.8 KB)
Extracting: D:\Programs\Crystal Disk Info\CdiResource\themes\Dark\diskGoodMini-200.png (2.7 KB)
Extracting: D:\Programs\Crystal Disk Info\CdiResource\themes\Dark\diskGoodMini-250.png (9.5 KB)
Extracting: D:\Programs\Crystal Disk Info\CdiResource\themes\Dark\diskGoodMini-300.png (12.8 KB)
Extracting: D:\Programs\Crystal Disk Info\CdiResource\themes\Dark\diskUnknown-100.png (1.4 KB)
Extracting: D:\Programs\Crystal Disk Info\CdiResource\themes\Dark\diskUnknown-125.png (1.8 KB)
Extracting: D:\Programs\Crystal Disk Info\CdiResource\themes\Dark\diskUnknown-150.png (4.8 KB)
Extracting: D:\Programs\Crystal Disk Info\CdiResource\themes\Dark\diskUnknown-200.png (7.1 KB)
Extracting: D:\Programs\Crystal Disk Info\CdiResource\themes\Dark\diskUnknown-250.png (9.1 KB)
Extracting: D:\Programs\Crystal Disk Info\CdiResource\themes\Dark\diskUnknown-300.png (11.4 KB)
Extracting: D:\Programs\Crystal Disk Info\CdiResource\themes\Dark\diskUnknownMini-100.png (923 bytes)
Extracting: D:\Programs\Crystal Disk Info\CdiResource\themes\Dark\diskUnknownMini-125.png (1.2 KB)
Extracting: D:\Programs\Crystal Disk Info\CdiResource\themes\Dark\diskUnknownMini-150.png (1.4 KB)
Extracting: D:\Programs\Crystal Disk Info\CdiResource\themes\Dark\diskUnknownMini-200.png (2.0 KB)
Extracting: D:\Programs\Crystal Disk Info\CdiResource\themes\Dark\diskUnknownMini-250.png (2.4 KB)
Extracting: D:\Programs\Crystal Disk Info\CdiResource\themes\Dark\diskUnknownMini-300.png (9.0 KB)
Extracting: D:\Programs\Crystal Disk Info\CdiResource\themes\Dark\noDisk-100.png (337 bytes)
Extracting: D:\Programs\Crystal Disk Info\CdiResource\themes\Dark\noDisk-125.png (394 bytes)
Extracting: D:\Programs\Crystal Disk Info\CdiResource\themes\Dark\noDisk-150.png (416 bytes)
Extracting: D:\Programs\Crystal Disk Info\CdiResource\themes\Dark\noDisk-200.png (534 bytes)
Extracting: D:\Programs\Crystal Disk Info\CdiResource\themes\Dark\noDisk-250.png (650 bytes)
Extracting: D:\Programs\Crystal Disk Info\CdiResource\themes\Dark\noDisk-300.png (731 bytes)
Extracting: D:\Programs\Crystal Disk Info\CdiResource\themes\Dark\noDiskMini-100.png (265 bytes)
Extracting: D:\Programs\Crystal Disk Info\CdiResource\themes\Dark\noDiskMini-125.png (300 bytes)
Extracting: D:\Programs\Crystal Disk Info\CdiResource\themes\Dark\noDiskMini-150.png (308 bytes)
Extracting: D:\Programs\Crystal Disk Info\CdiResource\themes\Dark\noDiskMini-200.png (372 bytes)
Extracting: D:\Programs\Crystal Disk Info\CdiResource\themes\Dark\noDiskMini-250.png (406 bytes)
Extracting: D:\Programs\Crystal Disk Info\CdiResource\themes\Dark\noDiskMini-300.png (449 bytes)
Extracting: D:\Programs\Crystal Disk Info\CdiResource\themes\Dark\theme.ini (280 bytes)
Extracting: D:\Programs\Crystal Disk Info\CdiResource\themes\Default\Background-300.png (29.6 KB)
Extracting: D:\Programs\Crystal Disk Info\CdiResource\themes\Default\diskBad-100.png (1.2 KB)
Extracting: D:\Programs\Crystal Disk Info\CdiResource\themes\Default\diskBad-125.png (1.8 KB)
Extracting: D:\Programs\Crystal Disk Info\CdiResource\themes\Default\diskBad-150.png (2.3 KB)
Extracting: D:\Programs\Crystal Disk Info\CdiResource\themes\Default\diskBad-200.png (8.3 KB)
Extracting: D:\Programs\Crystal Disk Info\CdiResource\themes\Default\diskBad-250.png (8.7 KB)
Extracting: D:\Programs\Crystal Disk Info\CdiResource\themes\Default\diskBad-300.png (14.7 KB)
Extracting: D:\Programs\Crystal Disk Info\CdiResource\themes\Default\diskBadMini-100.png (981 bytes)
Extracting: D:\Programs\Crystal Disk Info\CdiResource\themes\Default\diskBadMini-125.png (1.3 KB)
Extracting: D:\Programs\Crystal Disk Info\CdiResource\themes\Default\diskBadMini-150.png (1.6 KB)
Extracting: D:\Programs\Crystal Disk Info\CdiResource\themes\Default\diskBadMini-200.png (2.3 KB)
Extracting: D:\Programs\Crystal Disk Info\CdiResource\themes\Default\diskBadMini-250.png (8 KB)
Extracting: D:\Programs\Crystal Disk Info\CdiResource\themes\Default\diskBadMini-300.png (10.4 KB)
Extracting: D:\Programs\Crystal Disk Info\CdiResource\themes\Default\diskCaution-100.png (1.1 KB)
Extracting: D:\Programs\Crystal Disk Info\CdiResource\themes\Default\diskCaution-125.png (1.7 KB)
Extracting: D:\Programs\Crystal Disk Info\CdiResource\themes\Default\diskCaution-150.png (2.3 KB)
Extracting: D:\Programs\Crystal Disk Info\CdiResource\themes\Default\diskCaution-200.png (8 KB)
Extracting: D:\Programs\Crystal Disk Info\CdiResource\themes\Default\diskCaution-250.png (8.4 KB)
Extracting: D:\Programs\Crystal Disk Info\CdiResource\themes\Default\diskCaution-300.png (14.3 KB)
Extracting: D:\Programs\Crystal Disk Info\CdiResource\themes\Default\diskCautionMini-100.png (981 bytes)
Extracting: D:\Programs\Crystal Disk Info\CdiResource\themes\Default\diskCautionMini-125.png (1.3 KB)
Extracting: D:\Programs\Crystal Disk Info\CdiResource\themes\Default\diskCautionMini-150.png (1.5 KB)
Extracting: D:\Programs\Crystal Disk Info\CdiResource\themes\Default\diskCautionMini-200.png (2.3 KB)
Extracting: D:\Programs\Crystal Disk Info\CdiResource\themes\Default\diskCautionMini-250.png (7.7 KB)
Extracting: D:\Programs\Crystal Disk Info\CdiResource\themes\Default\diskCautionMini-300.png (10.1 KB)
Extracting: D:\Programs\Crystal Disk Info\CdiResource\themes\Default\diskGood-100.png (1.2 KB)
Extracting: D:\Programs\Crystal Disk Info\CdiResource\themes\Default\diskGood-125.png (1.7 KB)
Extracting: D:\Programs\Crystal Disk Info\CdiResource\themes\Default\diskGood-150.png (2.3 KB)
Extracting: D:\Programs\Crystal Disk Info\CdiResource\themes\Default\diskGood-200.png (8.1 KB)
Extracting: D:\Programs\Crystal Disk Info\CdiResource\themes\Default\diskGood-250.png (8.7 KB)
Extracting: D:\Programs\Crystal Disk Info\CdiResource\themes\Default\diskGood-300.png (14.3 KB)
Extracting: D:\Programs\Crystal Disk Info\CdiResource\themes\Default\diskGoodGreen-100.png (1.2 KB)
Extracting: D:\Programs\Crystal Disk Info\CdiResource\themes\Default\diskGoodGreen-125.png (1.7 KB)
Extracting: D:\Programs\Crystal Disk Info\CdiResource\themes\Default\diskGoodGreen-150.png (2.3 KB)
Extracting: D:\Programs\Crystal Disk Info\CdiResource\themes\Default\diskGoodGreen-200.png (8.0 KB)
Extracting: D:\Programs\Crystal Disk Info\CdiResource\themes\Default\diskGoodGreen-250.png (8.3 KB)
Extracting: D:\Programs\Crystal Disk Info\CdiResource\themes\Default\diskGoodGreen-300.png (14.3 KB)
Extracting: D:\Programs\Crystal Disk Info\CdiResource\themes\Default\diskGoodGreenMini-100.png (981 bytes)
Extracting: D:\Programs\Crystal Disk Info\CdiResource\themes\Default\diskGoodGreenMini-125.png (1.2 KB)
Extracting: D:\Programs\Crystal Disk Info\CdiResource\themes\Default\diskGoodGreenMini-150.png (1.5 KB)
Extracting: D:\Programs\Crystal Disk Info\CdiResource\themes\Default\diskGoodGreenMini-200.png (2.3 KB)
Extracting: D:\Programs\Crystal Disk Info\CdiResource\themes\Default\diskGoodGreenMini-250.png (7.6 KB)
Extracting: D:\Programs\Crystal Disk Info\CdiResource\themes\Default\diskGoodGreenMini-300.png (10 KB)
Extracting: D:\Programs\Crystal Disk Info\CdiResource\themes\Default\diskGoodMini-100.png (981 bytes)
Extracting: D:\Programs\Crystal Disk Info\CdiResource\themes\Default\diskGoodMini-125.png (1.2 KB)
Extracting: D:\Programs\Crystal Disk Info\CdiResource\themes\Default\diskGoodMini-150.png (1.6 KB)
Extracting: D:\Programs\Crystal Disk Info\CdiResource\themes\Default\diskGoodMini-200.png (2.4 KB)
Extracting: D:\Programs\Crystal Disk Info\CdiResource\themes\Default\diskGoodMini-250.png (8.1 KB)
Extracting: D:\Programs\Crystal Disk Info\CdiResource\themes\Default\diskGoodMini-300.png (10.9 KB)
Extracting: D:\Programs\Crystal Disk Info\CdiResource\themes\Default\diskStatusBad-100.png (871 bytes)
Extracting: D:\Programs\Crystal Disk Info\CdiResource\themes\Default\diskStatusBad-125.png (1 KB)
Extracting: D:\Programs\Crystal Disk Info\CdiResource\themes\Default\diskStatusBad-150.png (1.2 KB)
Extracting: D:\Programs\Crystal Disk Info\CdiResource\themes\Default\diskStatusBad-200.png (1.4 KB)
Extracting: D:\Programs\Crystal Disk Info\CdiResource\themes\Default\diskStatusBad-250.png (1.9 KB)
Extracting: D:\Programs\Crystal Disk Info\CdiResource\themes\Default\diskStatusBad-300.png (2.1 KB)
Extracting: D:\Programs\Crystal Disk Info\CdiResource\themes\Default\diskStatusCaution-100.png (883 bytes)
Extracting: D:\Programs\Crystal Disk Info\CdiResource\themes\Default\diskStatusCaution-125.png (1 KB)
Extracting: D:\Programs\Crystal Disk Info\CdiResource\themes\Default\diskStatusCaution-150.png (1011 bytes)
Extracting: D:\Programs\Crystal Disk Info\CdiResource\themes\Default\diskStatusCaution-200.png (1.4 KB)
Extracting: D:\Programs\Crystal Disk Info\CdiResource\themes\Default\diskStatusCaution-250.png (1.9 KB)
Extracting: D:\Programs\Crystal Disk Info\CdiResource\themes\Default\diskStatusCaution-300.png (2.1 KB)
Extracting: D:\Programs\Crystal Disk Info\CdiResource\themes\Default\diskStatusGood-100.png (918 bytes)
Extracting: D:\Programs\Crystal Disk Info\CdiResource\themes\Default\diskStatusGood-125.png (1.1 KB)
Extracting: D:\Programs\Crystal Disk Info\CdiResource\themes\Default\diskStatusGood-150.png (1.2 KB)
Extracting: D:\Programs\Crystal Disk Info\CdiResource\themes\Default\diskStatusGood-200.png (1.5 KB)
Extracting: D:\Programs\Crystal Disk Info\CdiResource\themes\Default\diskStatusGood-250.png (1.9 KB)
Extracting: D:\Programs\Crystal Disk Info\CdiResource\themes\Default\diskStatusGood-300.png (2.2 KB)
Extracting: D:\Programs\Crystal Disk Info\CdiResource\themes\Default\diskStatusGoodGreen-100.png (923 bytes)
Extracting: D:\Programs\Crystal Disk Info\CdiResource\themes\Default\diskStatusGoodGreen-125.png (1.1 KB)
Extracting: D:\Programs\Crystal Disk Info\CdiResource\themes\Default\diskStatusGoodGreen-150.png (1.3 KB)
Extracting: D:\Programs\Crystal Disk Info\CdiResource\themes\Default\diskStatusGoodGreen-200.png (1.2 KB)
Extracting: D:\Programs\Crystal Disk Info\CdiResource\themes\Default\diskStatusGoodGreen-250.png (1.6 KB)
Extracting: D:\Programs\Crystal Disk Info\CdiResource\themes\Default\diskStatusGoodGreen-300.png (1.8 KB)
Extracting: D:\Programs\Crystal Disk Info\CdiResource\themes\Default\diskStatusUnknown-100.png (721 bytes)
Extracting: D:\Programs\Crystal Disk Info\CdiResource\themes\Default\diskStatusUnknown-125.png (784 bytes)
Extracting: D:\Programs\Crystal Disk Info\CdiResource\themes\Default\diskStatusUnknown-150.png (868 bytes)
Extracting: D:\Programs\Crystal Disk Info\CdiResource\themes\Default\diskStatusUnknown-200.png (1.2 KB)
Extracting: D:\Programs\Crystal Disk Info\CdiResource\themes\Default\diskStatusUnknown-250.png (1.4 KB)
Extracting: D:\Programs\Crystal Disk Info\CdiResource\themes\Default\diskStatusUnknown-300.png (1.6 KB)
Extracting: D:\Programs\Crystal Disk Info\CdiResource\themes\Default\diskUnknown-100.png (1 KB)
Extracting: D:\Programs\Crystal Disk Info\CdiResource\themes\Default\diskUnknown-125.png (1.6 KB)
Extracting: D:\Programs\Crystal Disk Info\CdiResource\themes\Default\diskUnknown-150.png (2.1 KB)
Extracting: D:\Programs\Crystal Disk Info\CdiResource\themes\Default\diskUnknown-200.png (6.5 KB)
Extracting: D:\Programs\Crystal Disk Info\CdiResource\themes\Default\diskUnknown-250.png (2.0 KB)
Extracting: D:\Programs\Crystal Disk Info\CdiResource\themes\Default\diskUnknown-300.png (10.6 KB)
Extracting: D:\Programs\Crystal Disk Info\CdiResource\themes\Default\diskUnknownMini-100.png (744 bytes)
Extracting: D:\Programs\Crystal Disk Info\CdiResource\themes\Default\diskUnknownMini-125.png (918 bytes)
Extracting: D:\Programs\Crystal Disk Info\CdiResource\themes\Default\diskUnknownMini-150.png (1.1 KB)
Extracting: D:\Programs\Crystal Disk Info\CdiResource\themes\Default\diskUnknownMini-200.png (1.6 KB)
Extracting: D:\Programs\Crystal Disk Info\CdiResource\themes\Default\diskUnknownMini-250.png (1.9 KB)
Extracting: D:\Programs\Crystal Disk Info\CdiResource\themes\Default\diskUnknownMini-300.png (2.3 KB)
Extracting: D:\Programs\Crystal Disk Info\CdiResource\themes\Default\logo-100.png (19.2 KB)
Extracting: D:\Programs\Crystal Disk Info\CdiResource\themes\Default\logo-125.png (27.7 KB)
Extracting: D:\Programs\Crystal Disk Info\CdiResource\themes\Default\logo-150.png (38 KB)
Extracting: D:\Programs\Crystal Disk Info\CdiResource\themes\Default\logo-200.png (60.6 KB)
Extracting: D:\Programs\Crystal Disk Info\CdiResource\themes\Default\logo-250.png (102 KB)
Extracting: D:\Programs\Crystal Disk Info\CdiResource\themes\Default\logo-300.png (97.5 KB)
Extracting: D:\Programs\Crystal Disk Info\CdiResource\themes\Default\nextDisk-100.png (1.1 KB)
Extracting: D:\Programs\Crystal Disk Info\CdiResource\themes\Default\nextDisk-125.png (1.2 KB)
Extracting: D:\Programs\Crystal Disk Info\CdiResource\themes\Default\nextDisk-150.png (1.4 KB)
Extracting: D:\Programs\Crystal Disk Info\CdiResource\themes\Default\nextDisk-200.png (1.8 KB)
Extracting: D:\Programs\Crystal Disk Info\CdiResource\themes\Default\nextDisk-250.png (2.2 KB)
Extracting: D:\Programs\Crystal Disk Info\CdiResource\themes\Default\nextDisk-300.png (2.6 KB)
Extracting: D:\Programs\Crystal Disk Info\CdiResource\themes\Default\noDisk-100.png (137 bytes)
Extracting: D:\Programs\Crystal Disk Info\CdiResource\themes\Default\noDisk-125.png (149 bytes)
Extracting: D:\Programs\Crystal Disk Info\CdiResource\themes\Default\noDisk-150.png (158 bytes)
Extracting: D:\Programs\Crystal Disk Info\CdiResource\themes\Default\noDisk-200.png (192 bytes)
Extracting: D:\Programs\Crystal Disk Info\CdiResource\themes\Default\noDisk-250.png (227 bytes)
Extracting: D:\Programs\Crystal Disk Info\CdiResource\themes\Default\noDisk-300.png (276 bytes)
Extracting: D:\Programs\Crystal Disk Info\CdiResource\themes\Default\noDiskMini-100.png (233 bytes)
Extracting: D:\Programs\Crystal Disk Info\CdiResource\themes\Default\noDiskMini-125.png (266 bytes)
Extracting: D:\Programs\Crystal Disk Info\CdiResource\themes\Default\noDiskMini-150.png (278 bytes)
Extracting: D:\Programs\Crystal Disk Info\CdiResource\themes\Default\noDiskMini-200.png (340 bytes)
Extracting: D:\Programs\Crystal Disk Info\CdiResource\themes\Default\noDiskMini-250.png (175 bytes)
Extracting: D:\Programs\Crystal Disk Info\CdiResource\themes\Default\noDiskMini-300.png (196 bytes)
Extracting: D:\Programs\Crystal Disk Info\CdiResource\themes\Default\noDiskMiniMini-150.png (144 bytes)
Extracting: D:\Programs\Crystal Disk Info\CdiResource\themes\Default\playSound-100.png (1.1 KB)
Extracting: D:\Programs\Crystal Disk Info\CdiResource\themes\Default\playSound-125.png (1.2 KB)
Extracting: D:\Programs\Crystal Disk Info\CdiResource\themes\Default\playSound-150.png (1.4 KB)
Extracting: D:\Programs\Crystal Disk Info\CdiResource\themes\Default\playSound-200.png (1.8 KB)
Extracting: D:\Programs\Crystal Disk Info\CdiResource\themes\Default\playSound-250.png (2.2 KB)
Extracting: D:\Programs\Crystal Disk Info\CdiResource\themes\Default\playSound-300.png (2.6 KB)
Extracting: D:\Programs\Crystal Disk Info\CdiResource\themes\Default\preDisk-100.png (1.1 KB)
Extracting: D:\Programs\Crystal Disk Info\CdiResource\themes\Default\preDisk-125.png (1.2 KB)
Extracting: D:\Programs\Crystal Disk Info\CdiResource\themes\Default\preDisk-150.png (1.4 KB)
Extracting: D:\Programs\Crystal Disk Info\CdiResource\themes\Default\preDisk-200.png (1.7 KB)
Extracting: D:\Programs\Crystal Disk Info\CdiResource\themes\Default\preDisk-250.png (2.1 KB)
Extracting: D:\Programs\Crystal Disk Info\CdiResource\themes\Default\preDisk-300.png (2.5 KB)
Extracting: D:\Programs\Crystal Disk Info\CdiResource\themes\Default\selectSound-100.png (1.2 KB)
Extracting: D:\Programs\Crystal Disk Info\CdiResource\themes\Default\selectSound-125.png (1.4 KB)
Extracting: D:\Programs\Crystal Disk Info\CdiResource\themes\Default\selectSound-150.png (1.7 KB)
Extracting: D:\Programs\Crystal Disk Info\CdiResource\themes\Default\selectSound-200.png (2.3 KB)
Extracting: D:\Programs\Crystal Disk Info\CdiResource\themes\Default\selectSound-250.png (2.9 KB)
Extracting: D:\Programs\Crystal Disk Info\CdiResource\themes\Default\selectSound-300.png (3.4 KB)
Extracting: D:\Programs\Crystal Disk Info\CdiResource\themes\Default\temperatureBad-100.png (2.3 KB)
Extracting: D:\Programs\Crystal Disk Info\CdiResource\themes\Default\temperatureBad-125.png (3.1 KB)
Extracting: D:\Programs\Crystal Disk Info\CdiResource\themes\Default\temperatureBad-150.png (3.8 KB)
Extracting: D:\Programs\Crystal Disk Info\CdiResource\themes\Default\temperatureBad-200.png (5.5 KB)
Extracting: D:\Programs\Crystal Disk Info\CdiResource\themes\Default\temperatureBad-250.png (6.7 KB)
Extracting: D:\Programs\Crystal Disk Info\CdiResource\themes\Default\temperatureBad-300.png (9.1 KB)
Extracting: D:\Programs\Crystal Disk Info\CdiResource\themes\Default\temperatureCaution-100.png (2.3 KB)
Extracting: D:\Programs\Crystal Disk Info\CdiResource\themes\Default\temperatureCaution-125.png (3.1 KB)
Extracting: D:\Programs\Crystal Disk Info\CdiResource\themes\Default\temperatureCaution-150.png (3.8 KB)
Extracting: D:\Programs\Crystal Disk Info\CdiResource\themes\Default\temperatureCaution-200.png (5.5 KB)
Extracting: D:\Programs\Crystal Disk Info\CdiResource\themes\Default\temperatureCaution-250.png (6.8 KB)
Extracting: D:\Programs\Crystal Disk Info\CdiResource\themes\Default\temperatureCaution-300.png (9.1 KB)
Extracting: D:\Programs\Crystal Disk Info\CdiResource\themes\Default\temperatureGood-100.png (2.6 KB)
Extracting: D:\Programs\Crystal Disk Info\CdiResource\themes\Default\temperatureGood-125.png (3.5 KB)
Extracting: D:\Programs\Crystal Disk Info\CdiResource\themes\Default\temperatureGood-150.png (4.3 KB)
Extracting: D:\Programs\Crystal Disk Info\CdiResource\themes\Default\temperatureGood-200.png (6.5 KB)
Extracting: D:\Programs\Crystal Disk Info\CdiResource\themes\Default\temperatureGood-250.png (7.6 KB)
Extracting: D:\Programs\Crystal Disk Info\CdiResource\themes\Default\temperatureGood-300.png (10.6 KB)
Extracting: D:\Programs\Crystal Disk Info\CdiResource\themes\Default\temperatureGoodGreen-100.png (2.1 KB)
Extracting: D:\Programs\Crystal Disk Info\CdiResource\themes\Default\temperatureGoodGreen-125.png (2.8 KB)
Extracting: D:\Programs\Crystal Disk Info\CdiResource\themes\Default\temperatureGoodGreen-150.png (3.5 KB)
Extracting: D:\Programs\Crystal Disk Info\CdiResource\themes\Default\temperatureGoodGreen-200.png (4.9 KB)
Extracting: D:\Programs\Crystal Disk Info\CdiResource\themes\Default\temperatureGoodGreen-250.png (6.3 KB)
Extracting: D:\Programs\Crystal Disk Info\CdiResource\themes\Default\temperatureGoodGreen-300.png (8.2 KB)
Extracting: D:\Programs\Crystal Disk Info\CdiResource\themes\Default\temperatureUnknown-100.png (1.8 KB)
Extracting: D:\Programs\Crystal Disk Info\CdiResource\themes\Default\temperatureUnknown-125.png (1.6 KB)
Extracting: D:\Programs\Crystal Disk Info\CdiResource\themes\Default\temperatureUnknown-150.png (2.0 KB)
Extracting: D:\Programs\Crystal Disk Info\CdiResource\themes\Default\temperatureUnknown-200.png (2.8 KB)
Extracting: D:\Programs\Crystal Disk Info\CdiResource\themes\Default\temperatureUnknown-250.png (3.4 KB)
Extracting: D:\Programs\Crystal Disk Info\CdiResource\themes\Default\temperatureUnknown-300.png (4.6 KB)
Extracting: D:\Programs\Crystal Disk Info\CdiResource\themes\Default\theme.ini (267 bytes)
Extracting: D:\Programs\Crystal Disk Info\CdiResource\themes\Default\volumeL-100.png (556 bytes)
Extracting: D:\Programs\Crystal Disk Info\CdiResource\themes\Default\volumeL-125.png (734 bytes)
Extracting: D:\Programs\Crystal Disk Info\CdiResource\themes\Default\volumeL-150.png (769 bytes)
Extracting: D:\Programs\Crystal Disk Info\CdiResource\themes\Default\volumeL-200.png (1.1 KB)
Extracting: D:\Programs\Crystal Disk Info\CdiResource\themes\Default\volumeL-250.png (1.6 KB)
Extracting: D:\Programs\Crystal Disk Info\CdiResource\themes\Default\volumeL-300.png (2.7 KB)
Extracting: D:\Programs\Crystal Disk Info\CdiResource\themes\Default\volumeM-100.png (627 bytes)
Extracting: D:\Programs\Crystal Disk Info\CdiResource\themes\Default\volumeM-125.png (797 bytes)
Extracting: D:\Programs\Crystal Disk Info\CdiResource\themes\Default\volumeM-150.png (859 bytes)
Extracting: D:\Programs\Crystal Disk Info\CdiResource\themes\Default\volumeM-200.png (1.3 KB)
Extracting: D:\Programs\Crystal Disk Info\CdiResource\themes\Default\volumeM-250.png (1.9 KB)
Extracting: D:\Programs\Crystal Disk Info\CdiResource\themes\Default\volumeM-300.png (3.5 KB)
Extracting: D:\Programs\Crystal Disk Info\CdiResource\themes\Default\volumeS-100.png (515 bytes)
Extracting: D:\Programs\Crystal Disk Info\CdiResource\themes\Default\volumeS-125.png (628 bytes)
Extracting: D:\Programs\Crystal Disk Info\CdiResource\themes\Default\volumeS-150.png (620 bytes)
Extracting: D:\Programs\Crystal Disk Info\CdiResource\themes\Default\volumeS-200.png (1004 bytes)
Extracting: D:\Programs\Crystal Disk Info\CdiResource\themes\Default\volumeS-250.png (1.3 KB)
Extracting: D:\Programs\Crystal Disk Info\CdiResource\themes\Default\volumeS-300.png (2.3 KB)
Extracting: D:\Programs\Crystal Disk Info\CdiResource\themes\Default\volumeZ-100.png (434 bytes)
Extracting: D:\Programs\Crystal Disk Info\CdiResource\themes\Default\volumeZ-125.png (529 bytes)
Extracting: D:\Programs\Crystal Disk Info\CdiResource\themes\Default\volumeZ-150.png (519 bytes)
Extracting: D:\Programs\Crystal Disk Info\CdiResource\themes\Default\volumeZ-200.png (806 bytes)
Extracting: D:\Programs\Crystal Disk Info\CdiResource\themes\Default\volumeZ-250.png (1 KB)
Extracting: D:\Programs\Crystal Disk Info\CdiResource\themes\Default\volumeZ-300.png (1.9 KB)
Extracting: D:\Programs\Crystal Disk Info\CdiResource\themes\FlatSquare\Readme.txt (153 bytes)
Extracting: D:\Programs\Crystal Disk Info\CdiResource\themes\FlatSquare\diskBad-100.png (131 bytes)
Extracting: D:\Programs\Crystal Disk Info\CdiResource\themes\FlatSquare\diskBad-125.png (143 bytes)
Extracting: D:\Programs\Crystal Disk Info\CdiResource\themes\FlatSquare\diskBad-150.png (180 bytes)
Extracting: D:\Programs\Crystal Disk Info\CdiResource\themes\FlatSquare\diskBad-200.png (202 bytes)
Extracting: D:\Programs\Crystal Disk Info\CdiResource\themes\FlatSquare\diskBad-250.png (236 bytes)
Extracting: D:\Programs\Crystal Disk Info\CdiResource\themes\FlatSquare\diskBad-300.png (265 bytes)
Extracting: D:\Programs\Crystal Disk Info\CdiResource\themes\FlatSquare\diskBadMini-100.png (127 bytes)
Extracting: D:\Programs\Crystal Disk Info\CdiResource\themes\FlatSquare\diskBadMini-125.png (159 bytes)
Extracting: D:\Programs\Crystal Disk Info\CdiResource\themes\FlatSquare\diskBadMini-150.png (137 bytes)
Extracting: D:\Programs\Crystal Disk Info\CdiResource\themes\FlatSquare\diskBadMini-200.png (143 bytes)
Extracting: D:\Programs\Crystal Disk Info\CdiResource\themes\FlatSquare\diskBadMini-250.png (215 bytes)
Extracting: D:\Programs\Crystal Disk Info\CdiResource\themes\FlatSquare\diskBadMini-300.png (244 bytes)
Extracting: D:\Programs\Crystal Disk Info\CdiResource\themes\FlatSquare\diskCaution-100.png (131 bytes)
Extracting: D:\Programs\Crystal Disk Info\CdiResource\themes\FlatSquare\diskCaution-125.png (143 bytes)
Extracting: D:\Programs\Crystal Disk Info\CdiResource\themes\FlatSquare\diskCaution-150.png (180 bytes)
Extracting: D:\Programs\Crystal Disk Info\CdiResource\themes\FlatSquare\diskCaution-200.png (202 bytes)
Extracting: D:\Programs\Crystal Disk Info\CdiResource\themes\FlatSquare\diskCaution-250.png (236 bytes)
Extracting: D:\Programs\Crystal Disk Info\CdiResource\themes\FlatSquare\diskCaution-300.png (265 bytes)
Extracting: D:\Programs\Crystal Disk Info\CdiResource\themes\FlatSquare\diskCautionMini-100.png (127 bytes)
Extracting: D:\Programs\Crystal Disk Info\CdiResource\themes\FlatSquare\diskCautionMini-125.png (159 bytes)
Extracting: D:\Programs\Crystal Disk Info\CdiResource\themes\FlatSquare\diskCautionMini-150.png (137 bytes)
Extracting: D:\Programs\Crystal Disk Info\CdiResource\themes\FlatSquare\diskCautionMini-200.png (143 bytes)
Extracting: D:\Programs\Crystal Disk Info\CdiResource\themes\FlatSquare\diskCautionMini-250.png (215 bytes)
Extracting: D:\Programs\Crystal Disk Info\CdiResource\themes\FlatSquare\diskCautionMini-300.png (244 bytes)
Extracting: D:\Programs\Crystal Disk Info\CdiResource\themes\FlatSquare\diskGood-100.png (131 bytes)
Extracting: D:\Programs\Crystal Disk Info\CdiResource\themes\FlatSquare\diskGood-125.png (145 bytes)
Extracting: D:\Programs\Crystal Disk Info\CdiResource\themes\FlatSquare\diskGood-150.png (184 bytes)
Extracting: D:\Programs\Crystal Disk Info\CdiResource\themes\FlatSquare\diskGood-200.png (204 bytes)
Extracting: D:\Programs\Crystal Disk Info\CdiResource\themes\FlatSquare\diskGood-250.png (238 bytes)
Extracting: D:\Programs\Crystal Disk Info\CdiResource\themes\FlatSquare\diskGood-300.png (268 bytes)
Extracting: D:\Programs\Crystal Disk Info\CdiResource\themes\FlatSquare\diskGoodGreen-100.png (131 bytes)
Extracting: D:\Programs\Crystal Disk Info\CdiResource\themes\FlatSquare\diskGoodGreen-125.png (145 bytes)
Extracting: D:\Programs\Crystal Disk Info\CdiResource\themes\FlatSquare\diskGoodGreen-150.png (184 bytes)
Extracting: D:\Programs\Crystal Disk Info\CdiResource\themes\FlatSquare\diskGoodGreen-200.png (204 bytes)
Extracting: D:\Programs\Crystal Disk Info\CdiResource\themes\FlatSquare\diskGoodGreen-250.png (238 bytes)
Extracting: D:\Programs\Crystal Disk Info\CdiResource\themes\FlatSquare\diskGoodGreen-300.png (268 bytes)
Extracting: D:\Programs\Crystal Disk Info\CdiResource\themes\FlatSquare\diskGoodGreenMini-100.png (128 bytes)
Extracting: D:\Programs\Crystal Disk Info\CdiResource\themes\FlatSquare\diskGoodGreenMini-125.png (157 bytes)
Extracting: D:\Programs\Crystal Disk Info\CdiResource\themes\FlatSquare\diskGoodGreenMini-150.png (138 bytes)
Extracting: D:\Programs\Crystal Disk Info\CdiResource\themes\FlatSquare\diskGoodGreenMini-200.png (143 bytes)
Extracting: D:\Programs\Crystal Disk Info\CdiResource\themes\FlatSquare\diskGoodGreenMini-250.png (219 bytes)
Extracting: D:\Programs\Crystal Disk Info\CdiResource\themes\FlatSquare\diskGoodGreenMini-300.png (244 bytes)
Extracting: D:\Programs\Crystal Disk Info\CdiResource\themes\FlatSquare\diskGoodMini-100.png (128 bytes)
Extracting: D:\Programs\Crystal Disk Info\CdiResource\themes\FlatSquare\diskGoodMini-125.png (157 bytes)
Extracting: D:\Programs\Crystal Disk Info\CdiResource\themes\FlatSquare\diskGoodMini-150.png (138 bytes)
Extracting: D:\Programs\Crystal Disk Info\CdiResource\themes\FlatSquare\diskGoodMini-200.png (143 bytes)
Extracting: D:\Programs\Crystal Disk Info\CdiResource\themes\FlatSquare\diskGoodMini-250.png (219 bytes)
Extracting: D:\Programs\Crystal Disk Info\CdiResource\themes\FlatSquare\diskGoodMini-300.png (244 bytes)
Extracting: D:\Programs\Crystal Disk Info\CdiResource\themes\FlatSquare\diskStatusBad-100.png (87 bytes)
Extracting: D:\Programs\Crystal Disk Info\CdiResource\themes\FlatSquare\diskStatusBad-125.png (89 bytes)
Extracting: D:\Programs\Crystal Disk Info\CdiResource\themes\FlatSquare\diskStatusBad-150.png (93 bytes)
Extracting: D:\Programs\Crystal Disk Info\CdiResource\themes\FlatSquare\diskStatusBad-200.png (97 bytes)
Extracting: D:\Programs\Crystal Disk Info\CdiResource\themes\FlatSquare\diskStatusBad-250.png (99 bytes)
Extracting: D:\Programs\Crystal Disk Info\CdiResource\themes\FlatSquare\diskStatusBad-300.png (101 bytes)
Extracting: D:\Programs\Crystal Disk Info\CdiResource\themes\FlatSquare\diskStatusCaution-100.png (87 bytes)
Extracting: D:\Programs\Crystal Disk Info\CdiResource\themes\FlatSquare\diskStatusCaution-125.png (89 bytes)
Extracting: D:\Programs\Crystal Disk Info\CdiResource\themes\FlatSquare\diskStatusCaution-150.png (93 bytes)
Extracting: D:\Programs\Crystal Disk Info\CdiResource\themes\FlatSquare\diskStatusCaution-200.png (97 bytes)
Extracting: D:\Programs\Crystal Disk Info\CdiResource\themes\FlatSquare\diskStatusCaution-250.png (99 bytes)
Extracting: D:\Programs\Crystal Disk Info\CdiResource\themes\FlatSquare\diskStatusCaution-300.png (101 bytes)
Extracting: D:\Programs\Crystal Disk Info\CdiResource\themes\FlatSquare\diskStatusGood-100.png (87 bytes)
Extracting: D:\Programs\Crystal Disk Info\CdiResource\themes\FlatSquare\diskStatusGood-125.png (89 bytes)
Extracting: D:\Programs\Crystal Disk Info\CdiResource\themes\FlatSquare\diskStatusGood-150.png (93 bytes)
Extracting: D:\Programs\Crystal Disk Info\CdiResource\themes\FlatSquare\diskStatusGood-200.png (97 bytes)
Extracting: D:\Programs\Crystal Disk Info\CdiResource\themes\FlatSquare\diskStatusGood-250.png (99 bytes)
Extracting: D:\Programs\Crystal Disk Info\CdiResource\themes\FlatSquare\diskStatusGood-300.png (101 bytes)
Extracting: D:\Programs\Crystal Disk Info\CdiResource\themes\FlatSquare\diskStatusGoodGreen-100.png (87 bytes)
Extracting: D:\Programs\Crystal Disk Info\CdiResource\themes\FlatSquare\diskStatusGoodGreen-125.png (89 bytes)
Extracting: D:\Programs\Crystal Disk Info\CdiResource\themes\FlatSquare\diskStatusGoodGreen-150.png (93 bytes)
Extracting: D:\Programs\Crystal Disk Info\CdiResource\themes\FlatSquare\diskStatusGoodGreen-200.png (97 bytes)
Extracting: D:\Programs\Crystal Disk Info\CdiResource\themes\FlatSquare\diskStatusGoodGreen-250.png (99 bytes)
Extracting: D:\Programs\Crystal Disk Info\CdiResource\themes\FlatSquare\diskStatusGoodGreen-300.png (101 bytes)
Extracting: D:\Programs\Crystal Disk Info\CdiResource\themes\FlatSquare\diskStatusUnknown-100.png (87 bytes)
Extracting: D:\Programs\Crystal Disk Info\CdiResource\themes\FlatSquare\diskStatusUnknown-125.png (89 bytes)
Extracting: D:\Programs\Crystal Disk Info\CdiResource\themes\FlatSquare\diskStatusUnknown-150.png (93 bytes)
Extracting: D:\Programs\Crystal Disk Info\CdiResource\themes\FlatSquare\diskStatusUnknown-200.png (97 bytes)
Extracting: D:\Programs\Crystal Disk Info\CdiResource\themes\FlatSquare\diskStatusUnknown-250.png (101 bytes)
Extracting: D:\Programs\Crystal Disk Info\CdiResource\themes\FlatSquare\diskStatusUnknown-300.png (101 bytes)
Extracting: D:\Programs\Crystal Disk Info\CdiResource\themes\FlatSquare\diskUnknown-100.png (131 bytes)
Extracting: D:\Programs\Crystal Disk Info\CdiResource\themes\FlatSquare\diskUnknown-125.png (143 bytes)
Extracting: D:\Programs\Crystal Disk Info\CdiResource\themes\FlatSquare\diskUnknown-150.png (180 bytes)
Extracting: D:\Programs\Crystal Disk Info\CdiResource\themes\FlatSquare\diskUnknown-200.png (202 bytes)
Extracting: D:\Programs\Crystal Disk Info\CdiResource\themes\FlatSquare\diskUnknown-250.png (238 bytes)
Extracting: D:\Programs\Crystal Disk Info\CdiResource\themes\FlatSquare\diskUnknown-300.png (268 bytes)
Extracting: D:\Programs\Crystal Disk Info\CdiResource\themes\FlatSquare\diskUnknownMini-100.png (127 bytes)
Extracting: D:\Programs\Crystal Disk Info\CdiResource\themes\FlatSquare\diskUnknownMini-125.png (159 bytes)
Extracting: D:\Programs\Crystal Disk Info\CdiResource\themes\FlatSquare\diskUnknownMini-150.png (137 bytes)
Extracting: D:\Programs\Crystal Disk Info\CdiResource\themes\FlatSquare\diskUnknownMini-200.png (143 bytes)
Extracting: D:\Programs\Crystal Disk Info\CdiResource\themes\FlatSquare\diskUnknownMini-250.png (216 bytes)
Extracting: D:\Programs\Crystal Disk Info\CdiResource\themes\FlatSquare\diskUnknownMini-300.png (244 bytes)
Extracting: D:\Programs\Crystal Disk Info\CdiResource\themes\FlatSquare\nextDisk-100.png (296 bytes)
Extracting: D:\Programs\Crystal Disk Info\CdiResource\themes\FlatSquare\nextDisk-125.png (540 bytes)
Extracting: D:\Programs\Crystal Disk Info\CdiResource\themes\FlatSquare\nextDisk-150.png (299 bytes)
Extracting: D:\Programs\Crystal Disk Info\CdiResource\themes\FlatSquare\nextDisk-200.png (503 bytes)
Extracting: D:\Programs\Crystal Disk Info\CdiResource\themes\FlatSquare\nextDisk-250.png (854 bytes)
Extracting: D:\Programs\Crystal Disk Info\CdiResource\themes\FlatSquare\nextDisk-300.png (365 bytes)
Extracting: D:\Programs\Crystal Disk Info\CdiResource\themes\FlatSquare\noDisk-100.png (86 bytes)
Extracting: D:\Programs\Crystal Disk Info\CdiResource\themes\FlatSquare\noDisk-125.png (88 bytes)
Extracting: D:\Programs\Crystal Disk Info\CdiResource\themes\FlatSquare\noDisk-150.png (89 bytes)
Extracting: D:\Programs\Crystal Disk Info\CdiResource\themes\FlatSquare\noDisk-200.png (96 bytes)
Extracting: D:\Programs\Crystal Disk Info\CdiResource\themes\FlatSquare\noDisk-250.png (97 bytes)
Extracting: D:\Programs\Crystal Disk Info\CdiResource\themes\FlatSquare\noDisk-300.png (99 bytes)
Extracting: D:\Programs\Crystal Disk Info\CdiResource\themes\FlatSquare\noDiskMini-100.png (84 bytes)
Extracting: D:\Programs\Crystal Disk Info\CdiResource\themes\FlatSquare\noDiskMini-125.png (85 bytes)
Extracting: D:\Programs\Crystal Disk Info\CdiResource\themes\FlatSquare\noDiskMini-150.png (86 bytes)
Extracting: D:\Programs\Crystal Disk Info\CdiResource\themes\FlatSquare\noDiskMini-200.png (89 bytes)
Extracting: D:\Programs\Crystal Disk Info\CdiResource\themes\FlatSquare\noDiskMini-250.png (93 bytes)
Extracting: D:\Programs\Crystal Disk Info\CdiResource\themes\FlatSquare\noDiskMini-300.png (97 bytes)
Extracting: D:\Programs\Crystal Disk Info\CdiResource\themes\FlatSquare\preDisk-100.png (297 bytes)
Extracting: D:\Programs\Crystal Disk Info\CdiResource\themes\FlatSquare\preDisk-125.png (538 bytes)
Extracting: D:\Programs\Crystal Disk Info\CdiResource\themes\FlatSquare\preDisk-150.png (301 bytes)
Extracting: D:\Programs\Crystal Disk Info\CdiResource\themes\FlatSquare\preDisk-200.png (502 bytes)
Extracting: D:\Programs\Crystal Disk Info\CdiResource\themes\FlatSquare\preDisk-250.png (854 bytes)
Extracting: D:\Programs\Crystal Disk Info\CdiResource\themes\FlatSquare\preDisk-300.png (366 bytes)
Extracting: D:\Programs\Crystal Disk Info\CdiResource\themes\FlatSquare\temperatureBad-100.png (86 bytes)
Extracting: D:\Programs\Crystal Disk Info\CdiResource\themes\FlatSquare\temperatureBad-125.png (88 bytes)
Extracting: D:\Programs\Crystal Disk Info\CdiResource\themes\FlatSquare\temperatureBad-150.png (89 bytes)
Extracting: D:\Programs\Crystal Disk Info\CdiResource\themes\FlatSquare\temperatureBad-200.png (95 bytes)
Extracting: D:\Programs\Crystal Disk Info\CdiResource\themes\FlatSquare\temperatureBad-250.png (97 bytes)
Extracting: D:\Programs\Crystal Disk Info\CdiResource\themes\FlatSquare\temperatureBad-300.png (99 bytes)
Extracting: D:\Programs\Crystal Disk Info\CdiResource\themes\FlatSquare\temperatureCaution-100.png (86 bytes)
Extracting: D:\Programs\Crystal Disk Info\CdiResource\themes\FlatSquare\temperatureCaution-125.png (88 bytes)
Extracting: D:\Programs\Crystal Disk Info\CdiResource\themes\FlatSquare\temperatureCaution-150.png (89 bytes)
Extracting: D:\Programs\Crystal Disk Info\CdiResource\themes\FlatSquare\temperatureCaution-200.png (95 bytes)
Extracting: D:\Programs\Crystal Disk Info\CdiResource\themes\FlatSquare\temperatureCaution-250.png (97 bytes)
Extracting: D:\Programs\Crystal Disk Info\CdiResource\themes\FlatSquare\temperatureCaution-300.png (99 bytes)
Extracting: D:\Programs\Crystal Disk Info\CdiResource\themes\FlatSquare\temperatureGood-100.png (86 bytes)
Extracting: D:\Programs\Crystal Disk Info\CdiResource\themes\FlatSquare\temperatureGood-125.png (88 bytes)
Extracting: D:\Programs\Crystal Disk Info\CdiResource\themes\FlatSquare\temperatureGood-150.png (89 bytes)
Extracting: D:\Programs\Crystal Disk Info\CdiResource\themes\FlatSquare\temperatureGood-200.png (95 bytes)
Extracting: D:\Programs\Crystal Disk Info\CdiResource\themes\FlatSquare\temperatureGood-250.png (97 bytes)
Extracting: D:\Programs\Crystal Disk Info\CdiResource\themes\FlatSquare\temperatureGood-300.png (99 bytes)
Extracting: D:\Programs\Crystal Disk Info\CdiResource\themes\FlatSquare\temperatureGoodGreen-100.png (86 bytes)
Extracting: D:\Programs\Crystal Disk Info\CdiResource\themes\FlatSquare\temperatureGoodGreen-125.png (88 bytes)
Extracting: D:\Programs\Crystal Disk Info\CdiResource\themes\FlatSquare\temperatureGoodGreen-150.png (89 bytes)
Extracting: D:\Programs\Crystal Disk Info\CdiResource\themes\FlatSquare\temperatureGoodGreen-200.png (95 bytes)
Extracting: D:\Programs\Crystal Disk Info\CdiResource\themes\FlatSquare\temperatureGoodGreen-250.png (97 bytes)
Extracting: D:\Programs\Crystal Disk Info\CdiResource\themes\FlatSquare\temperatureGoodGreen-300.png (99 bytes)
Extracting: D:\Programs\Crystal Disk Info\CdiResource\themes\FlatSquare\temperatureUnknown-100.png (86 bytes)
Extracting: D:\Programs\Crystal Disk Info\CdiResource\themes\FlatSquare\temperatureUnknown-125.png (88 bytes)
Extracting: D:\Programs\Crystal Disk Info\CdiResource\themes\FlatSquare\temperatureUnknown-150.png (89 bytes)
Extracting: D:\Programs\Crystal Disk Info\CdiResource\themes\FlatSquare\temperatureUnknown-200.png (95 bytes)
Extracting: D:\Programs\Crystal Disk Info\CdiResource\themes\FlatSquare\temperatureUnknown-250.png (97 bytes)
Extracting: D:\Programs\Crystal Disk Info\CdiResource\themes\FlatSquare\temperatureUnknown-300.png (99 bytes)
Extracting: D:\Programs\Crystal Disk Info\CdiResource\themes\FlatSquare\theme.ini (309 bytes)
Extracting: D:\Programs\Crystal Disk Info\CdiResource\themes\Simplicity\Readme.txt (170 bytes)
Extracting: D:\Programs\Crystal Disk Info\CdiResource\themes\Simplicity\diskBad-100.png (811 bytes)
Extracting: D:\Programs\Crystal Disk Info\CdiResource\themes\Simplicity\diskBad-125.png (1 KB)
Extracting: D:\Programs\Crystal Disk Info\CdiResource\themes\Simplicity\diskBad-150.png (1.2 KB)
Extracting: D:\Programs\Crystal Disk Info\CdiResource\themes\Simplicity\diskBad-200.png (4.3 KB)
Extracting: D:\Programs\Crystal Disk Info\CdiResource\themes\Simplicity\diskBad-250.png (7.3 KB)
Extracting: D:\Programs\Crystal Disk Info\CdiResource\themes\Simplicity\diskBad-300.png (6.3 KB)
Extracting: D:\Programs\Crystal Disk Info\CdiResource\themes\Simplicity\diskBadMini-100.png (671 bytes)
Extracting: D:\Programs\Crystal Disk Info\CdiResource\themes\Simplicity\diskBadMini-125.png (898 bytes)
Extracting: D:\Programs\Crystal Disk Info\CdiResource\themes\Simplicity\diskBadMini-150.png (969 bytes)
Extracting: D:\Programs\Crystal Disk Info\CdiResource\themes\Simplicity\diskBadMini-200.png (1.6 KB)
Extracting: D:\Programs\Crystal Disk Info\CdiResource\themes\Simplicity\diskBadMini-250.png (4.5 KB)
Extracting: D:\Programs\Crystal Disk Info\CdiResource\themes\Simplicity\diskBadMini-300.png (5.0 KB)
Extracting: D:\Programs\Crystal Disk Info\CdiResource\themes\Simplicity\diskCaution-100.png (799 bytes)
Extracting: D:\Programs\Crystal Disk Info\CdiResource\themes\Simplicity\diskCaution-125.png (994 bytes)
Extracting: D:\Programs\Crystal Disk Info\CdiResource\themes\Simplicity\diskCaution-150.png (1.2 KB)
Extracting: D:\Programs\Crystal Disk Info\CdiResource\themes\Simplicity\diskCaution-200.png (4.1 KB)
Extracting: D:\Programs\Crystal Disk Info\CdiResource\themes\Simplicity\diskCaution-250.png (6.9 KB)
Extracting: D:\Programs\Crystal Disk Info\CdiResource\themes\Simplicity\diskCaution-300.png (6.4 KB)
Extracting: D:\Programs\Crystal Disk Info\CdiResource\themes\Simplicity\diskCautionMini-100.png (666 bytes)
Extracting: D:\Programs\Crystal Disk Info\CdiResource\themes\Simplicity\diskCautionMini-125.png (871 bytes)
Extracting: D:\Programs\Crystal Disk Info\CdiResource\themes\Simplicity\diskCautionMini-150.png (984 bytes)
Extracting: D:\Programs\Crystal Disk Info\CdiResource\themes\Simplicity\diskCautionMini-200.png (1.5 KB)
Extracting: D:\Programs\Crystal Disk Info\CdiResource\themes\Simplicity\diskCautionMini-250.png (4.5 KB)
Extracting: D:\Programs\Crystal Disk Info\CdiResource\themes\Simplicity\diskCautionMini-300.png (4.9 KB)
Extracting: D:\Programs\Crystal Disk Info\CdiResource\themes\Simplicity\diskGood-100.png (806 bytes)
Extracting: D:\Programs\Crystal Disk Info\CdiResource\themes\Simplicity\diskGood-125.png (1013 bytes)
Extracting: D:\Programs\Crystal Disk Info\CdiResource\themes\Simplicity\diskGood-150.png (1.2 KB)
Extracting: D:\Programs\Crystal Disk Info\CdiResource\themes\Simplicity\diskGood-200.png (3.9 KB)
Extracting: D:\Programs\Crystal Disk Info\CdiResource\themes\Simplicity\diskGood-250.png (7.4 KB)
Extracting: D:\Programs\Crystal Disk Info\CdiResource\themes\Simplicity\diskGood-300.png (5.7 KB)
Extracting: D:\Programs\Crystal Disk Info\CdiResource\themes\Simplicity\diskGoodGreen-100.png (806 bytes)
Extracting: D:\Programs\Crystal Disk Info\CdiResource\themes\Simplicity\diskGoodGreen-125.png (1013 bytes)
Extracting: D:\Programs\Crystal Disk Info\CdiResource\themes\Simplicity\diskGoodGreen-150.png (1.2 KB)
Extracting: D:\Programs\Crystal Disk Info\CdiResource\themes\Simplicity\diskGoodGreen-200.png (3.9 KB)
Extracting: D:\Programs\Crystal Disk Info\CdiResource\themes\Simplicity\diskGoodGreen-250.png (7.4 KB)
Extracting: D:\Programs\Crystal Disk Info\CdiResource\themes\Simplicity\diskGoodGreen-300.png (5.7 KB)
Extracting: D:\Programs\Crystal Disk Info\CdiResource\themes\Simplicity\diskGoodGreenMini-100.png (746 bytes)
Extracting: D:\Programs\Crystal Disk Info\CdiResource\themes\Simplicity\diskGoodGreenMini-125.png (897 bytes)
Extracting: D:\Programs\Crystal Disk Info\CdiResource\themes\Simplicity\diskGoodGreenMini-150.png (1 KB)
Extracting: D:\Programs\Crystal Disk Info\CdiResource\themes\Simplicity\diskGoodGreenMini-200.png (1.5 KB)
Extracting: D:\Programs\Crystal Disk Info\CdiResource\themes\Simplicity\diskGoodGreenMini-250.png (4.7 KB)
Extracting: D:\Programs\Crystal Disk Info\CdiResource\themes\Simplicity\diskGoodGreenMini-300.png (4.7 KB)
Extracting: D:\Programs\Crystal Disk Info\CdiResource\themes\Simplicity\diskGoodMini-100.png (746 bytes)
Extracting: D:\Programs\Crystal Disk Info\CdiResource\themes\Simplicity\diskGoodMini-125.png (897 bytes)
Extracting: D:\Programs\Crystal Disk Info\CdiResource\themes\Simplicity\diskGoodMini-150.png (1 KB)
Extracting: D:\Programs\Crystal Disk Info\CdiResource\themes\Simplicity\diskGoodMini-200.png (1.5 KB)
Extracting: D:\Programs\Crystal Disk Info\CdiResource\themes\Simplicity\diskGoodMini-250.png (4.7 KB)
Extracting: D:\Programs\Crystal Disk Info\CdiResource\themes\Simplicity\diskGoodMini-300.png (4.7 KB)
Extracting: D:\Programs\Crystal Disk Info\CdiResource\themes\Simplicity\diskStatusBad-100.png (871 bytes)
Extracting: D:\Programs\Crystal Disk Info\CdiResource\themes\Simplicity\diskStatusBad-125.png (1 KB)
Extracting: D:\Programs\Crystal Disk Info\CdiResource\themes\Simplicity\diskStatusBad-150.png (1.2 KB)
Extracting: D:\Programs\Crystal Disk Info\CdiResource\themes\Simplicity\diskStatusBad-200.png (1.4 KB)
Extracting: D:\Programs\Crystal Disk Info\CdiResource\themes\Simplicity\diskStatusBad-250.png (2.2 KB)
Extracting: D:\Programs\Crystal Disk Info\CdiResource\themes\Simplicity\diskStatusBad-300.png (2.1 KB)
Extracting: D:\Programs\Crystal Disk Info\CdiResource\themes\Simplicity\diskStatusCaution-100.png (883 bytes)
Extracting: D:\Programs\Crystal Disk Info\CdiResource\themes\Simplicity\diskStatusCaution-125.png (1 KB)
Extracting: D:\Programs\Crystal Disk Info\CdiResource\themes\Simplicity\diskStatusCaution-150.png (1011 bytes)
Extracting: D:\Programs\Crystal Disk Info\CdiResource\themes\Simplicity\diskStatusCaution-200.png (1.4 KB)
Extracting: D:\Programs\Crystal Disk Info\CdiResource\themes\Simplicity\diskStatusCaution-250.png (2.1 KB)
Extracting: D:\Programs\Crystal Disk Info\CdiResource\themes\Simplicity\diskStatusCaution-300.png (2.1 KB)
Extracting: D:\Programs\Crystal Disk Info\CdiResource\themes\Simplicity\diskStatusGood-100.png (923 bytes)
Extracting: D:\Programs\Crystal Disk Info\CdiResource\themes\Simplicity\diskStatusGood-125.png (1.1 KB)
Extracting: D:\Programs\Crystal Disk Info\CdiResource\themes\Simplicity\diskStatusGood-150.png (1.3 KB)
Extracting: D:\Programs\Crystal Disk Info\CdiResource\themes\Simplicity\diskStatusGood-200.png (1.2 KB)
Extracting: D:\Programs\Crystal Disk Info\CdiResource\themes\Simplicity\diskStatusGood-250.png (2.2 KB)
Extracting: D:\Programs\Crystal Disk Info\CdiResource\themes\Simplicity\diskStatusGood-300.png (1.8 KB)
Extracting: D:\Programs\Crystal Disk Info\CdiResource\themes\Simplicity\diskStatusGoodGreen-100.png (923 bytes)
Extracting: D:\Programs\Crystal Disk Info\CdiResource\themes\Simplicity\diskStatusGoodGreen-125.png (1.1 KB)
Extracting: D:\Programs\Crystal Disk Info\CdiResource\themes\Simplicity\diskStatusGoodGreen-150.png (1.3 KB)
Extracting: D:\Programs\Crystal Disk Info\CdiResource\themes\Simplicity\diskStatusGoodGreen-200.png (1.2 KB)
Extracting: D:\Programs\Crystal Disk Info\CdiResource\themes\Simplicity\diskStatusGoodGreen-250.png (2.1 KB)
Extracting: D:\Programs\Crystal Disk Info\CdiResource\themes\Simplicity\diskStatusGoodGreen-300.png (1.8 KB)
Extracting: D:\Programs\Crystal Disk Info\CdiResource\themes\Simplicity\diskStatusUnknown-100.png (721 bytes)
Extracting: D:\Programs\Crystal Disk Info\CdiResource\themes\Simplicity\diskStatusUnknown-125.png (784 bytes)
Extracting: D:\Programs\Crystal Disk Info\CdiResource\themes\Simplicity\diskStatusUnknown-150.png (868 bytes)
Extracting: D:\Programs\Crystal Disk Info\CdiResource\themes\Simplicity\diskStatusUnknown-200.png (1.2 KB)
Extracting: D:\Programs\Crystal Disk Info\CdiResource\themes\Simplicity\diskStatusUnknown-250.png (1 KB)
Extracting: D:\Programs\Crystal Disk Info\CdiResource\themes\Simplicity\diskStatusUnknown-300.png (1.6 KB)
Extracting: D:\Programs\Crystal Disk Info\CdiResource\themes\Simplicity\diskUnknown-100.png (427 bytes)
Extracting: D:\Programs\Crystal Disk Info\CdiResource\themes\Simplicity\diskUnknown-125.png (532 bytes)
Extracting: D:\Programs\Crystal Disk Info\CdiResource\themes\Simplicity\diskUnknown-150.png (618 bytes)
Extracting: D:\Programs\Crystal Disk Info\CdiResource\themes\Simplicity\diskUnknown-200.png (926 bytes)
Extracting: D:\Programs\Crystal Disk Info\CdiResource\themes\Simplicity\diskUnknown-250.png (1.5 KB)
Extracting: D:\Programs\Crystal Disk Info\CdiResource\themes\Simplicity\diskUnknown-300.png (2.1 KB)
Extracting: D:\Programs\Crystal Disk Info\CdiResource\themes\Simplicity\diskUnknownMini-100.png (347 bytes)
Extracting: D:\Programs\Crystal Disk Info\CdiResource\themes\Simplicity\diskUnknownMini-125.png (444 bytes)
Extracting: D:\Programs\Crystal Disk Info\CdiResource\themes\Simplicity\diskUnknownMini-150.png (457 bytes)
Extracting: D:\Programs\Crystal Disk Info\CdiResource\themes\Simplicity\diskUnknownMini-200.png (751 bytes)
Extracting: D:\Programs\Crystal Disk Info\CdiResource\themes\Simplicity\diskUnknownMini-250.png (1.1 KB)
Extracting: D:\Programs\Crystal Disk Info\CdiResource\themes\Simplicity\diskUnknownMini-300.png (1.1 KB)
Extracting: D:\Programs\Crystal Disk Info\CdiResource\themes\Simplicity\temperatureBad-100.png (840 bytes)
Extracting: D:\Programs\Crystal Disk Info\CdiResource\themes\Simplicity\temperatureBad-125.png (1017 bytes)
Extracting: D:\Programs\Crystal Disk Info\CdiResource\themes\Simplicity\temperatureBad-150.png (1.2 KB)
Extracting: D:\Programs\Crystal Disk Info\CdiResource\themes\Simplicity\temperatureBad-200.png (1.4 KB)
Extracting: D:\Programs\Crystal Disk Info\CdiResource\themes\Simplicity\temperatureBad-250.png (1.4 KB)
Extracting: D:\Programs\Crystal Disk Info\CdiResource\themes\Simplicity\temperatureBad-300.png (2.1 KB)
Extracting: D:\Programs\Crystal Disk Info\CdiResource\themes\Simplicity\temperatureBadBad-100.png (1.1 KB)
Extracting: D:\Programs\Crystal Disk Info\CdiResource\themes\Simplicity\temperatureBadBad-125.png (1.2 KB)
Extracting: D:\Programs\Crystal Disk Info\CdiResource\themes\Simplicity\temperatureBadBad-150.png (1.5 KB)
Extracting: D:\Programs\Crystal Disk Info\CdiResource\themes\Simplicity\temperatureBadBad-200.png (2.3 KB)
Extracting: D:\Programs\Crystal Disk Info\CdiResource\themes\Simplicity\temperatureBadBad-300.png (3.9 KB)
Extracting: D:\Programs\Crystal Disk Info\CdiResource\themes\Simplicity\temperatureCaution-100.png (1.1 KB)
Extracting: D:\Programs\Crystal Disk Info\CdiResource\themes\Simplicity\temperatureCaution-125.png (1.2 KB)
Extracting: D:\Programs\Crystal Disk Info\CdiResource\themes\Simplicity\temperatureCaution-150.png (1.5 KB)
Extracting: D:\Programs\Crystal Disk Info\CdiResource\themes\Simplicity\temperatureCaution-200.png (2.3 KB)
Extracting: D:\Programs\Crystal Disk Info\CdiResource\themes\Simplicity\temperatureCaution-250.png (1.4 KB)
Extracting: D:\Programs\Crystal Disk Info\CdiResource\themes\Simplicity\temperatureCaution-300.png (4 KB)
Extracting: D:\Programs\Crystal Disk Info\CdiResource\themes\Simplicity\temperatureGood-100.png (863 bytes)
Extracting: D:\Programs\Crystal Disk Info\CdiResource\themes\Simplicity\temperatureGood-125.png (1 KB)
Extracting: D:\Programs\Crystal Disk Info\CdiResource\themes\Simplicity\temperatureGood-150.png (1.2 KB)
Extracting: D:\Programs\Crystal Disk Info\CdiResource\themes\Simplicity\temperatureGood-200.png (1.3 KB)
Extracting: D:\Programs\Crystal Disk Info\CdiResource\themes\Simplicity\temperatureGood-250.png (1.3 KB)
Extracting: D:\Programs\Crystal Disk Info\CdiResource\themes\Simplicity\temperatureGood-300.png (2.0 KB)
Extracting: D:\Programs\Crystal Disk Info\CdiResource\themes\Simplicity\temperatureGoodGreen-100.png (1.1 KB)
Extracting: D:\Programs\Crystal Disk Info\CdiResource\themes\Simplicity\temperatureGoodGreen-125.png (1.3 KB)
Extracting: D:\Programs\Crystal Disk Info\CdiResource\themes\Simplicity\temperatureGoodGreen-150.png (1.5 KB)
Extracting: D:\Programs\Crystal Disk Info\CdiResource\themes\Simplicity\temperatureGoodGreen-200.png (2.3 KB)
Extracting: D:\Programs\Crystal Disk Info\CdiResource\themes\Simplicity\temperatureGoodGreen-250.png (1.3 KB)
Extracting: D:\Programs\Crystal Disk Info\CdiResource\themes\Simplicity\temperatureGoodGreen-300.png (3.9 KB)
Extracting: D:\Programs\Crystal Disk Info\CdiResource\themes\Simplicity\temperatureUnknown-100.png (990 bytes)
Extracting: D:\Programs\Crystal Disk Info\CdiResource\themes\Simplicity\temperatureUnknown-125.png (1.2 KB)
Extracting: D:\Programs\Crystal Disk Info\CdiResource\themes\Simplicity\temperatureUnknown-150.png (1.4 KB)
Extracting: D:\Programs\Crystal Disk Info\CdiResource\themes\Simplicity\temperatureUnknown-200.png (2.1 KB)
Extracting: D:\Programs\Crystal Disk Info\CdiResource\themes\Simplicity\temperatureUnknown-250.png (1.2 KB)
Extracting: D:\Programs\Crystal Disk Info\CdiResource\themes\Simplicity\temperatureUnknown-300.png (3.5 KB)
Extracting: D:\Programs\Crystal Disk Info\CdiResource\themes\Simplicity\theme.ini (309 bytes)
Extracting: D:\Programs\Crystal Disk Info\DiskInfo64.exe (2.7 MB)
Extracting: D:\Programs\Crystal Disk Info\ReadMe.txt (966 bytes)
Extracting: D:\Programs\DMDE\changelog.txt (10.7 KB)
Extracting: D:\Programs\DMDE\deviohsc.txt (2.9 KB)
Extracting: D:\Programs\DMDE\dmde.exe (3.5 MB)
Extracting: D:\Programs\DMDE\dmde.ini (14 KB)
Extracting: D:\Programs\DMDE\dmde_en.chm (63.0 KB)
Extracting: D:\Programs\DMDE\eula.txt (6.2 KB)
Extracting: D:\Programs\DMDE\locals\de.lng (73.8 KB)
Extracting: D:\Programs\DMDE\locals\dmde_pl.chm (66.2 KB)
Extracting: D:\Programs\DMDE\locals\dmde_ru.chm (67.9 KB)
Extracting: D:\Programs\DMDE\locals\en.ln~ (61 KB)
Extracting: D:\Programs\DMDE\locals\es.lng (72.2 KB)
Extracting: D:\Programs\DMDE\locals\eula_ru.txt (6.1 KB)
Extracting: D:\Programs\DMDE\locals\fa.lng (93.9 KB)
Extracting: D:\Programs\DMDE\locals\fr.lng (73.6 KB)
Extracting: D:\Programs\DMDE\locals\it.lng (69.8 KB)
Extracting: D:\Programs\DMDE\locals\multi.tbl (4.9 KB)
Extracting: D:\Programs\DMDE\locals\pl.lng (74.2 KB)
Extracting: D:\Programs\DMDE\locals\pt-br.lng (65.8 KB)
Extracting: D:\Programs\DMDE\locals\pt-pt.lng (69.6 KB)
Extracting: D:\Programs\DMDE\locals\ru.lng (105.1 KB)
Extracting: D:\Programs\DMDE\locals\tr.lng (67.6 KB)
Extracting: D:\Programs\DMDE\locals\zh-cn.lng (55.8 KB)
Extracting: D:\Programs\DMDE\readme.txt (386 bytes)
Extracting: D:\Programs\DMDE\template.txt (106.4 KB)
Extracting: D:\Programs\Defraggler\Defraggler64.exe (4.9 MB)
Extracting: D:\Programs\Defraggler\Lang\lang-1025.dll (57.3 KB)
Extracting: D:\Programs\Defraggler\Lang\lang-1026.dll (61.8 KB)
Extracting: D:\Programs\Defraggler\Lang\lang-1027.dll (68.8 KB)
Extracting: D:\Programs\Defraggler\Lang\lang-1028.dll (31.3 KB)
Extracting: D:\Programs\Defraggler\Lang\lang-1029.dll (62.8 KB)
Extracting: D:\Programs\Defraggler\Lang\lang-1030.dll (60.3 KB)
Extracting: D:\Programs\Defraggler\Lang\lang-1031.dll (62.3 KB)
Extracting: D:\Programs\Defraggler\Lang\lang-1032.dll (72.8 KB)
Extracting: D:\Programs\Defraggler\Lang\lang-1034.dll (70.8 KB)
Extracting: D:\Programs\Defraggler\Lang\lang-1035.dll (64.8 KB)
Extracting: D:\Programs\Defraggler\Lang\lang-1036.dll (69.8 KB)
Extracting: D:\Programs\Defraggler\Lang\lang-1037.dll (51.3 KB)
Extracting: D:\Programs\Defraggler\Lang\lang-1038.dll (66.8 KB)
Extracting: D:\Programs\Defraggler\Lang\lang-1040.dll (64.3 KB)
Extracting: D:\Programs\Defraggler\Lang\lang-1041.dll (42.3 KB)
Extracting: D:\Programs\Defraggler\Lang\lang-1043.dll (66.8 KB)
Extracting: D:\Programs\Defraggler\Lang\lang-1044.dll (58.3 KB)
Extracting: D:\Programs\Defraggler\Lang\lang-1045.dll (64.3 KB)
Extracting: D:\Programs\Defraggler\Lang\lang-1046.dll (63.3 KB)
Extracting: D:\Programs\Defraggler\Lang\lang-1048.dll (60.3 KB)
Extracting: D:\Programs\Defraggler\Lang\lang-1049.dll (60.3 KB)
Extracting: D:\Programs\Defraggler\Lang\lang-1050.dll (67.3 KB)
Extracting: D:\Programs\Defraggler\Lang\lang-1051.dll (59.8 KB)
Extracting: D:\Programs\Defraggler\Lang\lang-1052.dll (62.8 KB)
Extracting: D:\Programs\Defraggler\Lang\lang-1053.dll (62.8 KB)
Extracting: D:\Programs\Defraggler\Lang\lang-1055.dll (60.3 KB)
Extracting: D:\Programs\Defraggler\Lang\lang-1057.dll (63.3 KB)
Extracting: D:\Programs\Defraggler\Lang\lang-1058.dll (63.3 KB)
Extracting: D:\Programs\Defraggler\Lang\lang-1059.dll (63.3 KB)
Extracting: D:\Programs\Defraggler\Lang\lang-1060.dll (64.8 KB)
Extracting: D:\Programs\Defraggler\Lang\lang-1061.dll (60.8 KB)
Extracting: D:\Programs\Defraggler\Lang\lang-1062.dll (64.3 KB)
Extracting: D:\Programs\Defraggler\Lang\lang-1063.dll (62.3 KB)
Extracting: D:\Programs\Defraggler\Lang\lang-1065.dll (58.3 KB)
Extracting: D:\Programs\Defraggler\Lang\lang-1066.dll (59.3 KB)
Extracting: D:\Programs\Defraggler\Lang\lang-1067.dll (59.8 KB)
Extracting: D:\Programs\Defraggler\Lang\lang-1071.dll (65.8 KB)
Extracting: D:\Programs\Defraggler\Lang\lang-1079.dll (62.8 KB)
Extracting: D:\Programs\Defraggler\Lang\lang-2052.dll (30.8 KB)
Extracting: D:\Programs\Defraggler\Lang\lang-2070.dll (62.8 KB)
Extracting: D:\Programs\Defraggler\Lang\lang-5146.dll (60.3 KB)
Extracting: D:\Programs\Defraggler\Lang\lang-9999.dll (59.8 KB)
Extracting: D:\Programs\Defraggler\df.exe (1.2 MB)
Extracting: D:\Programs\Defraggler\df64.exe (1.6 MB)
Extracting: D:\Programs\Dependency Walker\depends.chm (160.6 KB)
Extracting: D:\Programs\Dependency Walker\depends.dll (12 KB)
Extracting: D:\Programs\Dependency Walker\depends.exe (553 KB)
Extracting: D:\Programs\DiskGenius\DGFileViewer.exe (8.3 MB)
Extracting: D:\Programs\DiskGenius\DiskGenius.exe (27.4 MB)
Extracting: D:\Programs\DiskGenius\HdrwQcow.dll (135.7 KB)
Extracting: D:\Programs\DiskGenius\Hdrwvdi.dll (116.2 KB)
Extracting: D:\Programs\DiskGenius\Hdrwvhd.dll (116.7 KB)
Extracting: D:\Programs\DiskGenius\Hdrwvhdd.dll (203.7 KB)
Extracting: D:\Programs\DiskGenius\Hdrwvhdx.dll (135.2 KB)
Extracting: D:\Programs\DiskGenius\Hdrwvm.dll (191.2 KB)
Extracting: D:\Programs\DiskGenius\OfflineReg.exe (2 MB)
Extracting: D:\Programs\DiskGenius\Options.ini (50 bytes)
Extracting: D:\Programs\DiskGenius\SDL2.dll (1.4 MB)
Extracting: D:\Programs\DiskGenius\VPreview.dll (184.2 KB)
Extracting: D:\Programs\DiskGenius\avcodec-60.dll (8.4 MB)
Extracting: D:\Programs\DiskGenius\avdevice-60.dll (195.9 KB)
Extracting: D:\Programs\DiskGenius\avfilter-9.dll (3.1 MB)
Extracting: D:\Programs\DiskGenius\avformat-60.dll (2 MB)
Extracting: D:\Programs\DiskGenius\avutil-58.dll (819.9 KB)
Extracting: D:\Programs\DiskGenius\dsoframer.ocx (205 KB)
Extracting: D:\Programs\DiskGenius\lang\Language_arabic.lang (306.8 KB)
Extracting: D:\Programs\DiskGenius\lang\Language_dutch.lang (362.2 KB)
Extracting: D:\Programs\DiskGenius\lang\Language_french.lang (381.1 KB)
Extracting: D:\Programs\DiskGenius\lang\Language_german.lang (377.7 KB)
Extracting: D:\Programs\DiskGenius\lang\Language_hungarian.lang (349.5 KB)
Extracting: D:\Programs\DiskGenius\lang\Language_italian.lang (361.1 KB)
Extracting: D:\Programs\DiskGenius\lang\Language_japanese.lang (235.2 KB)
Extracting: D:\Programs\DiskGenius\lang\Language_korean.lang (235.3 KB)
Extracting: D:\Programs\DiskGenius\lang\Language_polish.lang (358.3 KB)
Extracting: D:\Programs\DiskGenius\lang\Language_portuguese.lang (359.9 KB)
Extracting: D:\Programs\DiskGenius\lang\Language_russian.lang (362.8 KB)
Extracting: D:\Programs\DiskGenius\lang\Language_spanish.lang (372.2 KB)
Extracting: D:\Programs\DiskGenius\lang\Language_turkish.lang (329.5 KB)
Extracting: D:\Programs\DiskGenius\libhefc.dll (2.4 MB)
Extracting: D:\Programs\DiskGenius\libwim.dll (482.0 KB)
Extracting: D:\Programs\DiskGenius\license_DG_En.txt (13.8 KB)
Extracting: D:\Programs\DiskGenius\license_DG_Jp.txt (5.7 KB)
Extracting: D:\Programs\DiskGenius\releasenote.txt (92.4 KB)
Extracting: D:\Programs\DiskGenius\swresample-4.dll (205.4 KB)
Extracting: D:\Programs\DiskGenius\swscale-7.dll (597.9 KB)
Extracting: D:\Programs\DriveSnapshot\snapshot64.exe (1.3 MB)
Extracting: D:\Programs\ESET Online Scanner\esetonlinescanner.exe (11.2 MB)
Extracting: D:\Programs\EaseUS Partition Master\DC\bin\AccountManager.dll (35.6 KB)
Extracting: D:\Programs\EaseUS Partition Master\DC\bin\ActivationOnline.dll (64.6 KB)
Extracting: D:\Programs\EaseUS Partition Master\DC\bin\ActiveOnline.dll (103.1 KB)
Extracting: D:\Programs\EaseUS Partition Master\DC\bin\Agent.dll (34.1 KB)
Extracting: D:\Programs\EaseUS Partition Master\DC\bin\AuthorizedMng.dll (228.6 KB)
Extracting: D:\Programs\EaseUS Partition Master\DC\bin\BPVolume.dll (231.1 KB)
Extracting: D:\Programs\EaseUS Partition Master\DC\bin\Boot.dll (636.1 KB)
Extracting: D:\Programs\EaseUS Partition Master\DC\bin\BootDriver.dll (80.6 KB)
Extracting: D:\Programs\EaseUS Partition Master\DC\bin\Burn.dll (43.1 KB)
Extracting: D:\Programs\EaseUS Partition Master\DC\bin\CallbackOperator.dll (30.1 KB)
Extracting: D:\Programs\EaseUS Partition Master\DC\bin\CloudOperator.dll (100.6 KB)
Extracting: D:\Programs\EaseUS Partition Master\DC\bin\CmdManager.dll (771.1 KB)
Extracting: D:\Programs\EaseUS Partition Master\DC\bin\CmdPack.dll (110.1 KB)
Extracting: D:\Programs\EaseUS Partition Master\DC\bin\CodeLog.dll (72.1 KB)
Extracting: D:\Programs\EaseUS Partition Master\DC\bin\Common.dll (111.6 KB)
Extracting: D:\Programs\EaseUS Partition Master\DC\bin\CompressFile.dll (24.1 KB)
Extracting: D:\Programs\EaseUS Partition Master\DC\bin\CorrectMbr.dll (29.6 KB)
Extracting: D:\Programs\EaseUS Partition Master\DC\bin\Device.dll (173.1 KB)
Extracting: D:\Programs\EaseUS Partition Master\DC\bin\DeviceAdapter.dll (34.1 KB)
Extracting: D:\Programs\EaseUS Partition Master\DC\bin\DeviceIO.dll (31.6 KB)
Extracting: D:\Programs\EaseUS Partition Master\DC\bin\DeviceManager.dll (428.1 KB)
Extracting: D:\Programs\EaseUS Partition Master\DC\bin\DsMonitor.dll (26.1 KB)
Extracting: D:\Programs\EaseUS Partition Master\DC\bin\DsRestore.dll (1.2 MB)
Extracting: D:\Programs\EaseUS Partition Master\DC\bin\EFIBoot.dll (55.1 KB)
Extracting: D:\Programs\EaseUS Partition Master\DC\bin\EUClone.ini (215 bytes)
Extracting: D:\Programs\EaseUS Partition Master\DC\bin\EUCloneClient.dll (169.1 KB)
Extracting: D:\Programs\EaseUS Partition Master\DC\bin\EUCloneServer.exe (237.1 KB)
Extracting: D:\Programs\EaseUS Partition Master\DC\bin\EnumDisk.dll (256.1 KB)
Extracting: D:\Programs\EaseUS Partition Master\DC\bin\EraseData.dll (46.1 KB)
Extracting: D:\Programs\EaseUS Partition Master\DC\bin\EuPipe.dll (53.6 KB)
Extracting: D:\Programs\EaseUS Partition Master\DC\bin\FATFileSystemAnalyser.dll (67.6 KB)
Extracting: D:\Programs\EaseUS Partition Master\DC\bin\FATSupport.dll (81.6 KB)
Extracting: D:\Programs\EaseUS Partition Master\DC\bin\FatCopy.dll (210.6 KB)
Extracting: D:\Programs\EaseUS Partition Master\DC\bin\FatLib.dll (98.6 KB)
Extracting: D:\Programs\EaseUS Partition Master\DC\bin\FatResizeMove.dll (203.1 KB)
Extracting: D:\Programs\EaseUS Partition Master\DC\bin\FileStorage.dll (176.6 KB)
Extracting: D:\Programs\EaseUS Partition Master\DC\bin\FileSystemAnalyser.dll (55.6 KB)
Extracting: D:\Programs\EaseUS Partition Master\DC\bin\FileSystemCheck.dll (119.1 KB)
Extracting: D:\Programs\EaseUS Partition Master\DC\bin\GetDriverInfo.dll (35.6 KB)
Extracting: D:\Programs\EaseUS Partition Master\DC\bin\HotDrv.dll (120.6 KB)
Extracting: D:\Programs\EaseUS Partition Master\DC\bin\IncTaskChange.dll (73.6 KB)
Extracting: D:\Programs\EaseUS Partition Master\DC\bin\License.dll (37.1 KB)
Extracting: D:\Programs\EaseUS Partition Master\DC\bin\Log.dll (26.1 KB)
Extracting: D:\Programs\EaseUS Partition Master\DC\bin\LogSys.dll (113.1 KB)
Extracting: D:\Programs\EaseUS Partition Master\DC\bin\MSVCP60_2.DLL (392.1 KB)
Extracting: D:\Programs\EaseUS Partition Master\DC\bin\Microsoft.VC90.ATL.manifest (468 bytes)
Extracting: D:\Programs\EaseUS Partition Master\DC\bin\Microsoft.VC90.CRT.cat (9.5 KB)
Extracting: D:\Programs\EaseUS Partition Master\DC\bin\Microsoft.VC90.CRT.manifest (526 bytes)
Extracting: D:\Programs\EaseUS Partition Master\DC\bin\Microsoft.VC90.MFC.manifest (550 bytes)
Extracting: D:\Programs\EaseUS Partition Master\DC\bin\Microsoft.VC90.MFCLOC.manifest (5.7 KB)
Extracting: D:\Programs\EaseUS Partition Master\DC\bin\Microsoft.VC90.OpenMP.manifest (473 bytes)
Extracting: D:\Programs\EaseUS Partition Master\DC\bin\NASOperator.dll (78.1 KB)
Extracting: D:\Programs\EaseUS Partition Master\DC\bin\NTFSCopy.dll (270.1 KB)
Extracting: D:\Programs\EaseUS Partition Master\DC\bin\NTFSFileSystemAnalyser.dll (64.1 KB)
Extracting: D:\Programs\EaseUS Partition Master\DC\bin\NTFSFormat.dll (503.6 KB)
Extracting: D:\Programs\EaseUS Partition Master\DC\bin\NTFSLib.dll (262.6 KB)
Extracting: D:\Programs\EaseUS Partition Master\DC\bin\NTFSUtil.dll (405.6 KB)
Extracting: D:\Programs\EaseUS Partition Master\DC\bin\NetDrive.dll (109.1 KB)
Extracting: D:\Programs\EaseUS Partition Master\DC\bin\NtfsSupport.dll (165.6 KB)
Extracting: D:\Programs\EaseUS Partition Master\DC\bin\Options.dll (41.6 KB)
Extracting: D:\Programs\EaseUS Partition Master\DC\bin\Partition.dll (180.6 KB)
Extracting: D:\Programs\EaseUS Partition Master\DC\bin\RapidNTFS.dll (186.1 KB)
Extracting: D:\Programs\EaseUS Partition Master\DC\bin\RegLib.dll (82.6 KB)
Extracting: D:\Programs\EaseUS Partition Master\DC\bin\ResizeNTFS.dll (257.1 KB)
Extracting: D:\Programs\EaseUS Partition Master\DC\bin\SuperFat.dll (77.1 KB)
Extracting: D:\Programs\EaseUS Partition Master\DC\bin\TBFireWall.dll (109.6 KB)
Extracting: D:\Programs\EaseUS Partition Master\DC\bin\TBGetRemoteNetInfo.dll (36.1 KB)
Extracting: D:\Programs\EaseUS Partition Master\DC\bin\TBLang.exe (174.6 KB)
Extracting: D:\Programs\EaseUS Partition Master\DC\bin\TbConfig.ini (75 bytes)
Extracting: D:\Programs\EaseUS Partition Master\DC\bin\TbConfig.xml (6.7 KB)
Extracting: D:\Programs\EaseUS Partition Master\DC\bin\TbDataSwap.dll (57.1 KB)
Extracting: D:\Programs\EaseUS Partition Master\DC\bin\TbService.dll (150.6 KB)
Extracting: D:\Programs\EaseUS Partition Master\DC\bin\Transmit.dll (102.1 KB)
Extracting: D:\Programs\EaseUS Partition Master\DC\bin\UILogic.dll (3.1 MB)
Extracting: D:\Programs\EaseUS Partition Master\DC\bin\Universal.dll (554.1 KB)
Extracting: D:\Programs\EaseUS Partition Master\DC\bin\UsbBootable.dll (38.6 KB)
Extracting: D:\Programs\EaseUS Partition Master\DC\bin\VssSupport.dll (24.6 KB)
Extracting: D:\Programs\EaseUS Partition Master\DC\bin\WinChkdsk.exe (51.6 KB)
Extracting: D:\Programs\EaseUS Partition Master\DC\bin\XmlWrapper.dll (69.6 KB)
Extracting: D:\Programs\EaseUS Partition Master\DC\bin\libeay32.dll (1.6 MB)
Extracting: D:\Programs\EaseUS Partition Master\DC\bin\libiconv-2.dll (1 MB)
Extracting: D:\Programs\EaseUS Partition Master\DC\bin\liblzma-5.dll (227 KB)
Extracting: D:\Programs\EaseUS Partition Master\DC\bin\libxml2-2.dll (1.7 MB)
Extracting: D:\Programs\EaseUS Partition Master\DC\bin\mfc90.dll (1.6 MB)
Extracting: D:\Programs\EaseUS Partition Master\DC\bin\mfc90chs.dll (38 KB)
Extracting: D:\Programs\EaseUS Partition Master\DC\bin\mfc90cht.dll (39 KB)
Extracting: D:\Programs\EaseUS Partition Master\DC\bin\mfc90deu.dll (65 KB)
Extracting: D:\Programs\EaseUS Partition Master\DC\bin\mfc90enu.dll (55.5 KB)
Extracting: D:\Programs\EaseUS Partition Master\DC\bin\mfc90esn.dll (63.5 KB)
Extracting: D:\Programs\EaseUS Partition Master\DC\bin\mfc90esp.dll (63.5 KB)
Extracting: D:\Programs\EaseUS Partition Master\DC\bin\mfc90fra.dll (64.5 KB)
Extracting: D:\Programs\EaseUS Partition Master\DC\bin\mfc90ita.dll (63 KB)
Extracting: D:\Programs\EaseUS Partition Master\DC\bin\mfc90jpn.dll (45.5 KB)
Extracting: D:\Programs\EaseUS Partition Master\DC\bin\mfc90kor.dll (45 KB)
Extracting: D:\Programs\EaseUS Partition Master\DC\bin\mfc90u.dll (1.6 MB)
Extracting: D:\Programs\EaseUS Partition Master\DC\bin\mfcm90.dll (65.5 KB)
Extracting: D:\Programs\EaseUS Partition Master\DC\bin\mfcm90u.dll (65.5 KB)
Extracting: D:\Programs\EaseUS Partition Master\DC\bin\msvcm90.dll (240 KB)
Extracting: D:\Programs\EaseUS Partition Master\DC\bin\msvcp120.dll (644.7 KB)
Extracting: D:\Programs\EaseUS Partition Master\DC\bin\msvcp90.dll (831.5 KB)
Extracting: D:\Programs\EaseUS Partition Master\DC\bin\msvcr120.dll (940.7 KB)
Extracting: D:\Programs\EaseUS Partition Master\DC\bin\msvcr90.dll (612.5 KB)
Extracting: D:\Programs\EaseUS Partition Master\DC\bin\ssleay32.dll (345 KB)
Extracting: D:\Programs\EaseUS Partition Master\DC\bin\usb\x64\DelEnum.sys (24.5 KB)
Extracting: D:\Programs\EaseUS Partition Master\DC\bin\usb\x86\DelEnum.sys (21.0 KB)
Extracting: D:\Programs\EaseUS Partition Master\DC\bin\vcomp90.dll (58.5 KB)
Extracting: D:\Programs\EaseUS Partition Master\DC\bin\zlib1.dll (187.3 KB)
Extracting: D:\Programs\EaseUS Partition Master\DC\bin\zstd.dll (265.6 KB)
Extracting: D:\Programs\EaseUS Partition Master\DC\multi\res_da_DK\bin\DsBackupConfig.ini (26.5 KB)
Extracting: D:\Programs\EaseUS Partition Master\DC\multi\res_da_DK\res\TBEMLib.ini (106.6 KB)
Extracting: D:\Programs\EaseUS Partition Master\DC\multi\res_da_DK\res\language.ini (157.5 KB)
Extracting: D:\Programs\EaseUS Partition Master\DC\multi\res_de_DE\bin\DsBackupConfig.ini (33.3 KB)
Extracting: D:\Programs\EaseUS Partition Master\DC\multi\res_de_DE\res\TBEMLib.ini (122.2 KB)
Extracting: D:\Programs\EaseUS Partition Master\DC\multi\res_de_DE\res\language.ini (183.5 KB)
Extracting: D:\Programs\EaseUS Partition Master\DC\multi\res_en_US\bin\DsBackupConfig.ini (26.4 KB)
Extracting: D:\Programs\EaseUS Partition Master\DC\multi\res_en_US\res\TBEMLib.ini (108.4 KB)
Extracting: D:\Programs\EaseUS Partition Master\DC\multi\res_en_US\res\language.ini (157.1 KB)
Extracting: D:\Programs\EaseUS Partition Master\DC\multi\res_es_ES\bin\DsBackupConfig.ini (33.8 KB)
Extracting: D:\Programs\EaseUS Partition Master\DC\multi\res_es_ES\res\TBEMLib.ini (120.1 KB)
Extracting: D:\Programs\EaseUS Partition Master\DC\multi\res_es_ES\res\language.ini (190.1 KB)
Extracting: D:\Programs\EaseUS Partition Master\DC\multi\res_fr_FR\bin\DsBackupConfig.ini (32.9 KB)
Extracting: D:\Programs\EaseUS Partition Master\DC\multi\res_fr_FR\res\TBEMLib.ini (121.1 KB)
Extracting: D:\Programs\EaseUS Partition Master\DC\multi\res_fr_FR\res\language.ini (186.5 KB)
Extracting: D:\Programs\EaseUS Partition Master\DC\multi\res_it_IT\bin\DsBackupConfig.ini (32.0 KB)
Extracting: D:\Programs\EaseUS Partition Master\DC\multi\res_it_IT\res\TBEMLib.ini (115.4 KB)
Extracting: D:\Programs\EaseUS Partition Master\DC\multi\res_it_IT\res\language.ini (177.2 KB)
Extracting: D:\Programs\EaseUS Partition Master\DC\multi\res_ja_JP\bin\DsBackupConfig.ini (20 KB)
Extracting: D:\Programs\EaseUS Partition Master\DC\multi\res_ja_JP\res\TBEMLib.ini (140.9 KB)
Extracting: D:\Programs\EaseUS Partition Master\DC\multi\res_ja_JP\res\language.ini (124.8 KB)
Extracting: D:\Programs\EaseUS Partition Master\DC\multi\res_ko_KR\bin\DsBackupConfig.ini (20.1 KB)
Extracting: D:\Programs\EaseUS Partition Master\DC\multi\res_ko_KR\res\TBEMLib.ini (123.6 KB)
Extracting: D:\Programs\EaseUS Partition Master\DC\multi\res_ko_KR\res\language.ini (127.0 KB)
Extracting: D:\Programs\EaseUS Partition Master\DC\multi\res_nl_NL\bin\DsBackupConfig.ini (28.6 KB)
Extracting: D:\Programs\EaseUS Partition Master\DC\multi\res_nl_NL\res\TBEMLib.ini (111.1 KB)
Extracting: D:\Programs\EaseUS Partition Master\DC\multi\res_nl_NL\res\language.ini (163.8 KB)
Extracting: D:\Programs\EaseUS Partition Master\DC\multi\res_poland\bin\DsBackupConfig.ini (30 KB)
Extracting: D:\Programs\EaseUS Partition Master\DC\multi\res_poland\res\TBEMLib.ini (119.2 KB)
Extracting: D:\Programs\EaseUS Partition Master\DC\multi\res_poland\res\language.ini (178.6 KB)
Extracting: D:\Programs\EaseUS Partition Master\DC\multi\res_portugal\bin\DsBackupConfig.ini (29.5 KB)
Extracting: D:\Programs\EaseUS Partition Master\DC\multi\res_portugal\res\TBEMLib.ini (116.4 KB)
Extracting: D:\Programs\EaseUS Partition Master\DC\multi\res_portugal\res\language.ini (173.2 KB)
Extracting: D:\Programs\EaseUS Partition Master\DC\multi\res_zh_CN\bin\DsBackupConfig.ini (15.9 KB)
Extracting: D:\Programs\EaseUS Partition Master\DC\multi\res_zh_CN\res\TBEMLib.ini (103 KB)
Extracting: D:\Programs\EaseUS Partition Master\DC\multi\res_zh_CN\res\language.ini (109.5 KB)
Extracting: D:\Programs\EaseUS Partition Master\DC\multi\res_zh_TW\bin\DsBackupConfig.ini (15.1 KB)
Extracting: D:\Programs\EaseUS Partition Master\DC\multi\res_zh_TW\res\TBEMLib.ini (100.3 KB)
Extracting: D:\Programs\EaseUS Partition Master\DC\multi\res_zh_TW\res\language.ini (105.9 KB)
Extracting: D:\Programs\EaseUS Partition Master\bin\AddDrivers.exe (451.5 KB)
Extracting: D:\Programs\EaseUS Partition Master\bin\AutoUpdate.dll (97.6 KB)
Extracting: D:\Programs\EaseUS Partition Master\bin\AutoUpdate.manifest (381 bytes)
Extracting: D:\Programs\EaseUS Partition Master\bin\CallbackOperator.manifest (618 bytes)
Extracting: D:\Programs\EaseUS Partition Master\bin\CallbackOperator.mo (41.1 KB)
Extracting: D:\Programs\EaseUS Partition Master\bin\CheckVersion.manifest (618 bytes)
Extracting: D:\Programs\EaseUS Partition Master\bin\CheckVersion.mo (210.1 KB)
Extracting: D:\Programs\EaseUS Partition Master\bin\CodeLog.dll (72.1 KB)
Extracting: D:\Programs\EaseUS Partition Master\bin\Common.manifest (618 bytes)
Extracting: D:\Programs\EaseUS Partition Master\bin\Common.mo (172.1 KB)
Extracting: D:\Programs\EaseUS Partition Master\bin\Config.manifest (618 bytes)
Extracting: D:\Programs\EaseUS Partition Master\bin\Config.mo (166.6 KB)
Extracting: D:\Programs\EaseUS Partition Master\bin\ConvertApplication.manifest (618 bytes)
Extracting: D:\Programs\EaseUS Partition Master\bin\ConvertFat2NTFS.exe (22.1 KB)
Extracting: D:\Programs\EaseUS Partition Master\bin\ConvertFatToNTFS.manifest (618 bytes)
Extracting: D:\Programs\EaseUS Partition Master\bin\ConvertFatToNTFS.mo (80.1 KB)
Extracting: D:\Programs\EaseUS Partition Master\bin\Device.manifest (618 bytes)
Extracting: D:\Programs\EaseUS Partition Master\bin\Device.mo (400.6 KB)
Extracting: D:\Programs\EaseUS Partition Master\bin\DeviceAdapter.manifest (618 bytes)
Extracting: D:\Programs\EaseUS Partition Master\bin\DeviceAdapter.mo (40.6 KB)
Extracting: D:\Programs\EaseUS Partition Master\bin\DeviceManager.manifest (618 bytes)
Extracting: D:\Programs\EaseUS Partition Master\bin\DeviceManager.mo (788.1 KB)
Extracting: D:\Programs\EaseUS Partition Master\bin\EFIBoot.mo (87.1 KB)
Extracting: D:\Programs\EaseUS Partition Master\bin\EUCloneClient.dll (169.1 KB)
Extracting: D:\Programs\EaseUS Partition Master\bin\EULicenseDLL.dll (32.1 KB)
Extracting: D:\Programs\EaseUS Partition Master\bin\Error.manifest (618 bytes)
Extracting: D:\Programs\EaseUS Partition Master\bin\Error.mo (86.1 KB)
Extracting: D:\Programs\EaseUS Partition Master\bin\ExtFileSystemAnalyser.manifest (618 bytes)
Extracting: D:\Programs\EaseUS Partition Master\bin\ExtFileSystemAnalyser.mo (96.6 KB)
Extracting: D:\Programs\EaseUS Partition Master\bin\ExtFormat.manifest (618 bytes)
Extracting: D:\Programs\EaseUS Partition Master\bin\ExtFormat.mo (153.6 KB)
Extracting: D:\Programs\EaseUS Partition Master\bin\ExtResizeMove.manifest (618 bytes)
Extracting: D:\Programs\EaseUS Partition Master\bin\ExtResizeMove.mo (610.6 KB)
Extracting: D:\Programs\EaseUS Partition Master\bin\FATFileSystemAnalyser.manifest (618 bytes)
Extracting: D:\Programs\EaseUS Partition Master\bin\FATFileSystemAnalyser.mo (161.1 KB)
Extracting: D:\Programs\EaseUS Partition Master\bin\FatCopy.manifest (618 bytes)
Extracting: D:\Programs\EaseUS Partition Master\bin\FatCopy.mo (305.6 KB)
Extracting: D:\Programs\EaseUS Partition Master\bin\FatFileSystemMove.manifest (618 bytes)
Extracting: D:\Programs\EaseUS Partition Master\bin\FatFileSystemMove.mo (255.6 KB)
Extracting: D:\Programs\EaseUS Partition Master\bin\FatFormat.manifest (618 bytes)
Extracting: D:\Programs\EaseUS Partition Master\bin\FatFormat.mo (88.6 KB)
Extracting: D:\Programs\EaseUS Partition Master\bin\FatLib.manifest (618 bytes)
Extracting: D:\Programs\EaseUS Partition Master\bin\FatLib.mo (146.6 KB)
Extracting: D:\Programs\EaseUS Partition Master\bin\FatResizeMove.manifest (618 bytes)
Extracting: D:\Programs\EaseUS Partition Master\bin\FatResizeMove.mo (288.1 KB)
Extracting: D:\Programs\EaseUS Partition Master\bin\FileSystem.manifest (618 bytes)
Extracting: D:\Programs\EaseUS Partition Master\bin\FileSystem.mo (209.6 KB)
Extracting: D:\Programs\EaseUS Partition Master\bin\FileSystemAnalyser.manifest (618 bytes)
Extracting: D:\Programs\EaseUS Partition Master\bin\FileSystemAnalyser.mo (81.1 KB)
Extracting: D:\Programs\EaseUS Partition Master\bin\FileSystemCheck.manifest (618 bytes)
Extracting: D:\Programs\EaseUS Partition Master\bin\FileSystemCheck.mo (155.1 KB)
Extracting: D:\Programs\EaseUS Partition Master\bin\Fixup.manifest (618 bytes)
Extracting: D:\Programs\EaseUS Partition Master\bin\Fixup.mo (117.1 KB)
Extracting: D:\Programs\EaseUS Partition Master\bin\LdmManager.manifest (618 bytes)
Extracting: D:\Programs\EaseUS Partition Master\bin\LdmManager.mo (1 MB)
Extracting: D:\Programs\EaseUS Partition Master\bin\LicenseMgr.dll (30.1 KB)
Extracting: D:\Programs\EaseUS Partition Master\bin\Log.manifest (618 bytes)
Extracting: D:\Programs\EaseUS Partition Master\bin\Log.mo (36.6 KB)
Extracting: D:\Programs\EaseUS Partition Master\bin\Main.exe (3.2 MB)
Extracting: D:\Programs\EaseUS Partition Master\bin\MergePartition.mo (196.1 KB)
Extracting: D:\Programs\EaseUS Partition Master\bin\Microsoft.VC90.ATL.manifest (468 bytes)
Extracting: D:\Programs\EaseUS Partition Master\bin\Microsoft.VC90.CRT.manifest (1.8 KB)
Extracting: D:\Programs\EaseUS Partition Master\bin\Microsoft.vc90.MFC.manifest (2.3 KB)
Extracting: D:\Programs\EaseUS Partition Master\bin\Mom.manifest (618 bytes)
Extracting: D:\Programs\EaseUS Partition Master\bin\Mom.mo (115.1 KB)
Extracting: D:\Programs\EaseUS Partition Master\bin\NTFSCopy.manifest (618 bytes)
Extracting: D:\Programs\EaseUS Partition Master\bin\NTFSCopy.mo (372.1 KB)
Extracting: D:\Programs\EaseUS Partition Master\bin\NTFSFileSystemAnalyser.manifest (618 bytes)
Extracting: D:\Programs\EaseUS Partition Master\bin\NTFSFileSystemAnalyser.mo (182.6 KB)
Extracting: D:\Programs\EaseUS Partition Master\bin\NTFSFormat.manifest (618 bytes)
Extracting: D:\Programs\EaseUS Partition Master\bin\NTFSFormat.mo (525.6 KB)
Extracting: D:\Programs\EaseUS Partition Master\bin\NTFSLib.manifest (618 bytes)
Extracting: D:\Programs\EaseUS Partition Master\bin\NTFSLib.mo (339.1 KB)
Extracting: D:\Programs\EaseUS Partition Master\bin\NTFSUtil.manifest (618 bytes)
Extracting: D:\Programs\EaseUS Partition Master\bin\NTFSUtil.mo (1.1 MB)
Extracting: D:\Programs\EaseUS Partition Master\bin\NtfsResizeMove.manifest (618 bytes)
Extracting: D:\Programs\EaseUS Partition Master\bin\NtfsResizeMove.mo (361.6 KB)
Extracting: D:\Programs\EaseUS Partition Master\bin\Partition.manifest (618 bytes)
Extracting: D:\Programs\EaseUS Partition Master\bin\Partition.mo (414.1 KB)
Extracting: D:\Programs\EaseUS Partition Master\bin\PartitionRecovery.manifest (618 bytes)
Extracting: D:\Programs\EaseUS Partition Master\bin\PartitionRecovery.mo (312.1 KB)
Extracting: D:\Programs\EaseUS Partition Master\bin\Qt5Core.dll (5.3 MB)
Extracting: D:\Programs\EaseUS Partition Master\bin\Qt5Gui.dll (5.7 MB)
Extracting: D:\Programs\EaseUS Partition Master\bin\Qt5Widgets.dll (5.3 MB)
Extracting: D:\Programs\EaseUS Partition Master\bin\Qt5WinExtras.dll (275 KB)
Extracting: D:\Programs\EaseUS Partition Master\bin\QtLib.dll (1.5 MB)
Extracting: D:\Programs\EaseUS Partition Master\bin\RegLib.manifest (618 bytes)
Extracting: D:\Programs\EaseUS Partition Master\bin\RegLib.mo (120.6 KB)
Extracting: D:\Programs\EaseUS Partition Master\bin\ResizeNTFS.manifest (618 bytes)
Extracting: D:\Programs\EaseUS Partition Master\bin\ResizeNTFS.mo (354.1 KB)
Extracting: D:\Programs\EaseUS Partition Master\bin\SectorCopy.manifest (618 bytes)
Extracting: D:\Programs\EaseUS Partition Master\bin\SectorCopy.mo (77.6 KB)
Extracting: D:\Programs\EaseUS Partition Master\bin\TbConfig.ini (75 bytes)
Extracting: D:\Programs\EaseUS Partition Master\bin\Thread.manifest (618 bytes)
Extracting: D:\Programs\EaseUS Partition Master\bin\Thread.mo (104.1 KB)
Extracting: D:\Programs\EaseUS Partition Master\bin\UICloneModule.dll (4.2 MB)
Extracting: D:\Programs\EaseUS Partition Master\bin\UICreateModule.dll (2.3 MB)
Extracting: D:\Programs\EaseUS Partition Master\bin\UICreateWinPEModule.dll (2.2 MB)
Extracting: D:\Programs\EaseUS Partition Master\bin\UIMainModule.dll (3.5 MB)
Extracting: D:\Programs\EaseUS Partition Master\bin\UIManager.dll (1.3 MB)
Extracting: D:\Programs\EaseUS Partition Master\bin\UIRecoveryModule.dll (2.7 MB)
Extracting: D:\Programs\EaseUS Partition Master\bin\UIResizeMoveModule.dll (2.6 MB)
Extracting: D:\Programs\EaseUS Partition Master\bin\UIToolsModule.dll (4.9 MB)
Extracting: D:\Programs\EaseUS Partition Master\bin\WinChkdsk.exe (74.1 KB)
Extracting: D:\Programs\EaseUS Partition Master\bin\WinChkdsk.manifest (618 bytes)
Extracting: D:\Programs\EaseUS Partition Master\bin\WinFormat.manifest (618 bytes)
Extracting: D:\Programs\EaseUS Partition Master\bin\WinFormat.mo (81.6 KB)
Extracting: D:\Programs\EaseUS Partition Master\bin\atl90.dll (175.5 KB)
Extracting: D:\Programs\EaseUS Partition Master\bin\iconengines\qsvgicon.dll (36 KB)
Extracting: D:\Programs\EaseUS Partition Master\bin\imageformats\qgif.dll (29 KB)
Extracting: D:\Programs\EaseUS Partition Master\bin\imageformats\qico.dll (30 KB)
Extracting: D:\Programs\EaseUS Partition Master\bin\libeay32.dll (1.6 MB)
Extracting: D:\Programs\EaseUS Partition Master\bin\mfc90.dll (1.6 MB)
Extracting: D:\Programs\EaseUS Partition Master\bin\mfc90u.dll (1.6 MB)
Extracting: D:\Programs\EaseUS Partition Master\bin\mfcm90.dll (65.5 KB)
Extracting: D:\Programs\EaseUS Partition Master\bin\mfcm90u.dll (65.5 KB)
Extracting: D:\Programs\EaseUS Partition Master\bin\msvcm90.dll (239.5 KB)
Extracting: D:\Programs\EaseUS Partition Master\bin\msvcp100.dll (593.8 KB)
Extracting: D:\Programs\EaseUS Partition Master\bin\msvcp120.dll (644.7 KB)
Extracting: D:\Programs\EaseUS Partition Master\bin\msvcp90.dll (831.5 KB)
Extracting: D:\Programs\EaseUS Partition Master\bin\msvcr100.dll (809.8 KB)
Extracting: D:\Programs\EaseUS Partition Master\bin\msvcr120.dll (940.7 KB)
Extracting: D:\Programs\EaseUS Partition Master\bin\msvcr90.dll (612.5 KB)
Extracting: D:\Programs\EaseUS Partition Master\bin\platforms\qminimal.dll (32.5 KB)
Extracting: D:\Programs\EaseUS Partition Master\bin\platforms\qoffscreen.dll (632 KB)
Extracting: D:\Programs\EaseUS Partition Master\bin\platforms\qwindows.dll (1.2 MB)
Extracting: D:\Programs\EaseUS Partition Master\bin\spawn.exe (63.6 KB)
Extracting: D:\Programs\EaseUS Partition Master\bin\spawn.exe.manifest (381 bytes)
Extracting: D:\Programs\EaseUS Partition Master\bin\ssleay32.dll (345 KB)
Extracting: D:\Programs\EaseUS Partition Master\bin\zlib1.dll (187.3 KB)
Extracting: D:\Programs\EaseUS Partition Master\multi\epmui_da.qm (139.5 KB)
Extracting: D:\Programs\EaseUS Partition Master\multi\epmui_de.qm (152.1 KB)
Extracting: D:\Programs\EaseUS Partition Master\multi\epmui_en.qm (136.5 KB)
Extracting: D:\Programs\EaseUS Partition Master\multi\epmui_es.qm (150.4 KB)
Extracting: D:\Programs\EaseUS Partition Master\multi\epmui_fr.qm (153.3 KB)
Extracting: D:\Programs\EaseUS Partition Master\multi\epmui_it.qm (148.4 KB)
Extracting: D:\Programs\EaseUS Partition Master\multi\epmui_ja.qm (105.5 KB)
Extracting: D:\Programs\EaseUS Partition Master\multi\epmui_kr.qm (104.4 KB)
Extracting: D:\Programs\EaseUS Partition Master\multi\epmui_nl.qm (146.4 KB)
Extracting: D:\Programs\EaseUS Partition Master\multi\epmui_pl.qm (143.6 KB)
Extracting: D:\Programs\EaseUS Partition Master\multi\epmui_pt.qm (144.8 KB)
Extracting: D:\Programs\EaseUS Partition Master\multi\epmui_tw.qm (90.0 KB)
Extracting: D:\Programs\EaseUS Partition Master\multi\qt_da.qm (117 KB)
Extracting: D:\Programs\EaseUS Partition Master\multi\qt_de.qm (161.2 KB)
Extracting: D:\Programs\EaseUS Partition Master\multi\qt_es.qm (80.5 KB)
Extracting: D:\Programs\EaseUS Partition Master\multi\qt_fr.qm (249.2 KB)
Extracting: D:\Programs\EaseUS Partition Master\multi\qt_it.qm (150.6 KB)
Extracting: D:\Programs\EaseUS Partition Master\multi\qt_ja.qm (120.2 KB)
Extracting: D:\Programs\EaseUS Partition Master\multi\qt_pl.qm (308.8 KB)
Extracting: D:\Programs\EaseUS Partition Master\multi\qt_pt.qm (68.7 KB)
Extracting: D:\Programs\EaseUS Partition Master\multi\qt_zh_CN.qm (114.6 KB)
Extracting: D:\Programs\EaseUS Partition Master\multi\qt_zh_TW.qm (114.5 KB)
Extracting: D:\Programs\EaseUS Partition Master\multi\res_da_DK\Setup.ini (757 bytes)
Extracting: D:\Programs\EaseUS Partition Master\multi\res_da_DK\UIConfigAdd.ini (1.9 KB)
Extracting: D:\Programs\EaseUS Partition Master\multi\res_da_DK\language.ini (5.4 KB)
Extracting: D:\Programs\EaseUS Partition Master\multi\res_de_DE\Setup.ini (867 bytes)
Extracting: D:\Programs\EaseUS Partition Master\multi\res_de_DE\UIConfigAdd.ini (1.9 KB)
Extracting: D:\Programs\EaseUS Partition Master\multi\res_de_DE\language.ini (6.2 KB)
Extracting: D:\Programs\EaseUS Partition Master\multi\res_en_US\Setup.ini (749 bytes)
Extracting: D:\Programs\EaseUS Partition Master\multi\res_en_US\UIConfigAdd.ini (1.8 KB)
Extracting: D:\Programs\EaseUS Partition Master\multi\res_en_US\language.ini (5.4 KB)
Extracting: D:\Programs\EaseUS Partition Master\multi\res_es_ES\Setup.ini (814 bytes)
Extracting: D:\Programs\EaseUS Partition Master\multi\res_es_ES\UIConfigAdd.ini (1.9 KB)
Extracting: D:\Programs\EaseUS Partition Master\multi\res_es_ES\language.ini (5.8 KB)
Extracting: D:\Programs\EaseUS Partition Master\multi\res_fr_FR\Setup.ini (813 bytes)
Extracting: D:\Programs\EaseUS Partition Master\multi\res_fr_FR\UIConfigAdd.ini (1.9 KB)
Extracting: D:\Programs\EaseUS Partition Master\multi\res_fr_FR\language.ini (6.3 KB)
Extracting: D:\Programs\EaseUS Partition Master\multi\res_it_IT\Setup.ini (807 bytes)
Extracting: D:\Programs\EaseUS Partition Master\multi\res_it_IT\UIConfigAdd.ini (1.8 KB)
Extracting: D:\Programs\EaseUS Partition Master\multi\res_it_IT\language.ini (5.9 KB)
Extracting: D:\Programs\EaseUS Partition Master\multi\res_ja_JP\Setup.ini (1.6 KB)
Extracting: D:\Programs\EaseUS Partition Master\multi\res_ja_JP\UIConfigAdd.ini (1.9 KB)
Extracting: D:\Programs\EaseUS Partition Master\multi\res_ja_JP\language.ini (10.5 KB)
Extracting: D:\Programs\EaseUS Partition Master\multi\res_ko_KR\Setup.ini (767 bytes)
Extracting: D:\Programs\EaseUS Partition Master\multi\res_ko_KR\UIConfigAdd.ini (1.9 KB)
Extracting: D:\Programs\EaseUS Partition Master\multi\res_ko_KR\language.ini (4.3 KB)
Extracting: D:\Programs\EaseUS Partition Master\multi\res_nl_NL\Setup.ini (806 bytes)
Extracting: D:\Programs\EaseUS Partition Master\multi\res_nl_NL\UIConfigAdd.ini (1.8 KB)
Extracting: D:\Programs\EaseUS Partition Master\multi\res_nl_NL\language.ini (5.8 KB)
Extracting: D:\Programs\EaseUS Partition Master\multi\res_pl_PL\Setup.ini (852 bytes)
Extracting: D:\Programs\EaseUS Partition Master\multi\res_pl_PL\UIConfigAdd.ini (1.9 KB)
Extracting: D:\Programs\EaseUS Partition Master\multi\res_pl_PL\language.ini (5.9 KB)
Extracting: D:\Programs\EaseUS Partition Master\multi\res_pt_PT\Setup.ini (801 bytes)
Extracting: D:\Programs\EaseUS Partition Master\multi\res_pt_PT\UIConfigAdd.ini (1.9 KB)
Extracting: D:\Programs\EaseUS Partition Master\multi\res_pt_PT\language.ini (6 KB)
Extracting: D:\Programs\EaseUS Partition Master\multi\res_zh_CN\Setup.ini (634 bytes)
Extracting: D:\Programs\EaseUS Partition Master\multi\res_zh_CN\UIConfigAdd.ini (1.9 KB)
Extracting: D:\Programs\EaseUS Partition Master\multi\res_zh_CN\language.ini (3.8 KB)
Extracting: D:\Programs\EaseUS Partition Master\multi\res_zh_TW\Setup.ini (786 bytes)
Extracting: D:\Programs\EaseUS Partition Master\multi\res_zh_TW\UIConfigAdd.ini (1.8 KB)
Extracting: D:\Programs\EaseUS Partition Master\multi\res_zh_TW\language.ini (4.1 KB)
Extracting: D:\Programs\EaseUS Partition Master\multi\setup_urls\Free\epmsetupurls.ini (13.4 KB)
Extracting: D:\Programs\EaseUS Partition Master\multi\setup_urls\Free_EDM\epmsetupurls.ini (13.4 KB)
Extracting: D:\Programs\EaseUS Partition Master\multi\setup_urls\Free_Efrontier\epmsetupurls.ini (13.4 KB)
Extracting: D:\Programs\EaseUS Partition Master\multi\setup_urls\Free_Xagon\epmsetupurls.ini (1.5 KB)
Extracting: D:\Programs\EaseUS Partition Master\multi\setup_urls\Trial\epmsetupurls.ini (13.4 KB)
Extracting: D:\Programs\EaseUS Partition Master\multi\setup_urls\Trial_AD\epmsetupurls.ini (14.4 KB)
Extracting: D:\Programs\EaseUS Partition Master\multi\setup_urls\Trial_Efrontier\epmsetupurls.ini (13.4 KB)
Extracting: D:\Programs\EaseUS Partition Master\multi\setup_urls\Trial_Xagon\epmsetupurls.ini (1.5 KB)
Extracting: D:\Programs\EaseUS Partition Master\multi\urls.ini (58.6 KB)
Extracting: D:\Programs\EaseUS Partition Master\res\192_192_32.ico (361.4 KB)
Extracting: D:\Programs\EaseUS Partition Master\res\48_48_8.ico (9.4 KB)
Extracting: D:\Programs\EaseUS Partition Master\res\AllocateAdd.png (3.8 KB)
Extracting: D:\Programs\EaseUS Partition Master\res\AllocateDel.png (3.6 KB)
Extracting: D:\Programs\EaseUS Partition Master\res\CleanUp.png (1.6 KB)
Extracting: D:\Programs\EaseUS Partition Master\res\ConsoleHelp.ini (1.6 KB)
Extracting: D:\Programs\EaseUS Partition Master\res\Drive.png (17.4 KB)
Extracting: D:\Programs\EaseUS Partition Master\res\File.png (17.4 KB)
Extracting: D:\Programs\EaseUS Partition Master\res\Fleur.png (390 bytes)
Extracting: D:\Programs\EaseUS Partition Master\res\Folder.png (14.7 KB)
Extracting: D:\Programs\EaseUS Partition Master\res\HDoubleArrow.png (380 bytes)
Extracting: D:\Programs\EaseUS Partition Master\res\Hand.png (3.0 KB)
Extracting: D:\Programs\EaseUS Partition Master\res\InstallNo.png (450 bytes)
Extracting: D:\Programs\EaseUS Partition Master\res\InstallYes.png (714 bytes)
Extracting: D:\Programs\EaseUS Partition Master\res\LimtHint.png (494 bytes)
Extracting: D:\Programs\EaseUS Partition Master\res\LimtHintOver.png (468 bytes)
Extracting: D:\Programs\EaseUS Partition Master\res\StyleSheet.css (10.0 KB)
Extracting: D:\Programs\EaseUS Partition Master\res\TaskItem.png (225 bytes)
Extracting: D:\Programs\EaseUS Partition Master\res\ToolsApp.ini (356 bytes)
Extracting: D:\Programs\EaseUS Partition Master\res\UIConfig.ini (606 bytes)
Extracting: D:\Programs\EaseUS Partition Master\res\UnconnectServer.png (3.4 KB)
Extracting: D:\Programs\EaseUS Partition Master\res\Wizard_arrow.png (3.0 KB)
Extracting: D:\Programs\EaseUS Partition Master\res\Wizard_arrow_disable.png (1.4 KB)
Extracting: D:\Programs\EaseUS Partition Master\res\Yiwo.png (1.6 KB)
Extracting: D:\Programs\EaseUS Partition Master\res\activate_log.png (1.8 KB)
Extracting: D:\Programs\EaseUS Partition Master\res\apply.png (3.1 KB)
Extracting: D:\Programs\EaseUS Partition Master\res\arrowD.png (2.8 KB)
Extracting: D:\Programs\EaseUS Partition Master\res\arrowU.png (2.8 KB)
Extracting: D:\Programs\EaseUS Partition Master\res\arrow_expand.png (221 bytes)
Extracting: D:\Programs\EaseUS Partition Master\res\border_shadow.png (3.5 KB)
Extracting: D:\Programs\EaseUS Partition Master\res\buy.png (3.5 KB)
Extracting: D:\Programs\EaseUS Partition Master\res\buy_version_disable.png (422 bytes)
Extracting: D:\Programs\EaseUS Partition Master\res\check_halfsel.png (250 bytes)
Extracting: D:\Programs\EaseUS Partition Master\res\check_halfsel_disable.png (218 bytes)
Extracting: D:\Programs\EaseUS Partition Master\res\check_sel.png (478 bytes)
Extracting: D:\Programs\EaseUS Partition Master\res\check_sel_disable.png (413 bytes)
Extracting: D:\Programs\EaseUS Partition Master\res\check_unsel.png (225 bytes)
Extracting: D:\Programs\EaseUS Partition Master\res\check_unsel_disable.png (188 bytes)
Extracting: D:\Programs\EaseUS Partition Master\res\closepop.png (3.1 KB)
Extracting: D:\Programs\EaseUS Partition Master\res\compare_free.png (1.6 KB)
Extracting: D:\Programs\EaseUS Partition Master\res\compare_professional.png (1.7 KB)
Extracting: D:\Programs\EaseUS Partition Master\res\compare_server.png (2.1 KB)
Extracting: D:\Programs\EaseUS Partition Master\res\compare_unlimited.png (2.2 KB)
Extracting: D:\Programs\EaseUS Partition Master\res\disk_icon_s.png (14.9 KB)
Extracting: D:\Programs\EaseUS Partition Master\res\drag.png (139 bytes)
Extracting: D:\Programs\EaseUS Partition Master\res\easeus.png (3 KB)
Extracting: D:\Programs\EaseUS Partition Master\res\errorIcon.png (3.2 KB)
Extracting: D:\Programs\EaseUS Partition Master\res\fill_bg.png (112 bytes)
Extracting: D:\Programs\EaseUS Partition Master\res\free_disable.png (489 bytes)
Extracting: D:\Programs\EaseUS Partition Master\res\helppop.png (3.9 KB)
Extracting: D:\Programs\EaseUS Partition Master\res\ic_4k.png (322 bytes)
Extracting: D:\Programs\EaseUS Partition Master\res\ic_allocatespace.png (501 bytes)
Extracting: D:\Programs\EaseUS Partition Master\res\ic_ascend.png (164 bytes)
Extracting: D:\Programs\EaseUS Partition Master\res\ic_basic.png (529 bytes)
Extracting: D:\Programs\EaseUS Partition Master\res\ic_check.png (403 bytes)
Extracting: D:\Programs\EaseUS Partition Master\res\ic_clone.png (164 bytes)
Extracting: D:\Programs\EaseUS Partition Master\res\ic_close.png (274 bytes)
Extracting: D:\Programs\EaseUS Partition Master\res\ic_convert.png (308 bytes)
Extracting: D:\Programs\EaseUS Partition Master\res\ic_create.png (428 bytes)
Extracting: D:\Programs\EaseUS Partition Master\res\ic_delete.png (172 bytes)
Extracting: D:\Programs\EaseUS Partition Master\res\ic_descend.png (161 bytes)
Extracting: D:\Programs\EaseUS Partition Master\res\ic_dynamic.png (526 bytes)
Extracting: D:\Programs\EaseUS Partition Master\res\ic_explore.png (314 bytes)
Extracting: D:\Programs\EaseUS Partition Master\res\ic_format.png (314 bytes)
Extracting: D:\Programs\EaseUS Partition Master\res\ic_hide.png (532 bytes)
Extracting: D:\Programs\EaseUS Partition Master\res\ic_initialize.png (601 bytes)
Extracting: D:\Programs\EaseUS Partition Master\res\ic_label.png (589 bytes)
Extracting: D:\Programs\EaseUS Partition Master\res\ic_letter.png (393 bytes)
Extracting: D:\Programs\EaseUS Partition Master\res\ic_logical.png (372 bytes)
Extracting: D:\Programs\EaseUS Partition Master\res\ic_mbr.png (535 bytes)
Extracting: D:\Programs\EaseUS Partition Master\res\ic_merge.png (425 bytes)
Extracting: D:\Programs\EaseUS Partition Master\res\ic_migrateos.png (256 bytes)
Extracting: D:\Programs\EaseUS Partition Master\res\ic_more.png (116 bytes)
Extracting: D:\Programs\EaseUS Partition Master\res\ic_more_arrow.png (191 bytes)
Extracting: D:\Programs\EaseUS Partition Master\res\ic_nfts.png (502 bytes)
Extracting: D:\Programs\EaseUS Partition Master\res\ic_primary.png (485 bytes)
Extracting: D:\Programs\EaseUS Partition Master\res\ic_property.png (168 bytes)
Extracting: D:\Programs\EaseUS Partition Master\res\ic_repair.png (439 bytes)
Extracting: D:\Programs\EaseUS Partition Master\res\ic_resize.png (292 bytes)
Extracting: D:\Programs\EaseUS Partition Master\res\ic_resize_ex.png (292 bytes)
Extracting: D:\Programs\EaseUS Partition Master\res\ic_setactive.png (386 bytes)
Extracting: D:\Programs\EaseUS Partition Master\res\ic_surface.png (433 bytes)
Extracting: D:\Programs\EaseUS Partition Master\res\ic_unhide.png (382 bytes)
Extracting: D:\Programs\EaseUS Partition Master\res\ic_wipe.png (548 bytes)
Extracting: D:\Programs\EaseUS Partition Master\res\ico-logo.png (4.3 KB)
Extracting: D:\Programs\EaseUS Partition Master\res\icon_addriver.png (407 bytes)
Extracting: D:\Programs\EaseUS Partition Master\res\icon_alert.png (555 bytes)
Extracting: D:\Programs\EaseUS Partition Master\res\icon_arrow_down.png (198 bytes)
Extracting: D:\Programs\EaseUS Partition Master\res\icon_arrow_up.png (182 bytes)
Extracting: D:\Programs\EaseUS Partition Master\res\icon_backup.png (384 bytes)
Extracting: D:\Programs\EaseUS Partition Master\res\icon_clone.png (182 bytes)
Extracting: D:\Programs\EaseUS Partition Master\res\icon_combox_arrow_disable.png (199 bytes)
Extracting: D:\Programs\EaseUS Partition Master\res\icon_combox_arrow_disbale.png (199 bytes)
Extracting: D:\Programs\EaseUS Partition Master\res\icon_combox_arrow_normal.png (210 bytes)
Extracting: D:\Programs\EaseUS Partition Master\res\icon_command.png (254 bytes)
Extracting: D:\Programs\EaseUS Partition Master\res\icon_disk_epm.png (345 bytes)
Extracting: D:\Programs\EaseUS Partition Master\res\icon_disk_os.png (413 bytes)
Extracting: D:\Programs\EaseUS Partition Master\res\icon_dropdown.png (171 bytes)
Extracting: D:\Programs\EaseUS Partition Master\res\icon_info.png (598 bytes)
Extracting: D:\Programs\EaseUS Partition Master\res\icon_migrate.png (241 bytes)
Extracting: D:\Programs\EaseUS Partition Master\res\icon_mobimover.png (686 bytes)
Extracting: D:\Programs\EaseUS Partition Master\res\icon_partition.png (522 bytes)
Extracting: D:\Programs\EaseUS Partition Master\res\icon_partition_recovery.png (543 bytes)
Extracting: D:\Programs\EaseUS Partition Master\res\icon_pctrans.png (549 bytes)
Extracting: D:\Programs\EaseUS Partition Master\res\icon_quest.png (829 bytes)
Extracting: D:\Programs\EaseUS Partition Master\res\icon_recovery.png (291 bytes)
Extracting: D:\Programs\EaseUS Partition Master\res\icon_tool.png (384 bytes)
Extracting: D:\Programs\EaseUS Partition Master\res\icon_toolsm.png (419 bytes)
Extracting: D:\Programs\EaseUS Partition Master\res\icon_winpe.png (222 bytes)
Extracting: D:\Programs\EaseUS Partition Master\res\icon_wrong.png (687 bytes)
Extracting: D:\Programs\EaseUS Partition Master\res\info.png (310 bytes)
Extracting: D:\Programs\EaseUS Partition Master\res\langind.ini (1.1 KB)
Extracting: D:\Programs\EaseUS Partition Master\res\link_broken.png (1.1 KB)
Extracting: D:\Programs\EaseUS Partition Master\res\list.png (3.0 KB)
Extracting: D:\Programs\EaseUS Partition Master\res\loading\loading00.png (1.3 KB)
Extracting: D:\Programs\EaseUS Partition Master\res\loading\loading01.png (1.3 KB)
Extracting: D:\Programs\EaseUS Partition Master\res\loading\loading02.png (1.3 KB)
Extracting: D:\Programs\EaseUS Partition Master\res\loading\loading03.png (1.3 KB)
Extracting: D:\Programs\EaseUS Partition Master\res\loading\loading04.png (1.3 KB)
Extracting: D:\Programs\EaseUS Partition Master\res\loading\loading05.png (1.3 KB)
Extracting: D:\Programs\EaseUS Partition Master\res\loading\loading06.png (1.3 KB)
Extracting: D:\Programs\EaseUS Partition Master\res\loading\loading07.png (1.3 KB)
Extracting: D:\Programs\EaseUS Partition Master\res\loading.gif (33.0 KB)
Extracting: D:\Programs\EaseUS Partition Master\res\logo_chkupdate.png (2.3 KB)
Extracting: D:\Programs\EaseUS Partition Master\res\logo_update.png (1.3 KB)
Extracting: D:\Programs\EaseUS Partition Master\res\logocolour_DRW.png (4.7 KB)
Extracting: D:\Programs\EaseUS Partition Master\res\logocolour_MM.png (4.4 KB)
Extracting: D:\Programs\EaseUS Partition Master\res\logocolour_TB.png (5.6 KB)
Extracting: D:\Programs\EaseUS Partition Master\res\logocolour_pct.png (5.5 KB)
Extracting: D:\Programs\EaseUS Partition Master\res\logocolour_toolm.png (1.5 KB)
Extracting: D:\Programs\EaseUS Partition Master\res\menu_about.png (472 bytes)
Extracting: D:\Programs\EaseUS Partition Master\res\menu_check_upgrade.png (552 bytes)
Extracting: D:\Programs\EaseUS Partition Master\res\menu_email.png (600 bytes)
Extracting: D:\Programs\EaseUS Partition Master\res\menu_fb.png (292 bytes)
Extracting: D:\Programs\EaseUS Partition Master\res\menu_generate_report.png (217 bytes)
Extracting: D:\Programs\EaseUS Partition Master\res\menu_google.png (631 bytes)
Extracting: D:\Programs\EaseUS Partition Master\res\menu_help.png (509 bytes)
Extracting: D:\Programs\EaseUS Partition Master\res\menu_more.png (182 bytes)
Extracting: D:\Programs\EaseUS Partition Master\res\menu_pm.png (559 bytes)
Extracting: D:\Programs\EaseUS Partition Master\res\menu_settings.png (757 bytes)
Extracting: D:\Programs\EaseUS Partition Master\res\menu_tech.png (675 bytes)
Extracting: D:\Programs\EaseUS Partition Master\res\menu_twitter.png (745 bytes)
Extracting: D:\Programs\EaseUS Partition Master\res\pci_unallocated.png (178 bytes)
Extracting: D:\Programs\EaseUS Partition Master\res\pie_ring.png (212.4 KB)
Extracting: D:\Programs\EaseUS Partition Master\res\professinal_enable.png (426 bytes)
Extracting: D:\Programs\EaseUS Partition Master\res\radio_checked.png (691 bytes)
Extracting: D:\Programs\EaseUS Partition Master\res\radio_checked_disable.png (605 bytes)
Extracting: D:\Programs\EaseUS Partition Master\res\radio_unchecked.png (588 bytes)
Extracting: D:\Programs\EaseUS Partition Master\res\radio_unchecked_disable.png (606 bytes)
Extracting: D:\Programs\EaseUS Partition Master\res\redo.png (3.4 KB)
Extracting: D:\Programs\EaseUS Partition Master\res\refresh.png (4.1 KB)
Extracting: D:\Programs\EaseUS Partition Master\res\server_enable.png (556 bytes)
Extracting: D:\Programs\EaseUS Partition Master\res\start-bg.png (205.8 KB)
Extracting: D:\Programs\EaseUS Partition Master\res\start-logo.png (2 KB)
Extracting: D:\Programs\EaseUS Partition Master\res\success_b.png (4.7 KB)
Extracting: D:\Programs\EaseUS Partition Master\res\title_activate.png (3.7 KB)
Extracting: D:\Programs\EaseUS Partition Master\res\title_close.png (3.1 KB)
Extracting: D:\Programs\EaseUS Partition Master\res\title_help.png (3.8 KB)
Extracting: D:\Programs\EaseUS Partition Master\res\title_logo.png (684 bytes)
Extracting: D:\Programs\EaseUS Partition Master\res\title_maximize.png (2.9 KB)
Extracting: D:\Programs\EaseUS Partition Master\res\title_menu.png (2.9 KB)
Extracting: D:\Programs\EaseUS Partition Master\res\title_minimize.png (2.9 KB)
Extracting: D:\Programs\EaseUS Partition Master\res\title_restorewindow.png (3.0 KB)
Extracting: D:\Programs\EaseUS Partition Master\res\unallocated_block.png (991.8 KB)
Extracting: D:\Programs\EaseUS Partition Master\res\undo.png (3.4 KB)
Extracting: D:\Programs\EaseUS Partition Master\res\unlimited_enable.png (586 bytes)
Extracting: D:\Programs\EaseUS Partition Master\res\version_no.png (256 bytes)
Extracting: D:\Programs\EaseUS Partition Master\res\version_yes.png (229 bytes)
Extracting: D:\Programs\EaseUS Partition Master\res\waiting.gif (9.5 KB)
Extracting: D:\Programs\EaseUS Partition Master\res\warnIcon.png (3.2 KB)
Extracting: D:\Programs\EaseUS Partition Master\res\winpe.ico (190.4 KB)
Extracting: D:\Programs\EasyBCD\EasyBCD.exe (875.1 KB)
Extracting: D:\Programs\EasyBCD\EasyBCD.exe.config (340 bytes)
Extracting: D:\Programs\EasyBCD\NeoSmart.Localization.dll (23.5 KB)
Extracting: D:\Programs\EasyBCD\bin\BootGrabber.exe (183.6 KB)
Extracting: D:\Programs\EasyBCD\bin\NST Downloader.exe (18.6 KB)
Extracting: D:\Programs\EasyBCD\bin\NetTest.exe (11.1 KB)
Extracting: D:\Programs\EasyBCD\bin\UtfRedirect.exe (189.6 KB)
Extracting: D:\Programs\EasyBCD\bin\bcdboot.exe (142.5 KB)
Extracting: D:\Programs\EasyBCD\bin\bcdedit.exe (317 KB)
Extracting: D:\Programs\EasyBCD\bin\bootsect.exe (107.8 KB)
Extracting: D:\Programs\EasyBCD\bin\udefrag-kernel.dll (46.5 KB)
Extracting: D:\Programs\EasyBCD\bin\udefrag.dll (8 KB)
Extracting: D:\Programs\EasyBCD\bin\udefrag.exe (24 KB)
Extracting: D:\Programs\EasyBCD\bin\zenwinx.dll (46 KB)
Extracting: D:\Programs\EasyBCD\lang\README.md (1.9 KB)
Extracting: D:\Programs\EasyBCD\lang\ar\AboutBox.xml (1.8 KB)
Extracting: D:\Programs\EasyBCD\lang\ar\BcdLibrary.xml (3.4 KB)
Extracting: D:\Programs\EasyBCD\lang\ar\DefragDialog.xml (361 bytes)
Extracting: D:\Programs\EasyBCD\lang\ar\DonationDialog.xml (1.2 KB)
Extracting: D:\Programs\EasyBCD\lang\ar\DriveSelect.xml (1.2 KB)
Extracting: D:\Programs\EasyBCD\lang\ar\EasyBCD.xml (24.4 KB)
Extracting: D:\Programs\EasyBCD\lang\ar\LanguageDialog.xml (426 bytes)
Extracting: D:\Programs\EasyBCD\lang\ar\LicenseDialog.xml (2 KB)
Extracting: D:\Programs\EasyBCD\lang\ar\MainUI.xml (11.6 KB)
Extracting: D:\Programs\EasyBCD\lang\ar\OptionsDialog.xml (3 KB)
Extracting: D:\Programs\EasyBCD\lang\ar\ProgressDialog.xml (405 bytes)
Extracting: D:\Programs\EasyBCD\lang\ar\SdiMaker.xml (929 bytes)
Extracting: D:\Programs\EasyBCD\lang\ar\properties.xml (193 bytes)
Extracting: D:\Programs\EasyBCD\lang\ca\AboutBox.xml (1.4 KB)
Extracting: D:\Programs\EasyBCD\lang\ca\BcdLibrary.xml (2.9 KB)
Extracting: D:\Programs\EasyBCD\lang\ca\DefragDialog.xml (249 bytes)
Extracting: D:\Programs\EasyBCD\lang\ca\DonationDialog.xml (962 bytes)
Extracting: D:\Programs\EasyBCD\lang\ca\DriveSelect.xml (957 bytes)
Extracting: D:\Programs\EasyBCD\lang\ca\EasyBCD.xml (18.4 KB)
Extracting: D:\Programs\EasyBCD\lang\ca\LanguageDialog.xml (284 bytes)
Extracting: D:\Programs\EasyBCD\lang\ca\LicenseDialog.xml (1.7 KB)
Extracting: D:\Programs\EasyBCD\lang\ca\MainUI.xml (11.5 KB)
Extracting: D:\Programs\EasyBCD\lang\ca\OptionsDialog.xml (2.6 KB)
Extracting: D:\Programs\EasyBCD\lang\ca\ProgressDialog.xml (285 bytes)
Extracting: D:\Programs\EasyBCD\lang\ca\SdiMaker.xml (690 bytes)
Extracting: D:\Programs\EasyBCD\lang\ca\properties.xml (187 bytes)
Extracting: D:\Programs\EasyBCD\lang\cs\AboutBox.xml (1.5 KB)
Extracting: D:\Programs\EasyBCD\lang\cs\BcdLibrary.xml (2.6 KB)
Extracting: D:\Programs\EasyBCD\lang\cs\DefragDialog.xml (346 bytes)
Extracting: D:\Programs\EasyBCD\lang\cs\DonationDialog.xml (1.1 KB)
Extracting: D:\Programs\EasyBCD\lang\cs\DriveSelect.xml (994 bytes)
Extracting: D:\Programs\EasyBCD\lang\cs\EasyBCD.xml (17.9 KB)
Extracting: D:\Programs\EasyBCD\lang\cs\LanguageDialog.xml (416 bytes)
Extracting: D:\Programs\EasyBCD\lang\cs\LicenseDialog.xml (1.7 KB)
Extracting: D:\Programs\EasyBCD\lang\cs\MainUI.xml (10 KB)
Extracting: D:\Programs\EasyBCD\lang\cs\OptionsDialog.xml (2.7 KB)
Extracting: D:\Programs\EasyBCD\lang\cs\ProgressDialog.xml (373 bytes)
Extracting: D:\Programs\EasyBCD\lang\cs\SdiMaker.xml (848 bytes)
Extracting: D:\Programs\EasyBCD\lang\cs\properties.xml (189 bytes)
Extracting: D:\Programs\EasyBCD\lang\de\AboutBox.xml (1.4 KB)
Extracting: D:\Programs\EasyBCD\lang\de\BcdLibrary.xml (3.1 KB)
Extracting: D:\Programs\EasyBCD\lang\de\DefragDialog.xml (345 bytes)
Extracting: D:\Programs\EasyBCD\lang\de\DonationDialog.xml (1.1 KB)
Extracting: D:\Programs\EasyBCD\lang\de\DriveSelect.xml (1.1 KB)
Extracting: D:\Programs\EasyBCD\lang\de\EasyBCD.xml (21.0 KB)
Extracting: D:\Programs\EasyBCD\lang\de\LanguageDialog.xml (436 bytes)
Extracting: D:\Programs\EasyBCD\lang\de\LicenseDialog.xml (1.9 KB)
Extracting: D:\Programs\EasyBCD\lang\de\MainUI.xml (11.1 KB)
Extracting: D:\Programs\EasyBCD\lang\de\OptionsDialog.xml (2.8 KB)
Extracting: D:\Programs\EasyBCD\lang\de\ProgressDialog.xml (380 bytes)
Extracting: D:\Programs\EasyBCD\lang\de\SdiMaker.xml (851 bytes)
Extracting: D:\Programs\EasyBCD\lang\de\properties.xml (187 bytes)
Extracting: D:\Programs\EasyBCD\lang\el\AboutBox.xml (1.8 KB)
Extracting: D:\Programs\EasyBCD\lang\el\BcdLibrary.xml (4.1 KB)
Extracting: D:\Programs\EasyBCD\lang\el\DefragDialog.xml (371 bytes)
Extracting: D:\Programs\EasyBCD\lang\el\DonationDialog.xml (1.4 KB)
Extracting: D:\Programs\EasyBCD\lang\el\DriveSelect.xml (1.5 KB)
Extracting: D:\Programs\EasyBCD\lang\el\EasyBCD.xml (29.6 KB)
Extracting: D:\Programs\EasyBCD\lang\el\LanguageDialog.xml (482 bytes)
Extracting: D:\Programs\EasyBCD\lang\el\LicenseDialog.xml (2.3 KB)
Extracting: D:\Programs\EasyBCD\lang\el\MainUI.xml (13.2 KB)
Extracting: D:\Programs\EasyBCD\lang\el\OptionsDialog.xml (3.4 KB)
Extracting: D:\Programs\EasyBCD\lang\el\ProgressDialog.xml (436 bytes)
Extracting: D:\Programs\EasyBCD\lang\el\SdiMaker.xml (1.1 KB)
Extracting: D:\Programs\EasyBCD\lang\el\properties.xml (196 bytes)
Extracting: D:\Programs\EasyBCD\lang\en-US\AboutBox.xml (1.4 KB)
Extracting: D:\Programs\EasyBCD\lang\en-US\BcdLibrary.xml (2.9 KB)
Extracting: D:\Programs\EasyBCD\lang\en-US\DefragDialog.xml (337 bytes)
Extracting: D:\Programs\EasyBCD\lang\en-US\DonationDialog.xml (1 KB)
Extracting: D:\Programs\EasyBCD\lang\en-US\DriveSelect.xml (1010 bytes)
Extracting: D:\Programs\EasyBCD\lang\en-US\EasyBCD.xml (18.3 KB)
Extracting: D:\Programs\EasyBCD\lang\en-US\LanguageDialog.xml (408 bytes)
Extracting: D:\Programs\EasyBCD\lang\en-US\LicenseDialog.xml (1.7 KB)
Extracting: D:\Programs\EasyBCD\lang\en-US\MainUI.xml (12.6 KB)
Extracting: D:\Programs\EasyBCD\lang\en-US\OptionsDialog.xml (2.6 KB)
Extracting: D:\Programs\EasyBCD\lang\en-US\ProgressDialog.xml (368 bytes)
Extracting: D:\Programs\EasyBCD\lang\en-US\SdiMaker.xml (793 bytes)
Extracting: D:\Programs\EasyBCD\lang\en-US\properties.xml (188 bytes)
Extracting: D:\Programs\EasyBCD\lang\es\AboutBox.xml (1.4 KB)
Extracting: D:\Programs\EasyBCD\lang\es\BcdLibrary.xml (2.9 KB)
Extracting: D:\Programs\EasyBCD\lang\es\DefragDialog.xml (252 bytes)
Extracting: D:\Programs\EasyBCD\lang\es\DonationDialog.xml (949 bytes)
Extracting: D:\Programs\EasyBCD\lang\es\DriveSelect.xml (949 bytes)
Extracting: D:\Programs\EasyBCD\lang\es\EasyBCD.xml (18.6 KB)
Extracting: D:\Programs\EasyBCD\lang\es\LanguageDialog.xml (284 bytes)
Extracting: D:\Programs\EasyBCD\lang\es\LicenseDialog.xml (1.7 KB)
Extracting: D:\Programs\EasyBCD\lang\es\MainUI.xml (11.3 KB)
Extracting: D:\Programs\EasyBCD\lang\es\OptionsDialog.xml (2.7 KB)
Extracting: D:\Programs\EasyBCD\lang\es\ProgressDialog.xml (287 bytes)
Extracting: D:\Programs\EasyBCD\lang\es\SdiMaker.xml (701 bytes)
Extracting: D:\Programs\EasyBCD\lang\es\properties.xml (188 bytes)
Extracting: D:\Programs\EasyBCD\lang\fr\AboutBox.xml (1.6 KB)
Extracting: D:\Programs\EasyBCD\lang\fr\BcdLibrary.xml (3.1 KB)
Extracting: D:\Programs\EasyBCD\lang\fr\DefragDialog.xml (360 bytes)
Extracting: D:\Programs\EasyBCD\lang\fr\DonationDialog.xml (1 KB)
Extracting: D:\Programs\EasyBCD\lang\fr\DriveSelect.xml (1.1 KB)
Extracting: D:\Programs\EasyBCD\lang\fr\EasyBCD.xml (21.6 KB)
Extracting: D:\Programs\EasyBCD\lang\fr\LanguageDialog.xml (424 bytes)
Extracting: D:\Programs\EasyBCD\lang\fr\LicenseDialog.xml (1.8 KB)
Extracting: D:\Programs\EasyBCD\lang\fr\MainUI.xml (11.9 KB)
Extracting: D:\Programs\EasyBCD\lang\fr\OptionsDialog.xml (2.9 KB)
Extracting: D:\Programs\EasyBCD\lang\fr\ProgressDialog.xml (389 bytes)
Extracting: D:\Programs\EasyBCD\lang\fr\SdiMaker.xml (856 bytes)
Extracting: D:\Programs\EasyBCD\lang\fr\properties.xml (189 bytes)
Extracting: D:\Programs\EasyBCD\lang\he\AboutBox.xml (1.7 KB)
Extracting: D:\Programs\EasyBCD\lang\he\BcdLibrary.xml (3.2 KB)
Extracting: D:\Programs\EasyBCD\lang\he\DefragDialog.xml (356 bytes)
Extracting: D:\Programs\EasyBCD\lang\he\DonationDialog.xml (1.1 KB)
Extracting: D:\Programs\EasyBCD\lang\he\DriveSelect.xml (1003 bytes)
Extracting: D:\Programs\EasyBCD\lang\he\EasyBCD.xml (8.8 KB)
Extracting: D:\Programs\EasyBCD\lang\he\LanguageDialog.xml (326 bytes)
Extracting: D:\Programs\EasyBCD\lang\he\LicenseDialog.xml (1.9 KB)
Extracting: D:\Programs\EasyBCD\lang\he\MainUI.xml (12.4 KB)
Extracting: D:\Programs\EasyBCD\lang\he\OptionsDialog.xml (2.8 KB)
Extracting: D:\Programs\EasyBCD\lang\he\ProgressDialog.xml (372 bytes)
Extracting: D:\Programs\EasyBCD\lang\he\SdiMaker.xml (526 bytes)
Extracting: D:\Programs\EasyBCD\lang\he\properties.xml (190 bytes)
Extracting: D:\Programs\EasyBCD\lang\hu\AboutBox.xml (1.4 KB)
Extracting: D:\Programs\EasyBCD\lang\hu\BcdLibrary.xml (3 KB)
Extracting: D:\Programs\EasyBCD\lang\hu\DefragDialog.xml (355 bytes)
Extracting: D:\Programs\EasyBCD\lang\hu\DonationDialog.xml (1.1 KB)
Extracting: D:\Programs\EasyBCD\lang\hu\DriveSelect.xml (1 KB)
Extracting: D:\Programs\EasyBCD\lang\hu\EasyBCD.xml (19.1 KB)
Extracting: D:\Programs\EasyBCD\lang\hu\LanguageDialog.xml (330 bytes)
Extracting: D:\Programs\EasyBCD\lang\hu\LicenseDialog.xml (1.8 KB)
Extracting: D:\Programs\EasyBCD\lang\hu\MainUI.xml (14.2 KB)
Extracting: D:\Programs\EasyBCD\lang\hu\OptionsDialog.xml (2.9 KB)
Extracting: D:\Programs\EasyBCD\lang\hu\ProgressDialog.xml (385 bytes)
Extracting: D:\Programs\EasyBCD\lang\hu\SdiMaker.xml (821 bytes)
Extracting: D:\Programs\EasyBCD\lang\hu\properties.xml (186 bytes)
Extracting: D:\Programs\EasyBCD\lang\it\AboutBox.xml (1.5 KB)
Extracting: D:\Programs\EasyBCD\lang\it\BcdLibrary.xml (3 KB)
Extracting: D:\Programs\EasyBCD\lang\it\DefragDialog.xml (351 bytes)
Extracting: D:\Programs\EasyBCD\lang\it\DonationDialog.xml (1.1 KB)
Extracting: D:\Programs\EasyBCD\lang\it\DriveSelect.xml (1 KB)
Extracting: D:\Programs\EasyBCD\lang\it\EasyBCD.xml (20.4 KB)
Extracting: D:\Programs\EasyBCD\lang\it\LanguageDialog.xml (422 bytes)
Extracting: D:\Programs\EasyBCD\lang\it\LicenseDialog.xml (1.8 KB)
Extracting: D:\Programs\EasyBCD\lang\it\MainUI.xml (12.3 KB)
Extracting: D:\Programs\EasyBCD\lang\it\OptionsDialog.xml (2.8 KB)
Extracting: D:\Programs\EasyBCD\lang\it\ProgressDialog.xml (375 bytes)
Extracting: D:\Programs\EasyBCD\lang\it\SdiMaker.xml (867 bytes)
Extracting: D:\Programs\EasyBCD\lang\it\properties.xml (188 bytes)
Extracting: D:\Programs\EasyBCD\lang\ko\AboutBox.xml (1.5 KB)
Extracting: D:\Programs\EasyBCD\lang\ko\BcdLibrary.xml (3.1 KB)
Extracting: D:\Programs\EasyBCD\lang\ko\DefragDialog.xml (246 bytes)
Extracting: D:\Programs\EasyBCD\lang\ko\DonationDialog.xml (1.1 KB)
Extracting: D:\Programs\EasyBCD\lang\ko\DriveSelect.xml (1 KB)
Extracting: D:\Programs\EasyBCD\lang\ko\EasyBCD.xml (20.2 KB)
Extracting: D:\Programs\EasyBCD\lang\ko\LanguageDialog.xml (221 bytes)
Extracting: D:\Programs\EasyBCD\lang\ko\LicenseDialog.xml (1.8 KB)
Extracting: D:\Programs\EasyBCD\lang\ko\MainUI.xml (11.0 KB)
Extracting: D:\Programs\EasyBCD\lang\ko\OptionsDialog.xml (2.6 KB)
Extracting: D:\Programs\EasyBCD\lang\ko\ProgressDialog.xml (303 bytes)
Extracting: D:\Programs\EasyBCD\lang\ko\SdiMaker.xml (440 bytes)
Extracting: D:\Programs\EasyBCD\lang\ko\properties.xml (189 bytes)
Extracting: D:\Programs\EasyBCD\lang\pl\AboutBox.xml (1.5 KB)
Extracting: D:\Programs\EasyBCD\lang\pl\BcdLibrary.xml (3 KB)
Extracting: D:\Programs\EasyBCD\lang\pl\DefragDialog.xml (351 bytes)
Extracting: D:\Programs\EasyBCD\lang\pl\DonationDialog.xml (1.2 KB)
Extracting: D:\Programs\EasyBCD\lang\pl\DriveSelect.xml (1 KB)
Extracting: D:\Programs\EasyBCD\lang\pl\EasyBCD.xml (19.3 KB)
Extracting: D:\Programs\EasyBCD\lang\pl\LanguageDialog.xml (284 bytes)
Extracting: D:\Programs\EasyBCD\lang\pl\LicenseDialog.xml (1.8 KB)
Extracting: D:\Programs\EasyBCD\lang\pl\MainUI.xml (10.8 KB)
Extracting: D:\Programs\EasyBCD\lang\pl\OptionsDialog.xml (2.7 KB)
Extracting: D:\Programs\EasyBCD\lang\pl\ProgressDialog.xml (378 bytes)
Extracting: D:\Programs\EasyBCD\lang\pl\SdiMaker.xml (826 bytes)
Extracting: D:\Programs\EasyBCD\lang\pl\properties.xml (186 bytes)
Extracting: D:\Programs\EasyBCD\lang\pt\AboutBox.xml (1.4 KB)
Extracting: D:\Programs\EasyBCD\lang\pt\BcdLibrary.xml (3.0 KB)
Extracting: D:\Programs\EasyBCD\lang\pt\DefragDialog.xml (357 bytes)
Extracting: D:\Programs\EasyBCD\lang\pt\DonationDialog.xml (1.1 KB)
Extracting: D:\Programs\EasyBCD\lang\pt\DriveSelect.xml (1 KB)
Extracting: D:\Programs\EasyBCD\lang\pt\EasyBCD.xml (20.4 KB)
Extracting: D:\Programs\EasyBCD\lang\pt\LanguageDialog.xml (423 bytes)
Extracting: D:\Programs\EasyBCD\lang\pt\LicenseDialog.xml (1.7 KB)
Extracting: D:\Programs\EasyBCD\lang\pt\MainUI.xml (15.0 KB)
Extracting: D:\Programs\EasyBCD\lang\pt\OptionsDialog.xml (2.8 KB)
Extracting: D:\Programs\EasyBCD\lang\pt\ProgressDialog.xml (385 bytes)
Extracting: D:\Programs\EasyBCD\lang\pt\SdiMaker.xml (828 bytes)
Extracting: D:\Programs\EasyBCD\lang\pt\properties.xml (190 bytes)
Extracting: D:\Programs\EasyBCD\lang\ru\AboutBox.xml (2.0 KB)
Extracting: D:\Programs\EasyBCD\lang\ru\BcdLibrary.xml (3.5 KB)
Extracting: D:\Programs\EasyBCD\lang\ru\DefragDialog.xml (364 bytes)
Extracting: D:\Programs\EasyBCD\lang\ru\DonationDialog.xml (1.3 KB)
Extracting: D:\Programs\EasyBCD\lang\ru\DriveSelect.xml (1.3 KB)
Extracting: D:\Programs\EasyBCD\lang\ru\EasyBCD.xml (25.5 KB)
Extracting: D:\Programs\EasyBCD\lang\ru\LanguageDialog.xml (448 bytes)
Extracting: D:\Programs\EasyBCD\lang\ru\LicenseDialog.xml (2.1 KB)
Extracting: D:\Programs\EasyBCD\lang\ru\MainUI.xml (12.5 KB)
Extracting: D:\Programs\EasyBCD\lang\ru\OptionsDialog.xml (3.2 KB)
Extracting: D:\Programs\EasyBCD\lang\ru\ProgressDialog.xml (425 bytes)
Extracting: D:\Programs\EasyBCD\lang\ru\SdiMaker.xml (948 bytes)
Extracting: D:\Programs\EasyBCD\lang\ru\properties.xml (194 bytes)
Extracting: D:\Programs\EasyBCD\lang\sl\AboutBox.xml (1.5 KB)
Extracting: D:\Programs\EasyBCD\lang\sl\BcdLibrary.xml (2.9 KB)
Extracting: D:\Programs\EasyBCD\lang\sl\DefragDialog.xml (340 bytes)
Extracting: D:\Programs\EasyBCD\lang\sl\DonationDialog.xml (1 KB)
Extracting: D:\Programs\EasyBCD\lang\sl\DriveSelect.xml (993 bytes)
Extracting: D:\Programs\EasyBCD\lang\sl\EasyBCD.xml (18.5 KB)
Extracting: D:\Programs\EasyBCD\lang\sl\LanguageDialog.xml (413 bytes)
Extracting: D:\Programs\EasyBCD\lang\sl\LicenseDialog.xml (1.7 KB)
Extracting: D:\Programs\EasyBCD\lang\sl\MainUI.xml (10.7 KB)
Extracting: D:\Programs\EasyBCD\lang\sl\OptionsDialog.xml (2.7 KB)
Extracting: D:\Programs\EasyBCD\lang\sl\ProgressDialog.xml (371 bytes)
Extracting: D:\Programs\EasyBCD\lang\sl\SdiMaker.xml (850 bytes)
Extracting: D:\Programs\EasyBCD\lang\sl\properties.xml (193 bytes)
Extracting: D:\Programs\EasyBCD\lang\sv\AboutBox.xml (1.1 KB)
Extracting: D:\Programs\EasyBCD\lang\sv\BcdLibrary.xml (2.8 KB)
Extracting: D:\Programs\EasyBCD\lang\sv\DefragDialog.xml (346 bytes)
Extracting: D:\Programs\EasyBCD\lang\sv\DonationDialog.xml (1 KB)
Extracting: D:\Programs\EasyBCD\lang\sv\DriveSelect.xml (726 bytes)
Extracting: D:\Programs\EasyBCD\lang\sv\EasyBCD.xml (18.6 KB)
Extracting: D:\Programs\EasyBCD\lang\sv\LanguageDialog.xml (426 bytes)
Extracting: D:\Programs\EasyBCD\lang\sv\LicenseDialog.xml (1.8 KB)
Extracting: D:\Programs\EasyBCD\lang\sv\MainUI.xml (10.5 KB)
Extracting: D:\Programs\EasyBCD\lang\sv\OptionsDialog.xml (2.7 KB)
Extracting: D:\Programs\EasyBCD\lang\sv\ProgressDialog.xml (366 bytes)
Extracting: D:\Programs\EasyBCD\lang\sv\SdiMaker.xml (824 bytes)
Extracting: D:\Programs\EasyBCD\lang\sv\properties.xml (187 bytes)
Extracting: D:\Programs\EasyBCD\lang\tr\AboutBox.xml (1.6 KB)
Extracting: D:\Programs\EasyBCD\lang\tr\BcdLibrary.xml (2.9 KB)
Extracting: D:\Programs\EasyBCD\lang\tr\DefragDialog.xml (356 bytes)
Extracting: D:\Programs\EasyBCD\lang\tr\DonationDialog.xml (1.1 KB)
Extracting: D:\Programs\EasyBCD\lang\tr\DriveSelect.xml (1 KB)
Extracting: D:\Programs\EasyBCD\lang\tr\EasyBCD.xml (18.9 KB)
Extracting: D:\Programs\EasyBCD\lang\tr\LanguageDialog.xml (322 bytes)
Extracting: D:\Programs\EasyBCD\lang\tr\LicenseDialog.xml (1.8 KB)
Extracting: D:\Programs\EasyBCD\lang\tr\MainUI.xml (12.4 KB)
Extracting: D:\Programs\EasyBCD\lang\tr\OptionsDialog.xml (2.8 KB)
Extracting: D:\Programs\EasyBCD\lang\tr\ProgressDialog.xml (369 bytes)
Extracting: D:\Programs\EasyBCD\lang\tr\SdiMaker.xml (789 bytes)
Extracting: D:\Programs\EasyBCD\lang\tr\properties.xml (188 bytes)
Extracting: D:\Programs\EasyBCD\lang\uk\AboutBox.xml (1.9 KB)
Extracting: D:\Programs\EasyBCD\lang\uk\BcdLibrary.xml (3.7 KB)
Extracting: D:\Programs\EasyBCD\lang\uk\DefragDialog.xml (366 bytes)
Extracting: D:\Programs\EasyBCD\lang\uk\DonationDialog.xml (1.4 KB)
Extracting: D:\Programs\EasyBCD\lang\uk\DriveSelect.xml (1.3 KB)
Extracting: D:\Programs\EasyBCD\lang\uk\EasyBCD.xml (26.2 KB)
Extracting: D:\Programs\EasyBCD\lang\uk\LanguageDialog.xml (459 bytes)
Extracting: D:\Programs\EasyBCD\lang\uk\LicenseDialog.xml (2.2 KB)
Extracting: D:\Programs\EasyBCD\lang\uk\MainUI.xml (12.7 KB)
Extracting: D:\Programs\EasyBCD\lang\uk\OptionsDialog.xml (3.3 KB)
Extracting: D:\Programs\EasyBCD\lang\uk\ProgressDialog.xml (411 bytes)
Extracting: D:\Programs\EasyBCD\lang\uk\SdiMaker.xml (1006 bytes)
Extracting: D:\Programs\EasyBCD\lang\uk\properties.xml (200 bytes)
Extracting: D:\Programs\EasyBCD\lang\zh-CHS\AboutBox.xml (1 KB)
Extracting: D:\Programs\EasyBCD\lang\zh-CHS\BcdLibrary.xml (2.7 KB)
Extracting: D:\Programs\EasyBCD\lang\zh-CHS\DefragDialog.xml (235 bytes)
Extracting: D:\Programs\EasyBCD\lang\zh-CHS\DonationDialog.xml (614 bytes)
Extracting: D:\Programs\EasyBCD\lang\zh-CHS\DriveSelect.xml (858 bytes)
Extracting: D:\Programs\EasyBCD\lang\zh-CHS\EasyBCD.xml (16.0 KB)
Extracting: D:\Programs\EasyBCD\lang\zh-CHS\LanguageDialog.xml (284 bytes)
Extracting: D:\Programs\EasyBCD\lang\zh-CHS\LicenseDialog.xml (1.3 KB)
Extracting: D:\Programs\EasyBCD\lang\zh-CHS\MainUI.xml (9.4 KB)
Extracting: D:\Programs\EasyBCD\lang\zh-CHS\OptionsDialog.xml (2.5 KB)
Extracting: D:\Programs\EasyBCD\lang\zh-CHS\ProgressDialog.xml (272 bytes)
Extracting: D:\Programs\EasyBCD\lang\zh-CHS\SdiMaker.xml (658 bytes)
Extracting: D:\Programs\EasyBCD\lang\zh-CHS\properties.xml (192 bytes)
Extracting: D:\Programs\EasyBCD\lang\zh-TW\AboutBox.xml (1.3 KB)
Extracting: D:\Programs\EasyBCD\lang\zh-TW\BcdLibrary.xml (2.7 KB)
Extracting: D:\Programs\EasyBCD\lang\zh-TW\DefragDialog.xml (343 bytes)
Extracting: D:\Programs\EasyBCD\lang\zh-TW\DonationDialog.xml (1005 bytes)
Extracting: D:\Programs\EasyBCD\lang\zh-TW\DriveSelect.xml (981 bytes)
Extracting: D:\Programs\EasyBCD\lang\zh-TW\EasyBCD.xml (17 KB)
Extracting: D:\Programs\EasyBCD\lang\zh-TW\LanguageDialog.xml (412 bytes)
Extracting: D:\Programs\EasyBCD\lang\zh-TW\LicenseDialog.xml (1.6 KB)
Extracting: D:\Programs\EasyBCD\lang\zh-TW\MainUI.xml (10.2 KB)
Extracting: D:\Programs\EasyBCD\lang\zh-TW\OptionsDialog.xml (2.6 KB)
Extracting: D:\Programs\EasyBCD\lang\zh-TW\ProgressDialog.xml (366 bytes)
Extracting: D:\Programs\EasyBCD\lang\zh-TW\SdiMaker.xml (768 bytes)
Extracting: D:\Programs\EasyBCD\lang\zh-TW\properties.xml (192 bytes)
Extracting: D:\Programs\EasyBCD\profiles\NeoSmart.bcd (16 KB)
Extracting: D:\Programs\EasyBCD\profiles\boot0 (512 bytes)
Extracting: D:\Programs\EasyBCD\profiles\detect (18.5 KB)
Extracting: D:\Programs\EasyBCD\profiles\easyldr2 (154.6 KB)
Extracting: D:\Programs\EasyBCD\profiles\grldr (267.8 KB)
Extracting: D:\Programs\EasyBCD\profiles\grldr.mbr (9 KB)
Extracting: D:\Programs\EasyBCD\profiles\menu.txt (361 bytes)
Extracting: D:\Programs\EasyBCD\profiles\nst_mac.iso (1.2 MB)
Extracting: D:\Programs\EasyBCD\profiles\nst_mac.mbr (512 bytes)
Extracting: D:\Programs\EasyBCD\profiles\plop.iso (544 KB)
Extracting: D:\Programs\EasyBCD\profiles\pmbr (512 bytes)
Extracting: D:\Programs\Eraser\BevelLine.dll (19.0 KB)
Extracting: D:\Programs\Eraser\CommonLibrary.dll (800.5 KB)
Extracting: D:\Programs\Eraser\DragDropLib.dll (44.0 KB)
Extracting: D:\Programs\Eraser\Eraser Documentation.pdf (592.6 KB)
Extracting: D:\Programs\Eraser\Eraser.Manager.dll (57.5 KB)
Extracting: D:\Programs\Eraser\Eraser.Plugins.dll (56.5 KB)
Extracting: D:\Programs\Eraser\Eraser.Shell.dll (208.0 KB)
Extracting: D:\Programs\Eraser\Eraser.Util.Native.dll (268.5 KB)
Extracting: D:\Programs\Eraser\Eraser.Util.dll (2 MB)
Extracting: D:\Programs\Eraser\Eraser.exe (1 MB)
Extracting: D:\Programs\Eraser\Microsoft.Runtime.Hosting.dll (31.0 KB)
Extracting: D:\Programs\Eraser\Plugins\Eraser.BlackBox.dll (260.5 KB)
Extracting: D:\Programs\Eraser\Plugins\Eraser.DefaultPlugins.dll (170.0 KB)
Extracting: D:\Programs\Eraser\Plugins\ICSharpCode.SharpZipLib.dll (193.5 KB)
Extracting: D:\Programs\Eraser\Plugins\LZMA#.dll (51.0 KB)
Extracting: D:\Programs\Eraser\Plugins\en\Eraser.BlackBox.resources.dll (16.0 KB)
Extracting: D:\Programs\Eraser\Plugins\en\Eraser.DefaultPlugins.resources.dll (35.0 KB)
Extracting: D:\Programs\Eraser\TaskDialog.dll (30.5 KB)
Extracting: D:\Programs\Eraser\alglibnet2.dll (2.0 MB)
Extracting: D:\Programs\Eraser\en\Eraser.Manager.resources.dll (16.5 KB)
Extracting: D:\Programs\Eraser\en\Eraser.Util.Native.resources.dll (15.0 KB)
Extracting: D:\Programs\Eraser\en\Eraser.Util.resources.dll (15.0 KB)
Extracting: D:\Programs\Eraser\en\Eraser.resources.dll (38.5 KB)
Extracting: D:\Programs\ExamDiff\ExamDiff.exe (609.3 KB)
Extracting: D:\Programs\ExamDiff\Readme.txt (6.2 KB)
Extracting: D:\Programs\FSViewer.lnk (950 bytes)
Extracting: D:\Programs\GPU-Z\GPU-Z.exe (9.6 MB)
Extracting: D:\Programs\GSmartControl\doc\AUTHORS.txt (45 bytes)
Extracting: D:\Programs\GSmartControl\doc\LICENSE_boost_1_0.txt (1.3 KB)
Extracting: D:\Programs\GSmartControl\doc\LICENSE_bsd-ac.txt (1.4 KB)
Extracting: D:\Programs\GSmartControl\doc\LICENSE_bsd-ucb.txt (1.5 KB)
Extracting: D:\Programs\GSmartControl\doc\LICENSE_gpl2.txt (17.9 KB)
Extracting: D:\Programs\GSmartControl\doc\LICENSE_gpl3.txt (35.0 KB)
Extracting: D:\Programs\GSmartControl\doc\LICENSE_gsmartcontrol.txt (1.3 KB)
Extracting: D:\Programs\GSmartControl\doc\LICENSE_hz.txt (1.4 KB)
Extracting: D:\Programs\GSmartControl\doc\LICENSE_unlicense.txt (1.2 KB)
Extracting: D:\Programs\GSmartControl\doc\LICENSE_zlib.txt (850 bytes)
Extracting: D:\Programs\GSmartControl\doc\NEWS.txt (12.1 KB)
Extracting: D:\Programs\GSmartControl\doc\README.txt (3.4 KB)
Extracting: D:\Programs\GSmartControl\doc\distribution.txt (897 bytes)
Extracting: D:\Programs\GSmartControl\drivedb.h (226.9 KB)
Extracting: D:\Programs\GSmartControl\etc\fonts\fonts.conf (2.6 KB)
Extracting: D:\Programs\GSmartControl\gdk-pixbuf-query-loaders.exe (25.4 KB)
Extracting: D:\Programs\GSmartControl\gsmartcontrol.exe (2.0 MB)
Extracting: D:\Programs\GSmartControl\gspawn-win64-helper-console.exe (22.0 KB)
Extracting: D:\Programs\GSmartControl\gspawn-win64-helper.exe (22.0 KB)
Extracting: D:\Programs\GSmartControl\gtk-query-immodules-3.0.exe (28.9 KB)
Extracting: D:\Programs\GSmartControl\gtk-update-icon-cache-3.0.exe (47.2 KB)
Extracting: D:\Programs\GSmartControl\icon_cddvd.png (5 KB)
Extracting: D:\Programs\GSmartControl\icon_hdd.png (3.2 KB)
Extracting: D:\Programs\GSmartControl\lib\gdk-pixbuf-2.0\2.10.0\loaders\libpixbufloader-ani.dll (24.3 KB)
Extracting: D:\Programs\GSmartControl\lib\gdk-pixbuf-2.0\2.10.0\loaders\libpixbufloader-ani.dll.a (2 KB)
Extracting: D:\Programs\GSmartControl\lib\gdk-pixbuf-2.0\2.10.0\loaders\libpixbufloader-bmp.dll (24.1 KB)
Extracting: D:\Programs\GSmartControl\lib\gdk-pixbuf-2.0\2.10.0\loaders\libpixbufloader-bmp.dll.a (2 KB)
Extracting: D:\Programs\GSmartControl\lib\gdk-pixbuf-2.0\2.10.0\loaders\libpixbufloader-gif.dll (30.8 KB)
Extracting: D:\Programs\GSmartControl\lib\gdk-pixbuf-2.0\2.10.0\loaders\libpixbufloader-gif.dll.a (2 KB)
Extracting: D:\Programs\GSmartControl\lib\gdk-pixbuf-2.0\2.10.0\loaders\libpixbufloader-icns.dll (19.4 KB)
Extracting: D:\Programs\GSmartControl\lib\gdk-pixbuf-2.0\2.10.0\loaders\libpixbufloader-icns.dll.a (2.1 KB)
Extracting: D:\Programs\GSmartControl\lib\gdk-pixbuf-2.0\2.10.0\loaders\libpixbufloader-ico.dll (26.2 KB)
Extracting: D:\Programs\GSmartControl\lib\gdk-pixbuf-2.0\2.10.0\loaders\libpixbufloader-ico.dll.a (2 KB)
Extracting: D:\Programs\GSmartControl\lib\gdk-pixbuf-2.0\2.10.0\loaders\libpixbufloader-jpeg.dll (31.0 KB)
Extracting: D:\Programs\GSmartControl\lib\gdk-pixbuf-2.0\2.10.0\loaders\libpixbufloader-jpeg.dll.a (2.1 KB)
Extracting: D:\Programs\GSmartControl\lib\gdk-pixbuf-2.0\2.10.0\loaders\libpixbufloader-png.dll (31.4 KB)
Extracting: D:\Programs\GSmartControl\lib\gdk-pixbuf-2.0\2.10.0\loaders\libpixbufloader-png.dll.a (2 KB)
Extracting: D:\Programs\GSmartControl\lib\gdk-pixbuf-2.0\2.10.0\loaders\libpixbufloader-pnm.dll (22.9 KB)
Extracting: D:\Programs\GSmartControl\lib\gdk-pixbuf-2.0\2.10.0\loaders\libpixbufloader-pnm.dll.a (2 KB)
Extracting: D:\Programs\GSmartControl\lib\gdk-pixbuf-2.0\2.10.0\loaders\libpixbufloader-qtif.dll (19.8 KB)
Extracting: D:\Programs\GSmartControl\lib\gdk-pixbuf-2.0\2.10.0\loaders\libpixbufloader-qtif.dll.a (2.1 KB)
Extracting: D:\Programs\GSmartControl\lib\gdk-pixbuf-2.0\2.10.0\loaders\libpixbufloader-svg.a (3.8 KB)
Extracting: D:\Programs\GSmartControl\lib\gdk-pixbuf-2.0\2.10.0\loaders\libpixbufloader-svg.dll (16.5 KB)
Extracting: D:\Programs\GSmartControl\lib\gdk-pixbuf-2.0\2.10.0\loaders\libpixbufloader-svg.dll.a (2 KB)
Extracting: D:\Programs\GSmartControl\lib\gdk-pixbuf-2.0\2.10.0\loaders\libpixbufloader-tga.dll (25.4 KB)
Extracting: D:\Programs\GSmartControl\lib\gdk-pixbuf-2.0\2.10.0\loaders\libpixbufloader-tga.dll.a (2 KB)
Extracting: D:\Programs\GSmartControl\lib\gdk-pixbuf-2.0\2.10.0\loaders\libpixbufloader-tiff.dll (27.7 KB)
Extracting: D:\Programs\GSmartControl\lib\gdk-pixbuf-2.0\2.10.0\loaders\libpixbufloader-tiff.dll.a (2.1 KB)
Extracting: D:\Programs\GSmartControl\lib\gdk-pixbuf-2.0\2.10.0\loaders\libpixbufloader-xbm.dll (59.4 KB)
Extracting: D:\Programs\GSmartControl\lib\gdk-pixbuf-2.0\2.10.0\loaders\libpixbufloader-xbm.dll.a (2 KB)
Extracting: D:\Programs\GSmartControl\lib\gdk-pixbuf-2.0\2.10.0\loaders\libpixbufloader-xpm.dll (72.5 KB)
Extracting: D:\Programs\GSmartControl\lib\gdk-pixbuf-2.0\2.10.0\loaders\libpixbufloader-xpm.dll.a (2 KB)
Extracting: D:\Programs\GSmartControl\lib\gdk-pixbuf-2.0\2.10.0\loaders.cache (3 KB)
Extracting: D:\Programs\GSmartControl\libatk-1.0-0.dll (155.6 KB)
Extracting: D:\Programs\GSmartControl\libatkmm-1.6-1.dll (250.2 KB)
Extracting: D:\Programs\GSmartControl\libbrotlicommon.dll (139.5 KB)
Extracting: D:\Programs\GSmartControl\libbrotlidec.dll (51.1 KB)
Extracting: D:\Programs\GSmartControl\libbz2-1.dll (96.8 KB)
Extracting: D:\Programs\GSmartControl\libcairo-2.dll (1 MB)
Extracting: D:\Programs\GSmartControl\libcairo-gobject-2.dll (34.3 KB)
Extracting: D:\Programs\GSmartControl\libcairo-script-interpreter-2.dll (160.8 KB)
Extracting: D:\Programs\GSmartControl\libcairomm-1.0-1.dll (140.5 KB)
Extracting: D:\Programs\GSmartControl\libdatrie-1.dll (31.8 KB)
Extracting: D:\Programs\GSmartControl\libepoxy-0.dll (1.7 MB)
Extracting: D:\Programs\GSmartControl\libexpat-1.dll (197.3 KB)
Extracting: D:\Programs\GSmartControl\libffi-7.dll (29.6 KB)
Extracting: D:\Programs\GSmartControl\libfontconfig-1.dll (308.2 KB)
Extracting: D:\Programs\GSmartControl\libfreetype-6.dll (725.4 KB)
Extracting: D:\Programs\GSmartControl\libfribidi-0.dll (143.0 KB)
Extracting: D:\Programs\GSmartControl\libgcc_s_seh-1.dll (82.2 KB)
Extracting: D:\Programs\GSmartControl\libgdk-3-0.dll (1.2 MB)
Extracting: D:\Programs\GSmartControl\libgdk_pixbuf-2.0-0.dll (163 KB)
Extracting: D:\Programs\GSmartControl\libgdkmm-3.0-1.dll (281.2 KB)
Extracting: D:\Programs\GSmartControl\libgio-2.0-0.dll (1.6 MB)
Extracting: D:\Programs\GSmartControl\libgiomm-2.4-1.dll (1.4 MB)
Extracting: D:\Programs\GSmartControl\libglib-2.0-0.dll (1.3 MB)
Extracting: D:\Programs\GSmartControl\libglibmm-2.4-1.dll (443.9 KB)
Extracting: D:\Programs\GSmartControl\libglibmm_generate_extra_defs-2.4-1.dll (158.8 KB)
Extracting: D:\Programs\GSmartControl\libgmodule-2.0-0.dll (24.3 KB)
Extracting: D:\Programs\GSmartControl\libgobject-2.0-0.dll (313.2 KB)
Extracting: D:\Programs\GSmartControl\libgraphite2.dll (150.5 KB)
Extracting: D:\Programs\GSmartControl\libgthread-2.0-0.dll (15.2 KB)
Extracting: D:\Programs\GSmartControl\libgtk-3-0.dll (7.2 MB)
Extracting: D:\Programs\GSmartControl\libgtkmm-3.0-1.dll (3.6 MB)
Extracting: D:\Programs\GSmartControl\libharfbuzz-0.dll (1022.1 KB)
Extracting: D:\Programs\GSmartControl\libharfbuzz-gobject-0.dll (84.9 KB)
Extracting: D:\Programs\GSmartControl\libharfbuzz-icu-0.dll (18.3 KB)
Extracting: D:\Programs\GSmartControl\libharfbuzz-subset-0.dll (853.5 KB)
Extracting: D:\Programs\GSmartControl\libiconv-2.dll (1 MB)
Extracting: D:\Programs\GSmartControl\libintl-8.dll (133.5 KB)
Extracting: D:\Programs\GSmartControl\libjpeg-8.dll (744.4 KB)
Extracting: D:\Programs\GSmartControl\liblzma-5.dll (150.1 KB)
Extracting: D:\Programs\GSmartControl\libpango-1.0-0.dll (365.8 KB)
Extracting: D:\Programs\GSmartControl\libpangocairo-1.0-0.dll (71.8 KB)
Extracting: D:\Programs\GSmartControl\libpangoft2-1.0-0.dll (98 KB)
Extracting: D:\Programs\GSmartControl\libpangomm-1.4-1.dll (161.2 KB)
Extracting: D:\Programs\GSmartControl\libpangowin32-1.0-0.dll (91 KB)
Extracting: D:\Programs\GSmartControl\libpcre-1.dll (275.1 KB)
Extracting: D:\Programs\GSmartControl\libpcrecpp-0.dll (60.7 KB)
Extracting: D:\Programs\GSmartControl\libpixman-1-0.dll (668.8 KB)
Extracting: D:\Programs\GSmartControl\libpng16-16.dll (237.4 KB)
Extracting: D:\Programs\GSmartControl\libsigc-2.0-0.dll (28.4 KB)
Extracting: D:\Programs\GSmartControl\libssp-0.dll (42.4 KB)
Extracting: D:\Programs\GSmartControl\libstdc++-6.dll (1.9 MB)
Extracting: D:\Programs\GSmartControl\libthai-0.dll (65.8 KB)
Extracting: D:\Programs\GSmartControl\libtiff-5.dll (523.8 KB)
Extracting: D:\Programs\GSmartControl\libwinpthread-1.dll (57.2 KB)
Extracting: D:\Programs\GSmartControl\libxml2-2.dll (1.3 MB)
Extracting: D:\Programs\GSmartControl\share\glib-2.0\schemas\gschema.dtd (2.8 KB)
Extracting: D:\Programs\GSmartControl\share\glib-2.0\schemas\gschemas.compiled (3.1 KB)
Extracting: D:\Programs\GSmartControl\share\glib-2.0\schemas\org.gtk.Demo.gschema.xml (618 bytes)
Extracting: D:\Programs\GSmartControl\share\glib-2.0\schemas\org.gtk.Settings.ColorChooser.gschema.xml (931 bytes)
Extracting: D:\Programs\GSmartControl\share\glib-2.0\schemas\org.gtk.Settings.Debug.gschema.xml (833 bytes)
Extracting: D:\Programs\GSmartControl\share\glib-2.0\schemas\org.gtk.Settings.EmojiChooser.gschema.xml (623 bytes)
Extracting: D:\Programs\GSmartControl\share\glib-2.0\schemas\org.gtk.Settings.FileChooser.gschema.xml (6.1 KB)
Extracting: D:\Programs\GSmartControl\share\glib-2.0\schemas\org.gtk.exampleapp.gschema.xml (845 bytes)
Extracting: D:\Programs\GSmartControl\share\icons\Adwaita\16x16\actions\pan-down-symbolic.symbolic.png (135 bytes)
Extracting: D:\Programs\GSmartControl\share\icons\Adwaita\16x16\actions\pan-up-symbolic.symbolic.png (122 bytes)
Extracting: D:\Programs\GSmartControl\share\icons\Adwaita\16x16\actions\window-close-symbolic.symbolic.png (195 bytes)
Extracting: D:\Programs\GSmartControl\share\icons\Adwaita\16x16\actions\window-maximize-symbolic.symbolic.png (149 bytes)
Extracting: D:\Programs\GSmartControl\share\icons\Adwaita\16x16\actions\window-minimize-symbolic.symbolic.png (104 bytes)
Extracting: D:\Programs\GSmartControl\share\icons\Adwaita\16x16\actions\window-restore-symbolic.symbolic.png (140 bytes)
Extracting: D:\Programs\GSmartControl\share\icons\Adwaita\16x16\devices\drive-harddisk.png (838 bytes)
Extracting: D:\Programs\GSmartControl\share\icons\Adwaita\16x16\devices\media-optical.png (1020 bytes)
Extracting: D:\Programs\GSmartControl\share\icons\Adwaita\16x16\status\dialog-information-symbolic.symbolic.png (317 bytes)
Extracting: D:\Programs\GSmartControl\share\icons\Adwaita\24x24\actions\pan-down-symbolic.symbolic.png (170 bytes)
Extracting: D:\Programs\GSmartControl\share\icons\Adwaita\24x24\actions\pan-up-symbolic.symbolic.png (169 bytes)
Extracting: D:\Programs\GSmartControl\share\icons\Adwaita\24x24\actions\window-close-symbolic.symbolic.png (251 bytes)
Extracting: D:\Programs\GSmartControl\share\icons\Adwaita\24x24\actions\window-maximize-symbolic.symbolic.png (172 bytes)
Extracting: D:\Programs\GSmartControl\share\icons\Adwaita\24x24\actions\window-minimize-symbolic.symbolic.png (118 bytes)
Extracting: D:\Programs\GSmartControl\share\icons\Adwaita\24x24\actions\window-restore-symbolic.symbolic.png (186 bytes)
Extracting: D:\Programs\GSmartControl\share\icons\Adwaita\24x24\devices\drive-harddisk.png (997 bytes)
Extracting: D:\Programs\GSmartControl\share\icons\Adwaita\24x24\devices\media-optical.png (1.4 KB)
Extracting: D:\Programs\GSmartControl\share\icons\Adwaita\24x24\status\dialog-information-symbolic.symbolic.png (475 bytes)
Extracting: D:\Programs\GSmartControl\share\icons\Adwaita\32x32\actions\pan-down-symbolic.symbolic.png (173 bytes)
Extracting: D:\Programs\GSmartControl\share\icons\Adwaita\32x32\actions\pan-up-symbolic.symbolic.png (157 bytes)
Extracting: D:\Programs\GSmartControl\share\icons\Adwaita\32x32\actions\window-close-symbolic.symbolic.png (299 bytes)
Extracting: D:\Programs\GSmartControl\share\icons\Adwaita\32x32\actions\window-maximize-symbolic.symbolic.png (177 bytes)
Extracting: D:\Programs\GSmartControl\share\icons\Adwaita\32x32\actions\window-minimize-symbolic.symbolic.png (126 bytes)
Extracting: D:\Programs\GSmartControl\share\icons\Adwaita\32x32\actions\window-restore-symbolic.symbolic.png (177 bytes)
Extracting: D:\Programs\GSmartControl\share\icons\Adwaita\32x32\devices\drive-harddisk.png (1.3 KB)
Extracting: D:\Programs\GSmartControl\share\icons\Adwaita\32x32\devices\media-optical.png (1.7 KB)
Extracting: D:\Programs\GSmartControl\share\icons\Adwaita\32x32\status\dialog-information-symbolic.symbolic.png (607 bytes)
Extracting: D:\Programs\GSmartControl\share\icons\Adwaita\48x48\actions\pan-down-symbolic.symbolic.png (212 bytes)
Extracting: D:\Programs\GSmartControl\share\icons\Adwaita\48x48\actions\pan-up-symbolic.symbolic.png (208 bytes)
Extracting: D:\Programs\GSmartControl\share\icons\Adwaita\48x48\actions\window-close-symbolic.symbolic.png (437 bytes)
Extracting: D:\Programs\GSmartControl\share\icons\Adwaita\48x48\actions\window-maximize-symbolic.symbolic.png (215 bytes)
Extracting: D:\Programs\GSmartControl\share\icons\Adwaita\48x48\actions\window-minimize-symbolic.symbolic.png (146 bytes)
Extracting: D:\Programs\GSmartControl\share\icons\Adwaita\48x48\actions\window-restore-symbolic.symbolic.png (205 bytes)
Extracting: D:\Programs\GSmartControl\share\icons\Adwaita\48x48\devices\drive-harddisk.png (1.9 KB)
Extracting: D:\Programs\GSmartControl\share\icons\Adwaita\48x48\devices\media-optical.png (2.3 KB)
Extracting: D:\Programs\GSmartControl\share\icons\Adwaita\48x48\status\dialog-information-symbolic.symbolic.png (909 bytes)
Extracting: D:\Programs\GSmartControl\share\icons\Adwaita\512x512\devices\drive-harddisk.png (25.1 KB)
Extracting: D:\Programs\GSmartControl\share\icons\Adwaita\512x512\devices\media-optical.png (34.9 KB)
Extracting: D:\Programs\GSmartControl\share\icons\Adwaita\64x64\actions\pan-down-symbolic.symbolic.png (252 bytes)
Extracting: D:\Programs\GSmartControl\share\icons\Adwaita\64x64\actions\pan-up-symbolic.symbolic.png (254 bytes)
Extracting: D:\Programs\GSmartControl\share\icons\Adwaita\64x64\actions\window-close-symbolic.symbolic.png (530 bytes)
Extracting: D:\Programs\GSmartControl\share\icons\Adwaita\64x64\actions\window-maximize-symbolic.symbolic.png (262 bytes)
Extracting: D:\Programs\GSmartControl\share\icons\Adwaita\64x64\actions\window-minimize-symbolic.symbolic.png (159 bytes)
Extracting: D:\Programs\GSmartControl\share\icons\Adwaita\64x64\actions\window-restore-symbolic.symbolic.png (244 bytes)
Extracting: D:\Programs\GSmartControl\share\icons\Adwaita\64x64\status\dialog-information-symbolic.symbolic.png (1.2 KB)
Extracting: D:\Programs\GSmartControl\share\icons\Adwaita\96x96\actions\pan-down-symbolic.symbolic.png (344 bytes)
Extracting: D:\Programs\GSmartControl\share\icons\Adwaita\96x96\actions\pan-up-symbolic.symbolic.png (344 bytes)
Extracting: D:\Programs\GSmartControl\share\icons\Adwaita\96x96\actions\window-close-symbolic.symbolic.png (757 bytes)
Extracting: D:\Programs\GSmartControl\share\icons\Adwaita\96x96\actions\window-maximize-symbolic.symbolic.png (312 bytes)
Extracting: D:\Programs\GSmartControl\share\icons\Adwaita\96x96\actions\window-minimize-symbolic.symbolic.png (186 bytes)
Extracting: D:\Programs\GSmartControl\share\icons\Adwaita\96x96\actions\window-restore-symbolic.symbolic.png (289 bytes)
Extracting: D:\Programs\GSmartControl\share\icons\Adwaita\96x96\status\dialog-information-symbolic.symbolic.png (1.8 KB)
Extracting: D:\Programs\GSmartControl\share\icons\Adwaita\index.theme (7.3 KB)
Extracting: D:\Programs\GSmartControl\share\themes\Default\gtk-3.0\gtk-keys.css (86 bytes)
Extracting: D:\Programs\GSmartControl\share\themes\Emacs\gtk-3.0\gtk-keys.css (3.8 KB)
Extracting: D:\Programs\GSmartControl\smartctl-nc.exe (933.5 KB)
Extracting: D:\Programs\GSmartControl\smartctl.exe (933.5 KB)
Extracting: D:\Programs\GSmartControl\update-smart-drivedb.exe (120.4 KB)
Extracting: D:\Programs\GSmartControl\zlib1.dll (113.7 KB)
Extracting: D:\Programs\HDDLLF\HDDLLF.4.40.exe (2.0 MB)
Extracting: D:\Programs\HDDScan.lnk (939 bytes)
Extracting: D:\Programs\HDTune\HDTune.exe (392 KB)
Extracting: D:\Programs\HDTune\HDTune_Benchmark.gif (25.6 KB)
Extracting: D:\Programs\HDTune\HDTune_CopyScreen.gif (924 bytes)
Extracting: D:\Programs\HDTune\HDTune_CopyText.gif (910 bytes)
Extracting: D:\Programs\HDTune\HDTune_ErrorScan.gif (20.8 KB)
Extracting: D:\Programs\HDTune\HDTune_Health.gif (31.8 KB)
Extracting: D:\Programs\HDTune\HDTune_Info.gif (26.1 KB)
Extracting: D:\Programs\HDTune\HDTune_Minimize.gif (1.2 KB)
Extracting: D:\Programs\HDTune\HDTune_Options.gif (916 bytes)
Extracting: D:\Programs\HDTune\HDTune_Options_Benchmark.gif (27.0 KB)
Extracting: D:\Programs\HDTune\HDTune_Options_General.gif (26.9 KB)
Extracting: D:\Programs\HDTune\HDTune_Options_Temperature.gif (28 KB)
Extracting: D:\Programs\HDTune\HDTune_SaveScreen.gif (913 bytes)
Extracting: D:\Programs\HDTune\HDTune_Taskbar.gif (4.8 KB)
Extracting: D:\Programs\HDTune\hdtune.html (6.9 KB)
Extracting: D:\Programs\HWInfo\HWiNFO64.INI (51 bytes)
Extracting: D:\Programs\HWInfo\HWiNFO64.exe (8.1 MB)
Extracting: D:\Programs\HxD.lnk (899 bytes)
Extracting: D:\Programs\ImageUSB\7zip_dll\7Z_License.txt (3.9 KB)
Extracting: D:\Programs\ImageUSB\7zip_dll\7z.dll (1.1 MB)
Extracting: D:\Programs\ImageUSB\7zip_dll\msvcr100.dll (750.8 KB)
Extracting: D:\Programs\ImageUSB\Help\HTML\cicon9.png (412 bytes)
Extracting: D:\Programs\ImageUSB\Help\HTML\cicon_loadindex_ani.gif (7.5 KB)
Extracting: D:\Programs\ImageUSB\Help\HTML\contacting_passmark_software.htm (3.6 KB)
Extracting: D:\Programs\ImageUSB\Help\HTML\default.css (2.8 KB)
Extracting: D:\Programs\ImageUSB\Help\HTML\gui.jpg (115.5 KB)
Extracting: D:\Programs\ImageUSB\Help\HTML\helpman_navigation.js (15.9 KB)
Extracting: D:\Programs\ImageUSB\Help\HTML\helpman_settings.js (1.6 KB)
Extracting: D:\Programs\ImageUSB\Help\HTML\helpman_topicinit.js (16.2 KB)
Extracting: D:\Programs\ImageUSB\Help\HTML\highlight.js (9.7 KB)
Extracting: D:\Programs\ImageUSB\Help\HTML\hmcontent.htm (5.9 KB)
Extracting: D:\Programs\ImageUSB\Help\HTML\hmcontextids.js (479 bytes)
Extracting: D:\Programs\ImageUSB\Help\HTML\hmftsearch.htm (3.2 KB)
Extracting: D:\Programs\ImageUSB\Help\HTML\hmkwindex.htm (3.2 KB)
Extracting: D:\Programs\ImageUSB\Help\HTML\imageusb-banner.jpg (12.8 KB)
Extracting: D:\Programs\ImageUSB\Help\HTML\index.html (1.5 KB)
Extracting: D:\Programs\ImageUSB\Help\HTML\introduction_and_overview.htm (3.4 KB)
Extracting: D:\Programs\ImageUSB\Help\HTML\jquery.js (93.7 KB)
Extracting: D:\Programs\ImageUSB\Help\HTML\purchasing_information.htm (3.9 KB)
Extracting: D:\Programs\ImageUSB\Help\HTML\search.php (115.9 KB)
Extracting: D:\Programs\ImageUSB\Help\HTML\search_template.html (2.9 KB)
Extracting: D:\Programs\ImageUSB\Help\HTML\settings.js (2.4 KB)
Extracting: D:\Programs\ImageUSB\Help\HTML\system_requirements.htm (2.8 KB)
Extracting: D:\Programs\ImageUSB\Help\HTML\usage.htm (17.2 KB)
Extracting: D:\Programs\ImageUSB\Help\HTML\zoom_index.js (12.7 KB)
Extracting: D:\Programs\ImageUSB\Help\HTML\zoom_pageinfo.js (1.2 KB)
Extracting: D:\Programs\ImageUSB\Help\HTML\zoom_search.js (56.9 KB)
Extracting: D:\Programs\ImageUSB\ReadMe.txt (13.2 KB)
Extracting: D:\Programs\ImageUSB\imageUSB.exe (1.8 MB)
Extracting: D:\Programs\ImageUSB\mbr\grub2.mbr (432 bytes)
Extracting: D:\Programs\ImageUSB\mbr\grub4dos.mbr (423 bytes)
Extracting: D:\Programs\ImageUSB\mbr\syslinux.mbr (440 bytes)
Extracting: D:\Programs\ImageUSB\mbr\windows.mbr (440 bytes)
Extracting: D:\Programs\IrfanView\#readme_zip_users.txt (724 bytes)
Extracting: D:\Programs\IrfanView\Html\copy_files.txt (412 bytes)
Extracting: D:\Programs\IrfanView\Html\frame.html (735 bytes)
Extracting: D:\Programs\IrfanView\Html\slideshow.html (1.8 KB)
Extracting: D:\Programs\IrfanView\Html\thumbnails.html (842 bytes)
Extracting: D:\Programs\IrfanView\Languages\Deutsch.dll (168 KB)
Extracting: D:\Programs\IrfanView\Languages\IP_Deutsch.lng (9 KB)
Extracting: D:\Programs\IrfanView\Plugins\Effects.dll (582 KB)
Extracting: D:\Programs\IrfanView\Plugins\Icons.dll (361.5 KB)
Extracting: D:\Programs\IrfanView\Plugins\Jpg_transform.dll (471.5 KB)
Extracting: D:\Programs\IrfanView\Plugins\Metadata.dll (383.5 KB)
Extracting: D:\Programs\IrfanView\Plugins\Paint.dll (666 KB)
Extracting: D:\Programs\IrfanView\Plugins\Plugins32\Effects.dll (168 KB)
Extracting: D:\Programs\IrfanView\Plugins\PsHost.dll (229.5 KB)
Extracting: D:\Programs\IrfanView\Plugins\RegionCapture.dll (346.5 KB)
Extracting: D:\Programs\IrfanView\Plugins\Slideshow.exe (588 KB)
Extracting: D:\Programs\IrfanView\Plugins\Stub_Plugin.exe (150.1 KB)
Extracting: D:\Programs\IrfanView\Plugins\Tools.dll (228.5 KB)
Extracting: D:\Programs\IrfanView\Plugins\Video.dll (481.5 KB)
Extracting: D:\Programs\IrfanView\Plugins\VideoExport.dll (221 KB)
Extracting: D:\Programs\IrfanView\Toolbars\Grosberg_24.png (15.4 KB)
Extracting: D:\Programs\IrfanView\Toolbars\Grosberg_24.txt (64 bytes)
Extracting: D:\Programs\IrfanView\Toolbars\Samuel_16.png (10 KB)
Extracting: D:\Programs\IrfanView\Toolbars\Samuel_16.txt (83 bytes)
Extracting: D:\Programs\IrfanView\Toolbars\gnome-colors-human_48.png (38.3 KB)
Extracting: D:\Programs\IrfanView\Toolbars\gnome-colors-human_48.txt (90 bytes)
Extracting: D:\Programs\IrfanView\Toolbars\gnome-colors-wise_32.png (24.7 KB)
Extracting: D:\Programs\IrfanView\Toolbars\gnome-colors-wise_32.txt (90 bytes)
Extracting: D:\Programs\IrfanView\i_about.txt (2.3 KB)
Extracting: D:\Programs\IrfanView\i_changes.txt (107.4 KB)
Extracting: D:\Programs\IrfanView\i_languages.txt (765 bytes)
Extracting: D:\Programs\IrfanView\i_options.txt (21.6 KB)
Extracting: D:\Programs\IrfanView\i_plugins.txt (13.2 KB)
Extracting: D:\Programs\IrfanView\i_view32.chm (278.4 KB)
Extracting: D:\Programs\IrfanView\i_view64.exe (2.3 MB)
Extracting: D:\Programs\Lazesoft Recovery Suite.lnk (1.1 KB)
Extracting: D:\Programs\Linux_Reader\$PLUGINSDIR\System.dll (12 KB)
Extracting: D:\Programs\Linux_Reader\$PLUGINSDIR\modern-wizard.bmp (150.9 KB)
Extracting: D:\Programs\Linux_Reader\$PLUGINSDIR\nsDialogs.dll (9.5 KB)
Extracting: D:\Programs\Linux_Reader\DiskInternals Research.ico (22.0 KB)
Extracting: D:\Programs\Linux_Reader\DiskInternals.Preview.dll (10.5 MB)
Extracting: D:\Programs\Linux_Reader\License.txt (4.4 KB)
Extracting: D:\Programs\Linux_Reader\LinuxReader.exe (21.1 MB)
Extracting: D:\Programs\Linux_Reader\LinuxReader64.exe (30 MB)
Extracting: D:\Programs\Linux_Reader\Uninstall.exe.nsis (65.4 KB)
Extracting: D:\Programs\Linux_Reader\av\SDL2.dll (1.3 MB)
Extracting: D:\Programs\Linux_Reader\av\SoundTouch.dll (771.8 KB)
Extracting: D:\Programs\Linux_Reader\av\avcodec-58.dll (15.9 MB)
Extracting: D:\Programs\Linux_Reader\av\avdevice-58.dll (149.3 KB)
Extracting: D:\Programs\Linux_Reader\av\avfilter-7.dll (5.3 MB)
Extracting: D:\Programs\Linux_Reader\av\avformat-58.dll (8.5 MB)
Extracting: D:\Programs\Linux_Reader\av\avutil-56.dll (731.8 KB)
Extracting: D:\Programs\Linux_Reader\av\swresample-3.dll (304.8 KB)
Extracting: D:\Programs\Linux_Reader\av\swscale-5.dll (551.3 KB)
Extracting: D:\Programs\Linux_Reader\b64.dll (142.8 KB)
Extracting: D:\Programs\Linux_Reader\cbfs.cab (2.2 MB)
Extracting: D:\Programs\Linux_Reader\cbfs64.dll (381.3 KB)
Extracting: D:\Programs\Linux_Reader\fat12.dll (216.8 KB)
Extracting: D:\Programs\Linux_Reader\fat16.dll (307.3 KB)
Extracting: D:\Programs\Linux_Reader\fsm.ini (1.1 KB)
Extracting: D:\Programs\Linux_Reader\help.chm (82.4 KB)
Extracting: D:\Programs\Linux_Reader\ippcp.dll (779.3 KB)
Extracting: D:\Programs\Linux_Reader\jt.dll (280.8 KB)
Extracting: D:\Programs\Linux_Reader\libraw.dll (1.2 MB)
Extracting: D:\Programs\Linux_Reader\nas32.dll (478.3 KB)
Extracting: D:\Programs\Linux_Reader\nas64.dll (498.3 KB)
Extracting: D:\Programs\Macrium Reflect\PrimoBurner64.dll (1.8 MB)
Extracting: D:\Programs\Macrium Reflect\ReDeploy.exe (3.2 MB)
Extracting: D:\Programs\Macrium Reflect\ReflectStarter.exe (20 KB)
Extracting: D:\Programs\Macrium Reflect\aesdll.dll (90.1 KB)
Extracting: D:\Programs\Macrium Reflect\diskrestore.exe (5.5 MB)
Extracting: D:\Programs\Macrium Reflect\le5.dll (304 KB)
Extracting: D:\Programs\Macrium Reflect\license.rtf (22.5 KB)
Extracting: D:\Programs\Macrium Reflect\oledlg.dll (76 KB)
Extracting: D:\Programs\Macrium Reflect\psmounterex.sys (165 KB)
Extracting: D:\Programs\Macrium Reflect\reflect.exe (55.6 MB)
Extracting: D:\Programs\Macrorit Partition Expert.lnk (1.1 KB)
Extracting: D:\Programs\Macrorit Partition Extender.lnk (1.1 KB)
Extracting: D:\Programs\McAfee Stinger\stinger64.exe (46.6 MB)
Extracting: D:\Programs\NTPWedit\GPL.txt (17.6 KB)
Extracting: D:\Programs\NTPWedit\ntpwedit64.exe (159.5 KB)
Extracting: D:\Programs\NVDA.lnk (910 bytes)
Extracting: D:\Programs\Notepad++.lnk (959 bytes)
Extracting: D:\Programs\Puran Data Recovery\Data Recovery.exe (1005 KB)
Extracting: D:\Programs\Puran Data Recovery\Data Recovery.url (54 bytes)
Extracting: D:\Programs\Puran Data Recovery\Default.cjstyles (314.5 KB)
Extracting: D:\Programs\Puran Data Recovery\Help\Data_Recovery.chm (30.3 KB)
Extracting: D:\Programs\Puran Data Recovery\home.html (553 bytes)
Extracting: D:\Programs\Puran Data Recovery\home.png (1.5 KB)
Extracting: D:\Programs\Puran Data Recovery\homebutton.html (237 bytes)
Extracting: D:\Programs\Puran File Recovery\EULA.txt (1.9 KB)
Extracting: D:\Programs\Puran File Recovery\File_Recovery.chm (871.4 KB)
Extracting: D:\Programs\Puran File Recovery\Lang\PFRFrench.dll (77.5 KB)
Extracting: D:\Programs\Puran File Recovery\Lang\PFRGerman.dll (76.5 KB)
Extracting: D:\Programs\Puran File Recovery\Lang\PFRHindi.dll (74.5 KB)
Extracting: D:\Programs\Puran File Recovery\Lang\PFRJapanese.dll (69 KB)
Extracting: D:\Programs\Puran File Recovery\Lang\PFRPolish.dll (76 KB)
Extracting: D:\Programs\Puran File Recovery\Lang\PFRPortuguese.dll (76.5 KB)
Extracting: D:\Programs\Puran File Recovery\Lang\PFRPunjabi.dll (74.5 KB)
Extracting: D:\Programs\Puran File Recovery\Lang\PFRRussian.dll (76.5 KB)
Extracting: D:\Programs\Puran File Recovery\Lang\PFRSpainish.dll (76.5 KB)
Extracting: D:\Programs\Puran File Recovery\PFRCustomList (2.6 KB)
Extracting: D:\Programs\Puran File Recovery\Puran File Recovery.exe (681.5 KB)
Extracting: D:\Programs\Puran File Recovery\Read Me First.txt (68 bytes)
Extracting: D:\Programs\Putty\putty.exe (1.6 MB)
Extracting: D:\Programs\ReclaiMe Free RAID Recovery\RaidRecovery.exe (1.9 MB)
Extracting: D:\Programs\Recuva\Lang\lang-1025.dll (44.3 KB)
Extracting: D:\Programs\Recuva\Lang\lang-1026.dll (46.8 KB)
Extracting: D:\Programs\Recuva\Lang\lang-1027.dll (51.8 KB)
Extracting: D:\Programs\Recuva\Lang\lang-1028.dll (27.3 KB)
Extracting: D:\Programs\Recuva\Lang\lang-1029.dll (46.8 KB)
Extracting: D:\Programs\Recuva\Lang\lang-1030.dll (46.8 KB)
Extracting: D:\Programs\Recuva\Lang\lang-1031.dll (49.8 KB)
Extracting: D:\Programs\Recuva\Lang\lang-1032.dll (52.8 KB)
Extracting: D:\Programs\Recuva\Lang\lang-1034.dll (52.8 KB)
Extracting: D:\Programs\Recuva\Lang\lang-1035.dll (48.3 KB)
Extracting: D:\Programs\Recuva\Lang\lang-1036.dll (52.8 KB)
Extracting: D:\Programs\Recuva\Lang\lang-1037.dll (40.8 KB)
Extracting: D:\Programs\Recuva\Lang\lang-1038.dll (50.3 KB)
Extracting: D:\Programs\Recuva\Lang\lang-1040.dll (50.3 KB)
Extracting: D:\Programs\Recuva\Lang\lang-1041.dll (32.8 KB)
Extracting: D:\Programs\Recuva\Lang\lang-1043.dll (52.3 KB)
Extracting: D:\Programs\Recuva\Lang\lang-1044.dll (46.3 KB)
Extracting: D:\Programs\Recuva\Lang\lang-1045.dll (49.8 KB)
Extracting: D:\Programs\Recuva\Lang\lang-1046.dll (48.8 KB)
Extracting: D:\Programs\Recuva\Lang\lang-1048.dll (47.3 KB)
Extracting: D:\Programs\Recuva\Lang\lang-1049.dll (45.8 KB)
Extracting: D:\Programs\Recuva\Lang\lang-1050.dll (51.3 KB)
Extracting: D:\Programs\Recuva\Lang\lang-1051.dll (45.8 KB)
Extracting: D:\Programs\Recuva\Lang\lang-1052.dll (47.8 KB)
Extracting: D:\Programs\Recuva\Lang\lang-1053.dll (47.8 KB)
Extracting: D:\Programs\Recuva\Lang\lang-1054.dll (44.8 KB)
Extracting: D:\Programs\Recuva\Lang\lang-1055.dll (46.3 KB)
Extracting: D:\Programs\Recuva\Lang\lang-1057.dll (48.3 KB)
Extracting: D:\Programs\Recuva\Lang\lang-1058.dll (46.8 KB)
Extracting: D:\Programs\Recuva\Lang\lang-1059.dll (48.3 KB)
Extracting: D:\Programs\Recuva\Lang\lang-1060.dll (48.8 KB)
Extracting: D:\Programs\Recuva\Lang\lang-1061.dll (46.3 KB)
Extracting: D:\Programs\Recuva\Lang\lang-1062.dll (48.3 KB)
Extracting: D:\Programs\Recuva\Lang\lang-1063.dll (48.3 KB)
Extracting: D:\Programs\Recuva\Lang\lang-1066.dll (46.3 KB)
Extracting: D:\Programs\Recuva\Lang\lang-1067.dll (45.8 KB)
Extracting: D:\Programs\Recuva\Lang\lang-1068.dll (46.3 KB)
Extracting: D:\Programs\Recuva\Lang\lang-1071.dll (50.8 KB)
Extracting: D:\Programs\Recuva\Lang\lang-1079.dll (47.3 KB)
Extracting: D:\Programs\Recuva\Lang\lang-2052.dll (26.8 KB)
Extracting: D:\Programs\Recuva\Lang\lang-2074.dll (48.8 KB)
Extracting: D:\Programs\Recuva\Lang\lang-3098.dll (48.3 KB)
Extracting: D:\Programs\Recuva\Lang\lang-5146.dll (46.8 KB)
Extracting: D:\Programs\Recuva\Lang\lang-9999.dll (47.3 KB)
Extracting: D:\Programs\Recuva\recuva64.exe (7.8 MB)
Extracting: D:\Programs\RegShot\Regshot64.exe (715 KB)
Extracting: D:\Programs\RegShot\belarussian.bmp (838 bytes)
Extracting: D:\Programs\RegShot\chinese.bmp (1.3 KB)
Extracting: D:\Programs\RegShot\chinese2.bmp (1.3 KB)
Extracting: D:\Programs\RegShot\english.bmp (838 bytes)
Extracting: D:\Programs\RegShot\french.bmp (838 bytes)
Extracting: D:\Programs\RegShot\german.bmp (838 bytes)
Extracting: D:\Programs\RegShot\italian.bmp (838 bytes)
Extracting: D:\Programs\RegShot\language.ini (56.1 KB)
Extracting: D:\Programs\RegShot\regshot.ini (4.7 KB)
Extracting: D:\Programs\RegShot\regshot.url (166 bytes)
Extracting: D:\Programs\RegShot\russian.bmp (838 bytes)
Extracting: D:\Programs\RegShot\ukrainian.bmp (838 bytes)
Extracting: D:\Programs\Registry Backup\Codejock.Controls.Unicode.v19.3.0.ocx (7.1 MB)
Extracting: D:\Programs\Registry Backup\MSINET.Ocx (132.8 KB)
Extracting: D:\Programs\Registry Backup\SSubTmr6.dll (40 KB)
Extracting: D:\Programs\Registry Backup\Settings.ini (1.1 KB)
Extracting: D:\Programs\Registry Backup\TweakingImgCtl.ocx (367.2 KB)
Extracting: D:\Programs\Registry Backup\TweakingRegistryBackup.exe (1.4 MB)
Extracting: D:\Programs\Registry Backup\change_log.txt (25 KB)
Extracting: D:\Programs\Registry Backup\color_presets\Default 2.0.ini (749 bytes)
Extracting: D:\Programs\Registry Backup\color_presets\Default 3.0.ini (549 bytes)
Extracting: D:\Programs\Registry Backup\color_presets\Default 4.0.ini (1.2 KB)
Extracting: D:\Programs\Registry Backup\color_presets\Default Dark 4.0.ini (1.2 KB)
Extracting: D:\Programs\Registry Backup\color_presets\Default.ini (584 bytes)
Extracting: D:\Programs\Registry Backup\color_presets\Gloss Black.ini (1 KB)
Extracting: D:\Programs\Registry Backup\color_presets\Grey & Black.ini (555 bytes)
Extracting: D:\Programs\Registry Backup\color_presets\Light.ini (577 bytes)
Extracting: D:\Programs\Registry Backup\color_presets\Olive Green.ini (578 bytes)
Extracting: D:\Programs\Registry Backup\color_presets\Pink and Black.ini (1.2 KB)
Extracting: D:\Programs\Registry Backup\color_presets\Silver.ini (581 bytes)
Extracting: D:\Programs\Registry Backup\color_presets\Windows Classic.ini (576 bytes)
Extracting: D:\Programs\Registry Backup\color_presets\_ReadMe.txt (570 bytes)
Extracting: D:\Programs\Registry Backup\data.dat (1 bytes)
Extracting: D:\Programs\Registry Backup\files\Backup_Failed_Message.exe (29.0 KB)
Extracting: D:\Programs\Registry Backup\files\Log_Vss.txt (16.4 KB)
Extracting: D:\Programs\Registry Backup\files\ManageACL_32.exe (559.4 KB)
Extracting: D:\Programs\Registry Backup\files\ManageACL_64.exe (758.4 KB)
Extracting: D:\Programs\Registry Backup\files\TweakingRegRestore_32.exe (63.4 KB)
Extracting: D:\Programs\Registry Backup\files\TweakingRegRestore_64.exe (72.4 KB)
Extracting: D:\Programs\Registry Backup\files\dosdev.exe (6.5 KB)
Extracting: D:\Programs\Registry Backup\files\icon1.ico (42.0 KB)
Extracting: D:\Programs\Registry Backup\files\icon1.png (288 bytes)
Extracting: D:\Programs\Registry Backup\files\icon2.ico (33.7 KB)
Extracting: D:\Programs\Registry Backup\files\icon2.png (594 bytes)
Extracting: D:\Programs\Registry Backup\files\icon3.ico (33.7 KB)
Extracting: D:\Programs\Registry Backup\files\icon3.png (226 bytes)
Extracting: D:\Programs\Registry Backup\files\icon4.ico (33.7 KB)
Extracting: D:\Programs\Registry Backup\files\recovery_console.reg (888 bytes)
Extracting: D:\Programs\Registry Backup\files\vss_2003.exe (344 KB)
Extracting: D:\Programs\Registry Backup\files\vss_7_8_2008_2012_32.exe (234.8 KB)
Extracting: D:\Programs\Registry Backup\files\vss_7_8_2008_2012_64.exe (339.8 KB)
Extracting: D:\Programs\Registry Backup\files\vss_pause.exe (28 KB)
Extracting: D:\Programs\Registry Backup\files\vss_start.exe (93.2 KB)
Extracting: D:\Programs\Registry Backup\files\vss_start.exe.manifest (1.5 KB)
Extracting: D:\Programs\Registry Backup\files\vss_vista_32.exe (202 KB)
Extracting: D:\Programs\Registry Backup\files\vss_vista_64.exe (299.5 KB)
Extracting: D:\Programs\Registry Backup\files\vss_xp.exe (288 KB)
Extracting: D:\Programs\Registry Backup\keywords.txt (224 bytes)
Extracting: D:\Programs\Registry Backup\pcwintech_tasksch.dll (77.0 KB)
Extracting: D:\Programs\Rufus\rufus-4.4.exe (1.4 MB)
Extracting: D:\Programs\Runtime DriveImage XML\diskmagn.msc (26.7 KB)
Extracting: D:\Programs\Runtime DriveImage XML\dixml.exe (1.1 MB)
Extracting: D:\Programs\Runtime DriveImage XML\vss64.exe (480 KB)
Extracting: D:\Programs\Runtime DriveImage XML\vss642008.exe (322 KB)
Extracting: D:\Programs\Runtime DriveImage XML\vss642008r2.exe (339.8 KB)
Extracting: D:\Programs\Runtime DriveImage XML\vssserv.dll (416 KB)
Extracting: D:\Programs\Runtime DriveImage XML\vssvista.dll (260 KB)
Extracting: D:\Programs\Runtime DriveImage XML\vssxp.dll (400 KB)
Extracting: D:\Programs\ShowKeyPlus\ShowKeyPlus.exe (6.2 MB)
Extracting: D:\Programs\SoftMaker FreeOffice\Enable40.dll (452 KB)
Extracting: D:\Programs\SoftMaker FreeOffice\PlanMaker.exe (12.5 MB)
Extracting: D:\Programs\SoftMaker FreeOffice\PlanMaker.iwr (607.6 KB)
Extracting: D:\Programs\SoftMaker FreeOffice\PlanMaker.png (20.4 KB)
Extracting: D:\Programs\SoftMaker FreeOffice\PlanMaker.tlb (106.2 KB)
Extracting: D:\Programs\SoftMaker FreeOffice\PlanMaker_uk.dwr (134.1 KB)
Extracting: D:\Programs\SoftMaker FreeOffice\PlanMaker_us.dwr (134.1 KB)
Extracting: D:\Programs\SoftMaker FreeOffice\Presentations.exe (10.0 MB)
Extracting: D:\Programs\SoftMaker FreeOffice\Presentations.iwr (553.3 KB)
Extracting: D:\Programs\SoftMaker FreeOffice\Presentations.png (20.4 KB)
Extracting: D:\Programs\SoftMaker FreeOffice\Presentations_uk.dwr (504 KB)
Extracting: D:\Programs\SoftMaker FreeOffice\Presentations_us.dwr (504.0 KB)
Extracting: D:\Programs\SoftMaker FreeOffice\Smash.exe (233.5 KB)
Extracting: D:\Programs\SoftMaker FreeOffice\SoftMaker\Bullets\Arrow2_2D_Blue.png (2.9 KB)
Extracting: D:\Programs\SoftMaker FreeOffice\SoftMaker\Bullets\Arrow2_2D_Green.png (2.8 KB)
Extracting: D:\Programs\SoftMaker FreeOffice\SoftMaker\Bullets\Arrow2_2D_Orange.png (2.9 KB)
Extracting: D:\Programs\SoftMaker FreeOffice\SoftMaker\Bullets\Arrow2_2D_Red.png (2.9 KB)
Extracting: D:\Programs\SoftMaker FreeOffice\SoftMaker\Bullets\Arrow2_3D_Blue.png (12.8 KB)
Extracting: D:\Programs\SoftMaker FreeOffice\SoftMaker\Bullets\Arrow2_3D_Green.png (13.2 KB)
Extracting: D:\Programs\SoftMaker FreeOffice\SoftMaker\Bullets\Arrow2_3D_Orange.png (13.6 KB)
Extracting: D:\Programs\SoftMaker FreeOffice\SoftMaker\Bullets\Arrow2_3D_Red.png (13.1 KB)
Extracting: D:\Programs\SoftMaker FreeOffice\SoftMaker\Bullets\Arrow3_grey_128.png (7.5 KB)
Extracting: D:\Programs\SoftMaker FreeOffice\SoftMaker\Bullets\Arrow3_lightgrey_128.png (6.7 KB)
Extracting: D:\Programs\SoftMaker FreeOffice\SoftMaker\Bullets\Arrow_2D_Blue.png (1.5 KB)
Extracting: D:\Programs\SoftMaker FreeOffice\SoftMaker\Bullets\Arrow_2D_Green.png (1.5 KB)
Extracting: D:\Programs\SoftMaker FreeOffice\SoftMaker\Bullets\Arrow_2D_Orange.png (1.5 KB)
Extracting: D:\Programs\SoftMaker FreeOffice\SoftMaker\Bullets\Arrow_2D_Red.png (1.5 KB)
Extracting: D:\Programs\SoftMaker FreeOffice\SoftMaker\Bullets\Arrow_3D_Blue.png (9.9 KB)
Extracting: D:\Programs\SoftMaker FreeOffice\SoftMaker\Bullets\Arrow_3D_Green.png (10.2 KB)
Extracting: D:\Programs\SoftMaker FreeOffice\SoftMaker\Bullets\Arrow_3D_Orange.png (10.8 KB)
Extracting: D:\Programs\SoftMaker FreeOffice\SoftMaker\Bullets\Arrow_3D_Red.png (10.1 KB)
Extracting: D:\Programs\SoftMaker FreeOffice\SoftMaker\Bullets\Callout_2D_Blue.png (2.8 KB)
Extracting: D:\Programs\SoftMaker FreeOffice\SoftMaker\Bullets\Callout_2D_Green.png (2.7 KB)
Extracting: D:\Programs\SoftMaker FreeOffice\SoftMaker\Bullets\Callout_2D_Orange.png (2.8 KB)
Extracting: D:\Programs\SoftMaker FreeOffice\SoftMaker\Bullets\Callout_2D_Red.png (2.8 KB)
Extracting: D:\Programs\SoftMaker FreeOffice\SoftMaker\Bullets\Check1_gold_128.png (13.4 KB)
Extracting: D:\Programs\SoftMaker FreeOffice\SoftMaker\Bullets\Check2_grey_128.png (7.6 KB)
Extracting: D:\Programs\SoftMaker FreeOffice\SoftMaker\Bullets\Checkmark_2D_Blue.png (2.4 KB)
Extracting: D:\Programs\SoftMaker FreeOffice\SoftMaker\Bullets\Checkmark_2D_Green.png (2.4 KB)
Extracting: D:\Programs\SoftMaker FreeOffice\SoftMaker\Bullets\Checkmark_2D_Orange.png (2.4 KB)
Extracting: D:\Programs\SoftMaker FreeOffice\SoftMaker\Bullets\Checkmark_2D_Red.png (2.5 KB)
Extracting: D:\Programs\SoftMaker FreeOffice\SoftMaker\Bullets\Checkmark_3D_Blue.png (12.1 KB)
Extracting: D:\Programs\SoftMaker FreeOffice\SoftMaker\Bullets\Checkmark_3D_Green.png (12 KB)
Extracting: D:\Programs\SoftMaker FreeOffice\SoftMaker\Bullets\Checkmark_3D_Orange.png (12.7 KB)
Extracting: D:\Programs\SoftMaker FreeOffice\SoftMaker\Bullets\Checkmark_3D_Red.png (12.3 KB)
Extracting: D:\Programs\SoftMaker FreeOffice\SoftMaker\Bullets\Chevron_2D_Blue.png (3.5 KB)
Extracting: D:\Programs\SoftMaker FreeOffice\SoftMaker\Bullets\Chevron_2D_Green.png (3.4 KB)
Extracting: D:\Programs\SoftMaker FreeOffice\SoftMaker\Bullets\Chevron_2D_Orange.png (3.5 KB)
Extracting: D:\Programs\SoftMaker FreeOffice\SoftMaker\Bullets\Chevron_2D_Red.png (3.6 KB)
Extracting: D:\Programs\SoftMaker FreeOffice\SoftMaker\Bullets\Chevron_3D_Blue.png (19.5 KB)
Extracting: D:\Programs\SoftMaker FreeOffice\SoftMaker\Bullets\Chevron_3D_Green.png (19.8 KB)
Extracting: D:\Programs\SoftMaker FreeOffice\SoftMaker\Bullets\Chevron_3D_Orange.png (21.5 KB)
Extracting: D:\Programs\SoftMaker FreeOffice\SoftMaker\Bullets\Chevron_3D_Red.png (20.4 KB)
Extracting: D:\Programs\SoftMaker FreeOffice\SoftMaker\Bullets\Circle1_blue_128.png (8.9 KB)
Extracting: D:\Programs\SoftMaker FreeOffice\SoftMaker\Bullets\Circle1_green_128.png (9.0 KB)
Extracting: D:\Programs\SoftMaker FreeOffice\SoftMaker\Bullets\Circle1_grey_128.png (8.4 KB)
Extracting: D:\Programs\SoftMaker FreeOffice\SoftMaker\Bullets\Circle1_orange_128.png (9.0 KB)
Extracting: D:\Programs\SoftMaker FreeOffice\SoftMaker\Bullets\Circle1_red_128.png (8.8 KB)
Extracting: D:\Programs\SoftMaker FreeOffice\SoftMaker\Bullets\Circle1_yellow_128.png (8.9 KB)
Extracting: D:\Programs\SoftMaker FreeOffice\SoftMaker\Bullets\Circle2_blue_128.png (11.5 KB)
Extracting: D:\Programs\SoftMaker FreeOffice\SoftMaker\Bullets\Circle2_green_128.png (11.5 KB)
Extracting: D:\Programs\SoftMaker FreeOffice\SoftMaker\Bullets\Circle2_grey_128.png (10.3 KB)
Extracting: D:\Programs\SoftMaker FreeOffice\SoftMaker\Bullets\Circle2_orange_128.png (11.8 KB)
Extracting: D:\Programs\SoftMaker FreeOffice\SoftMaker\Bullets\Circle2_red_128.png (11.5 KB)
Extracting: D:\Programs\SoftMaker FreeOffice\SoftMaker\Bullets\Circle2_yellow_128.png (12.3 KB)
Extracting: D:\Programs\SoftMaker FreeOffice\SoftMaker\Bullets\DiamondX_2D_Blue.png (2.1 KB)
Extracting: D:\Programs\SoftMaker FreeOffice\SoftMaker\Bullets\DiamondX_2D_Green.png (2.1 KB)
Extracting: D:\Programs\SoftMaker FreeOffice\SoftMaker\Bullets\DiamondX_2D_Orange.png (2.1 KB)
Extracting: D:\Programs\SoftMaker FreeOffice\SoftMaker\Bullets\DiamondX_2D_Red.png (2.1 KB)
Extracting: D:\Programs\SoftMaker FreeOffice\SoftMaker\Bullets\DiamondX_3D_Blue.png (14.7 KB)
Extracting: D:\Programs\SoftMaker FreeOffice\SoftMaker\Bullets\DiamondX_3D_Green.png (14.7 KB)
Extracting: D:\Programs\SoftMaker FreeOffice\SoftMaker\Bullets\DiamondX_3D_Orange.png (15.9 KB)
Extracting: D:\Programs\SoftMaker FreeOffice\SoftMaker\Bullets\DiamondX_3D_Red.png (15.5 KB)
Extracting: D:\Programs\SoftMaker FreeOffice\SoftMaker\Bullets\Diamond_2D_Blue.png (1.9 KB)
Extracting: D:\Programs\SoftMaker FreeOffice\SoftMaker\Bullets\Diamond_2D_Green.png (1.9 KB)
Extracting: D:\Programs\SoftMaker FreeOffice\SoftMaker\Bullets\Diamond_2D_Orange.png (1.9 KB)
Extracting: D:\Programs\SoftMaker FreeOffice\SoftMaker\Bullets\Diamond_2D_Red.png (1.9 KB)
Extracting: D:\Programs\SoftMaker FreeOffice\SoftMaker\Bullets\Diamond_3D_Blue.png (10.3 KB)
Extracting: D:\Programs\SoftMaker FreeOffice\SoftMaker\Bullets\Diamond_3D_Green.png (10.9 KB)
Extracting: D:\Programs\SoftMaker FreeOffice\SoftMaker\Bullets\Diamond_3D_Orange.png (11.5 KB)
Extracting: D:\Programs\SoftMaker FreeOffice\SoftMaker\Bullets\Diamond_3D_Red.png (10.5 KB)
Extracting: D:\Programs\SoftMaker FreeOffice\SoftMaker\Bullets\Disc_2D_Blue.png (2.8 KB)
Extracting: D:\Programs\SoftMaker FreeOffice\SoftMaker\Bullets\Disc_2D_Green.png (2.8 KB)
Extracting: D:\Programs\SoftMaker FreeOffice\SoftMaker\Bullets\Disc_2D_Orange.png (2.8 KB)
Extracting: D:\Programs\SoftMaker FreeOffice\SoftMaker\Bullets\Disc_2D_Red.png (2.9 KB)
Extracting: D:\Programs\SoftMaker FreeOffice\SoftMaker\Bullets\Disc_2D_Small_Blue.png (2.2 KB)
Extracting: D:\Programs\SoftMaker FreeOffice\SoftMaker\Bullets\Disc_2D_Small_Green.png (2.2 KB)
Extracting: D:\Programs\SoftMaker FreeOffice\SoftMaker\Bullets\Disc_2D_Small_Orange.png (2.2 KB)
Extracting: D:\Programs\SoftMaker FreeOffice\SoftMaker\Bullets\Disc_2D_Small_Red.png (2.2 KB)
Extracting: D:\Programs\SoftMaker FreeOffice\SoftMaker\Bullets\Disc_3D_Blue.png (14.4 KB)
Extracting: D:\Programs\SoftMaker FreeOffice\SoftMaker\Bullets\Disc_3D_Green.png (14.5 KB)
Extracting: D:\Programs\SoftMaker FreeOffice\SoftMaker\Bullets\Disc_3D_Orange.png (15.9 KB)
Extracting: D:\Programs\SoftMaker FreeOffice\SoftMaker\Bullets\Disc_3D_Red.png (14.3 KB)
Extracting: D:\Programs\SoftMaker FreeOffice\SoftMaker\Bullets\Disc_3D_Small_Blue.png (11 KB)
Extracting: D:\Programs\SoftMaker FreeOffice\SoftMaker\Bullets\Disc_3D_Small_Green.png (11.1 KB)
Extracting: D:\Programs\SoftMaker FreeOffice\SoftMaker\Bullets\Disc_3D_Small_Orange.png (12.0 KB)
Extracting: D:\Programs\SoftMaker FreeOffice\SoftMaker\Bullets\Disc_3D_Small_Red.png (11 KB)
Extracting: D:\Programs\SoftMaker FreeOffice\SoftMaker\Bullets\Hexagon_2D_Blue.png (2.4 KB)
Extracting: D:\Programs\SoftMaker FreeOffice\SoftMaker\Bullets\Hexagon_2D_Green.png (2.4 KB)
Extracting: D:\Programs\SoftMaker FreeOffice\SoftMaker\Bullets\Hexagon_2D_Orange.png (2.4 KB)
Extracting: D:\Programs\SoftMaker FreeOffice\SoftMaker\Bullets\Hexagon_2D_Red.png (2.5 KB)
Extracting: D:\Programs\SoftMaker FreeOffice\SoftMaker\Bullets\Hexagon_3D_Blue.png (13.0 KB)
Extracting: D:\Programs\SoftMaker FreeOffice\SoftMaker\Bullets\Hexagon_3D_Green.png (13.2 KB)
Extracting: D:\Programs\SoftMaker FreeOffice\SoftMaker\Bullets\Hexagon_3D_Orange.png (14.3 KB)
Extracting: D:\Programs\SoftMaker FreeOffice\SoftMaker\Bullets\Hexagon_3D_Red.png (13.1 KB)
Extracting: D:\Programs\SoftMaker FreeOffice\SoftMaker\Bullets\Hexagram_2D_Red.png (736 bytes)
Extracting: D:\Programs\SoftMaker FreeOffice\SoftMaker\Bullets\Hexagram_3D_Red.png (2.0 KB)
Extracting: D:\Programs\SoftMaker FreeOffice\SoftMaker\Bullets\Minus_2D_Blue.png (167 bytes)
Extracting: D:\Programs\SoftMaker FreeOffice\SoftMaker\Bullets\Minus_2D_Green.png (163 bytes)
Extracting: D:\Programs\SoftMaker FreeOffice\SoftMaker\Bullets\Minus_2D_Orange.png (166 bytes)
Extracting: D:\Programs\SoftMaker FreeOffice\SoftMaker\Bullets\Minus_2D_Red.png (163 bytes)
Extracting: D:\Programs\SoftMaker FreeOffice\SoftMaker\Bullets\Pentagon_2D_Blue.png (2.6 KB)
Extracting: D:\Programs\SoftMaker FreeOffice\SoftMaker\Bullets\Pentagon_2D_Green.png (2.6 KB)
Extracting: D:\Programs\SoftMaker FreeOffice\SoftMaker\Bullets\Pentagon_2D_Orange.png (2.6 KB)
Extracting: D:\Programs\SoftMaker FreeOffice\SoftMaker\Bullets\Pentagon_2D_Red.png (2.7 KB)
Extracting: D:\Programs\SoftMaker FreeOffice\SoftMaker\Bullets\Pentagon_3D_Blue.png (12.5 KB)
Extracting: D:\Programs\SoftMaker FreeOffice\SoftMaker\Bullets\Pentagon_3D_Green.png (13.1 KB)
Extracting: D:\Programs\SoftMaker FreeOffice\SoftMaker\Bullets\Pentagon_3D_Orange.png (14.2 KB)
Extracting: D:\Programs\SoftMaker FreeOffice\SoftMaker\Bullets\Pentagon_3D_Red.png (13 KB)
Extracting: D:\Programs\SoftMaker FreeOffice\SoftMaker\Bullets\Pentagram_2D_Red.png (777 bytes)
Extracting: D:\Programs\SoftMaker FreeOffice\SoftMaker\Bullets\Pentagram_3D_Red.png (2 KB)
Extracting: D:\Programs\SoftMaker FreeOffice\SoftMaker\Bullets\Plus_2D_Blue.png (186 bytes)
Extracting: D:\Programs\SoftMaker FreeOffice\SoftMaker\Bullets\Plus_2D_Green.png (185 bytes)
Extracting: D:\Programs\SoftMaker FreeOffice\SoftMaker\Bullets\Plus_2D_Orange.png (187 bytes)
Extracting: D:\Programs\SoftMaker FreeOffice\SoftMaker\Bullets\Plus_2D_Red.png (187 bytes)
Extracting: D:\Programs\SoftMaker FreeOffice\SoftMaker\Bullets\QuadArrow_2D_Blue.png (2.7 KB)
Extracting: D:\Programs\SoftMaker FreeOffice\SoftMaker\Bullets\QuadArrow_2D_Green.png (2.7 KB)
Extracting: D:\Programs\SoftMaker FreeOffice\SoftMaker\Bullets\QuadArrow_2D_Orange.png (2.7 KB)
Extracting: D:\Programs\SoftMaker FreeOffice\SoftMaker\Bullets\QuadArrow_2D_Red.png (2.8 KB)
Extracting: D:\Programs\SoftMaker FreeOffice\SoftMaker\Bullets\Square1_blue_128.png (3.5 KB)
Extracting: D:\Programs\SoftMaker FreeOffice\SoftMaker\Bullets\Square1_green_128.png (3.5 KB)
Extracting: D:\Programs\SoftMaker FreeOffice\SoftMaker\Bullets\Square1_grey_128.png (3.4 KB)
Extracting: D:\Programs\SoftMaker FreeOffice\SoftMaker\Bullets\Square1_orange_128.png (3.5 KB)
Extracting: D:\Programs\SoftMaker FreeOffice\SoftMaker\Bullets\Square1_red_128.png (3.5 KB)
Extracting: D:\Programs\SoftMaker FreeOffice\SoftMaker\Bullets\Square1_yellow_128.png (3.5 KB)
Extracting: D:\Programs\SoftMaker FreeOffice\SoftMaker\Bullets\Square2_blue_128.png (5.0 KB)
Extracting: D:\Programs\SoftMaker FreeOffice\SoftMaker\Bullets\Square2_green_128.png (4.9 KB)
Extracting: D:\Programs\SoftMaker FreeOffice\SoftMaker\Bullets\Square2_grey_128.png (5.1 KB)
Extracting: D:\Programs\SoftMaker FreeOffice\SoftMaker\Bullets\Square2_orange_128.png (5.0 KB)
Extracting: D:\Programs\SoftMaker FreeOffice\SoftMaker\Bullets\Square2_red_128.png (4.9 KB)
Extracting: D:\Programs\SoftMaker FreeOffice\SoftMaker\Bullets\Square2_yellow_128.png (5.2 KB)
Extracting: D:\Programs\SoftMaker FreeOffice\SoftMaker\Bullets\Square3_grey_128.png (2.8 KB)
Extracting: D:\Programs\SoftMaker FreeOffice\SoftMaker\Bullets\Square_2D_Blue.png (676 bytes)
Extracting: D:\Programs\SoftMaker FreeOffice\SoftMaker\Bullets\Square_2D_Green.png (671 bytes)
Extracting: D:\Programs\SoftMaker FreeOffice\SoftMaker\Bullets\Square_2D_Orange.png (677 bytes)
Extracting: D:\Programs\SoftMaker FreeOffice\SoftMaker\Bullets\Square_2D_Red.png (675 bytes)
Extracting: D:\Programs\SoftMaker FreeOffice\SoftMaker\Bullets\Square_2D_Small_Blue.png (583 bytes)
Extracting: D:\Programs\SoftMaker FreeOffice\SoftMaker\Bullets\Square_2D_Small_Green.png (579 bytes)
Extracting: D:\Programs\SoftMaker FreeOffice\SoftMaker\Bullets\Square_2D_Small_Orange.png (585 bytes)
Extracting: D:\Programs\SoftMaker FreeOffice\SoftMaker\Bullets\Square_2D_Small_Red.png (581 bytes)
Extracting: D:\Programs\SoftMaker FreeOffice\SoftMaker\Bullets\Square_3D_Blue.png (6.2 KB)
Extracting: D:\Programs\SoftMaker FreeOffice\SoftMaker\Bullets\Square_3D_Green.png (5.9 KB)
Extracting: D:\Programs\SoftMaker FreeOffice\SoftMaker\Bullets\Square_3D_Orange.png (6.6 KB)
Extracting: D:\Programs\SoftMaker FreeOffice\SoftMaker\Bullets\Square_3D_Red.png (5.4 KB)
Extracting: D:\Programs\SoftMaker FreeOffice\SoftMaker\Bullets\Square_3D_Small_Blue.png (5 KB)
Extracting: D:\Programs\SoftMaker FreeOffice\SoftMaker\Bullets\Square_3D_Small_Green.png (5.0 KB)
Extracting: D:\Programs\SoftMaker FreeOffice\SoftMaker\Bullets\Square_3D_Small_Orange.png (5.5 KB)
Extracting: D:\Programs\SoftMaker FreeOffice\SoftMaker\Bullets\Square_3D_Small_Red.png (4.6 KB)
Extracting: D:\Programs\SoftMaker FreeOffice\SoftMaker\Bullets\Ssquare3_blue_128.png (3.7 KB)
Extracting: D:\Programs\SoftMaker FreeOffice\SoftMaker\Bullets\Star1_blue_128.png (10 KB)
Extracting: D:\Programs\SoftMaker FreeOffice\SoftMaker\Bullets\Star1_green_128.png (10.2 KB)
Extracting: D:\Programs\SoftMaker FreeOffice\SoftMaker\Bullets\Star1_grey_128.png (9.4 KB)
Extracting: D:\Programs\SoftMaker FreeOffice\SoftMaker\Bullets\Star1_orange_128.png (10.0 KB)
Extracting: D:\Programs\SoftMaker FreeOffice\SoftMaker\Bullets\Star1_red_128.png (9.9 KB)
Extracting: D:\Programs\SoftMaker FreeOffice\SoftMaker\Bullets\Star1_yellow_128.png (9.8 KB)
Extracting: D:\Programs\SoftMaker FreeOffice\SoftMaker\Bullets\Star2_blue_128.png (12.2 KB)
Extracting: D:\Programs\SoftMaker FreeOffice\SoftMaker\Bullets\Star2_green_128.png (12.2 KB)
Extracting: D:\Programs\SoftMaker FreeOffice\SoftMaker\Bullets\Star2_grey_128.png (10.9 KB)
Extracting: D:\Programs\SoftMaker FreeOffice\SoftMaker\Bullets\Star2_orange_128.png (12.2 KB)
Extracting: D:\Programs\SoftMaker FreeOffice\SoftMaker\Bullets\Star2_red_128.png (12.2 KB)
Extracting: D:\Programs\SoftMaker FreeOffice\SoftMaker\Bullets\Star2_yellow_128.png (12.8 KB)
Extracting: D:\Programs\SoftMaker FreeOffice\SoftMaker\Bullets\Star5_2D_Blue.png (3 KB)
Extracting: D:\Programs\SoftMaker FreeOffice\SoftMaker\Bullets\Star5_2D_Green.png (3 KB)
Extracting: D:\Programs\SoftMaker FreeOffice\SoftMaker\Bullets\Star5_2D_Orange.png (3 KB)
Extracting: D:\Programs\SoftMaker FreeOffice\SoftMaker\Bullets\Star5_2D_Red.png (3.1 KB)
Extracting: D:\Programs\SoftMaker FreeOffice\SoftMaker\Bullets\Star6_2D_Blue.png (3.3 KB)
Extracting: D:\Programs\SoftMaker FreeOffice\SoftMaker\Bullets\Star6_2D_Green.png (3.3 KB)
Extracting: D:\Programs\SoftMaker FreeOffice\SoftMaker\Bullets\Star6_2D_Orange.png (3.3 KB)
Extracting: D:\Programs\SoftMaker FreeOffice\SoftMaker\Bullets\Star6_2D_Red.png (3.4 KB)
Extracting: D:\Programs\SoftMaker FreeOffice\SoftMaker\Bullets\Triangle1_blue_128.png (3.8 KB)
Extracting: D:\Programs\SoftMaker FreeOffice\SoftMaker\Bullets\Triangle1_green_128.png (3.8 KB)
Extracting: D:\Programs\SoftMaker FreeOffice\SoftMaker\Bullets\Triangle1_grey_128.png (3.7 KB)
Extracting: D:\Programs\SoftMaker FreeOffice\SoftMaker\Bullets\Triangle1_orange_128.png (3.8 KB)
Extracting: D:\Programs\SoftMaker FreeOffice\SoftMaker\Bullets\Triangle1_red_128.png (3.8 KB)
Extracting: D:\Programs\SoftMaker FreeOffice\SoftMaker\Bullets\Triangle1_yellow_128.png (3.7 KB)
Extracting: D:\Programs\SoftMaker FreeOffice\SoftMaker\Bullets\Triangle2_blue_128.png (6.0 KB)
Extracting: D:\Programs\SoftMaker FreeOffice\SoftMaker\Bullets\Triangle2_green_128.png (5.9 KB)
Extracting: D:\Programs\SoftMaker FreeOffice\SoftMaker\Bullets\Triangle2_grey_128.png (5.5 KB)
Extracting: D:\Programs\SoftMaker FreeOffice\SoftMaker\Bullets\Triangle2_orange_128.png (6 KB)
Extracting: D:\Programs\SoftMaker FreeOffice\SoftMaker\Bullets\Triangle2_red_128.png (5.9 KB)
Extracting: D:\Programs\SoftMaker FreeOffice\SoftMaker\Bullets\Triangle2_yellow_128.png (6.4 KB)
Extracting: D:\Programs\SoftMaker FreeOffice\SoftMaker\Bullets\Triangle_2D_Blue.png (2.1 KB)
Extracting: D:\Programs\SoftMaker FreeOffice\SoftMaker\Bullets\Triangle_2D_Green.png (2.1 KB)
Extracting: D:\Programs\SoftMaker FreeOffice\SoftMaker\Bullets\Triangle_2D_Orange.png (2.1 KB)
Extracting: D:\Programs\SoftMaker FreeOffice\SoftMaker\Bullets\Triangle_2D_Red.png (2.1 KB)
Extracting: D:\Programs\SoftMaker FreeOffice\SoftMaker\Bullets\Triangle_3D_Blue.png (10.8 KB)
Extracting: D:\Programs\SoftMaker FreeOffice\SoftMaker\Bullets\Triangle_3D_Green.png (10.8 KB)
Extracting: D:\Programs\SoftMaker FreeOffice\SoftMaker\Bullets\Triangle_3D_Orange.png (11.4 KB)
Extracting: D:\Programs\SoftMaker FreeOffice\SoftMaker\Bullets\Triangle_3D_Red.png (10.9 KB)
Extracting: D:\Programs\SoftMaker FreeOffice\SoftMaker\Bullets\X_2D_Blue.png (3.1 KB)
Extracting: D:\Programs\SoftMaker FreeOffice\SoftMaker\Bullets\X_2D_Green.png (3.1 KB)
Extracting: D:\Programs\SoftMaker FreeOffice\SoftMaker\Bullets\X_2D_Orange.png (3.1 KB)
Extracting: D:\Programs\SoftMaker FreeOffice\SoftMaker\Bullets\X_2D_Red.png (3.2 KB)
Extracting: D:\Programs\SoftMaker FreeOffice\SoftMaker\Bullets\X_3D_Blue.png (18.6 KB)
Extracting: D:\Programs\SoftMaker FreeOffice\SoftMaker\Bullets\X_3D_Green.png (18.5 KB)
Extracting: D:\Programs\SoftMaker FreeOffice\SoftMaker\Bullets\X_3D_Orange.png (19.6 KB)
Extracting: D:\Programs\SoftMaker FreeOffice\SoftMaker\Bullets\X_3D_Red.png (18.6 KB)
Extracting: D:\Programs\SoftMaker FreeOffice\SoftMaker\Designs 2012\01_bluesky.prv (476.5 KB)
Extracting: D:\Programs\SoftMaker FreeOffice\SoftMaker\Designs 2012\02_marble.prv (596.5 KB)
Extracting: D:\Programs\SoftMaker FreeOffice\SoftMaker\Designs 2012\03_rosy.prv (652.5 KB)
Extracting: D:\Programs\SoftMaker FreeOffice\SoftMaker\Designs 2012\11_city.prv (96.5 KB)
Extracting: D:\Programs\SoftMaker FreeOffice\SoftMaker\FAQ (English).tmd (14.1 KB)
Extracting: D:\Programs\SoftMaker FreeOffice\SoftMaker\Office comparison.tmd (73.1 KB)
Extracting: D:\Programs\SoftMaker FreeOffice\SoftMaker\Readme.txt (529 bytes)
Extracting: D:\Programs\SoftMaker FreeOffice\SoftMaker\Samples\Calendar 2014.pmd (32.5 KB)
Extracting: D:\Programs\SoftMaker FreeOffice\SoftMaker\Samples\Calendar 2015.pmd (32.5 KB)
Extracting: D:\Programs\SoftMaker FreeOffice\SoftMaker\Samples\Energy Sources.pmd (24.5 KB)
Extracting: D:\Programs\SoftMaker FreeOffice\SoftMaker\Samples\Functionnames.pmd (292.5 KB)
Extracting: D:\Programs\SoftMaker FreeOffice\SoftMaker\Samples\Invoice.dbf (1.2 KB)
Extracting: D:\Programs\SoftMaker FreeOffice\SoftMaker\Samples\Invoice.tmd (22.7 KB)
Extracting: D:\Programs\SoftMaker FreeOffice\SoftMaker\Samples\Sample.pmd (32.5 KB)
Extracting: D:\Programs\SoftMaker FreeOffice\SoftMaker\Samples\Tour1.prd (12.5 KB)
Extracting: D:\Programs\SoftMaker FreeOffice\SoftMaker\Samples\Tour1.tmd (10.0 KB)
Extracting: D:\Programs\SoftMaker FreeOffice\SoftMaker\Samples\Tour2.prd (196.5 KB)
Extracting: D:\Programs\SoftMaker FreeOffice\SoftMaker\Samples\Tour2.tmd (10.3 KB)
Extracting: D:\Programs\SoftMaker FreeOffice\SoftMaker\Samples\Tour3.prd (212.5 KB)
Extracting: D:\Programs\SoftMaker FreeOffice\SoftMaker\Samples\Tour3.tmd (11.1 KB)
Extracting: D:\Programs\SoftMaker FreeOffice\SoftMaker\Samples\Tour4.tmd (15.6 KB)
Extracting: D:\Programs\SoftMaker FreeOffice\SoftMaker\Samples\court_new.jpg (92.9 KB)
Extracting: D:\Programs\SoftMaker FreeOffice\SoftMaker\Settings\fontfilter.ini (41 bytes)
Extracting: D:\Programs\SoftMaker FreeOffice\SoftMaker\Settings\pmwfoconfig.ini (687 bytes)
Extracting: D:\Programs\SoftMaker FreeOffice\SoftMaker\Settings\prwfoconfig.ini (709 bytes)
Extracting: D:\Programs\SoftMaker FreeOffice\SoftMaker\Settings\tmsmart.dat (48 bytes)
Extracting: D:\Programs\SoftMaker FreeOffice\SoftMaker\Settings\tmwfoconfig.ini (531 bytes)
Extracting: D:\Programs\SoftMaker FreeOffice\SoftMaker\Templates 2012\English\Business Card\Business Card 1 (personal).tmv (18.8 KB)
Extracting: D:\Programs\SoftMaker FreeOffice\SoftMaker\Templates 2012\English\Business Card\Business Card 1.tmv (19.5 KB)
Extracting: D:\Programs\SoftMaker FreeOffice\SoftMaker\Templates 2012\English\Business Card\Business Card 2 (personal).tmv (18.8 KB)
Extracting: D:\Programs\SoftMaker FreeOffice\SoftMaker\Templates 2012\English\Business Card\Business Card 2.tmv (19.5 KB)
Extracting: D:\Programs\SoftMaker FreeOffice\SoftMaker\Templates 2012\English\Fax\Business Fax 1.tmv (13.0 KB)
Extracting: D:\Programs\SoftMaker FreeOffice\SoftMaker\Templates 2012\English\Fax\Business Fax 2.tmv (17.4 KB)
Extracting: D:\Programs\SoftMaker FreeOffice\SoftMaker\Templates 2012\English\Fax\Business Fax 3.tmv (18.5 KB)
Extracting: D:\Programs\SoftMaker FreeOffice\SoftMaker\Templates 2012\English\Fax\Business Fax 4.tmv (21.7 KB)
Extracting: D:\Programs\SoftMaker FreeOffice\SoftMaker\Templates 2012\English\Fax\Personal Fax 1.tmv (12.9 KB)
Extracting: D:\Programs\SoftMaker FreeOffice\SoftMaker\Templates 2012\English\Fax\Personal Fax 2.tmv (17.2 KB)
Extracting: D:\Programs\SoftMaker FreeOffice\SoftMaker\Templates 2012\English\Fax\Personal Fax 3.tmv (16.7 KB)
Extracting: D:\Programs\SoftMaker FreeOffice\SoftMaker\Templates 2012\English\Fax\Personal Fax 4.tmv (20.2 KB)
Extracting: D:\Programs\SoftMaker FreeOffice\SoftMaker\Templates 2012\English\Letter\Personal Letter 1.tmv (16.0 KB)
Extracting: D:\Programs\SoftMaker FreeOffice\SoftMaker\Templates 2012\English\Letter\Personal Letter 2.tmv (21.7 KB)
Extracting: D:\Programs\SoftMaker FreeOffice\SoftMaker\Templates 2012\English\Letter\Personal Letter 3.tmv (18.1 KB)
Extracting: D:\Programs\SoftMaker FreeOffice\SoftMaker\Templates 2012\English\Letter\Personal Letter 4.tmv (18 KB)
Extracting: D:\Programs\SoftMaker FreeOffice\SoftMaker\Templates 2012\English\Letter\Personal Letter 5.tmv (18.3 KB)
Extracting: D:\Programs\SoftMaker FreeOffice\SoftMaker\Templates 2012\English\Letter\Personal Letter 6.tmv (18.3 KB)
Extracting: D:\Programs\SoftMaker FreeOffice\SoftMaker\Templates 2012\English\Letter\Personal Letter 7.tmv (19.1 KB)
Extracting: D:\Programs\SoftMaker FreeOffice\SoftMaker\Templates 2012\English\Memo\Memo 1.tmv (12.6 KB)
Extracting: D:\Programs\SoftMaker FreeOffice\SoftMaker\Templates 2012\English\Memo\Memo 2.tmv (16.6 KB)
Extracting: D:\Programs\SoftMaker FreeOffice\SoftMaker\Templates 2012\English\Misc\Phone List.tmv (19.1 KB)
Extracting: D:\Programs\SoftMaker FreeOffice\SoftMaker\Templates 2012\English\Normal.tmv (7.5 KB)
Extracting: D:\Programs\SoftMaker FreeOffice\SoftMaker\Templates 2012\English\PlanMaker\Normal.pmv (12.5 KB)
Extracting: D:\Programs\SoftMaker FreeOffice\SoftMaker\biblio.dbf (961 bytes)
Extracting: D:\Programs\SoftMaker FreeOffice\SoftMaker\hunspell-license.txt (1.4 KB)
Extracting: D:\Programs\SoftMaker FreeOffice\SoftMaker\tmw.dbf (1 KB)
Extracting: D:\Programs\SoftMaker FreeOffice\TextMaker.exe (14.1 MB)
Extracting: D:\Programs\SoftMaker FreeOffice\TextMaker.iwr (621.4 KB)
Extracting: D:\Programs\SoftMaker FreeOffice\TextMaker.png (20.4 KB)
Extracting: D:\Programs\SoftMaker FreeOffice\TextMaker.tlb (126 KB)
Extracting: D:\Programs\SoftMaker FreeOffice\TextMaker_uk.dwr (120.4 KB)
Extracting: D:\Programs\SoftMaker FreeOffice\TextMaker_us.dwr (120.3 KB)
Extracting: D:\Programs\SoftMaker FreeOffice\html\freeoffice_logo.png (12 KB)
Extracting: D:\Programs\SoftMaker FreeOffice\html\index.htm (14.3 KB)
Extracting: D:\Programs\SoftMaker FreeOffice\html\logo.png (8.6 KB)
Extracting: D:\Programs\SoftMaker FreeOffice\inst\banners\pm\ad10_de_v2.png (11.2 KB)
Extracting: D:\Programs\SoftMaker FreeOffice\inst\banners\pm\ad10_en_v2.png (10.8 KB)
Extracting: D:\Programs\SoftMaker FreeOffice\inst\banners\pm\ad11_de_v102.png (11 KB)
Extracting: D:\Programs\SoftMaker FreeOffice\inst\banners\pm\ad11_de_v2.png (9.2 KB)
Extracting: D:\Programs\SoftMaker FreeOffice\inst\banners\pm\ad11_en_v102.png (10.7 KB)
Extracting: D:\Programs\SoftMaker FreeOffice\inst\banners\pm\ad11_en_v2.png (8.5 KB)
Extracting: D:\Programs\SoftMaker FreeOffice\inst\banners\pm\ad12_de_v2.png (11.2 KB)
Extracting: D:\Programs\SoftMaker FreeOffice\inst\banners\pm\ad12_en_v2.png (11.0 KB)
Extracting: D:\Programs\SoftMaker FreeOffice\inst\banners\pm\ad1_de_v2.png (13.4 KB)
Extracting: D:\Programs\SoftMaker FreeOffice\inst\banners\pm\ad1_en_v3.png (12.3 KB)
Extracting: D:\Programs\SoftMaker FreeOffice\inst\banners\pm\ad2_de_v3.png (7.7 KB)
Extracting: D:\Programs\SoftMaker FreeOffice\inst\banners\pm\ad2_en_v3.png (7.6 KB)
Extracting: D:\Programs\SoftMaker FreeOffice\inst\banners\pm\ad3_de_v4.png (12.6 KB)
Extracting: D:\Programs\SoftMaker FreeOffice\inst\banners\pm\ad3_en_v4.png (12.9 KB)
Extracting: D:\Programs\SoftMaker FreeOffice\inst\banners\pm\ad4_de_v3.png (12.3 KB)
Extracting: D:\Programs\SoftMaker FreeOffice\inst\banners\pm\ad4_en_v3.png (13.2 KB)
Extracting: D:\Programs\SoftMaker FreeOffice\inst\banners\pm\ad5_de_v2.png (11.8 KB)
Extracting: D:\Programs\SoftMaker FreeOffice\inst\banners\pm\ad5_en_v2.png (11.8 KB)
Extracting: D:\Programs\SoftMaker FreeOffice\inst\banners\pm\ad6_de_v3.png (15.6 KB)
Extracting: D:\Programs\SoftMaker FreeOffice\inst\banners\pm\ad6_en_v3.png (15.5 KB)
Extracting: D:\Programs\SoftMaker FreeOffice\inst\banners\pm\ad7_de_v4.png (26.2 KB)
Extracting: D:\Programs\SoftMaker FreeOffice\inst\banners\pm\ad7_en_v4.png (25.1 KB)
Extracting: D:\Programs\SoftMaker FreeOffice\inst\banners\pm\ad8_de_v2.png (9.1 KB)
Extracting: D:\Programs\SoftMaker FreeOffice\inst\banners\pm\ad8_en_v2.png (9.4 KB)
Extracting: D:\Programs\SoftMaker FreeOffice\inst\banners\pm\ad9_de_v5.png (15.7 KB)
Extracting: D:\Programs\SoftMaker FreeOffice\inst\banners\pm\ad9_en_v5.png (14.3 KB)
Extracting: D:\Programs\SoftMaker FreeOffice\inst\banners\pm\flash_de_v1.png (315 bytes)
Extracting: D:\Programs\SoftMaker FreeOffice\inst\banners\pm\flash_en_v1.png (315 bytes)
Extracting: D:\Programs\SoftMaker FreeOffice\inst\banners\pm\list.txt (2.2 KB)
Extracting: D:\Programs\SoftMaker FreeOffice\inst\banners\pm\listlinux.txt (2.0 KB)
Extracting: D:\Programs\SoftMaker FreeOffice\inst\banners\pr\ad10_de_v102.png (10.9 KB)
Extracting: D:\Programs\SoftMaker FreeOffice\inst\banners\pr\ad10_de_v2.png (11.2 KB)
Extracting: D:\Programs\SoftMaker FreeOffice\inst\banners\pr\ad10_en_v102.png (10.7 KB)
Extracting: D:\Programs\SoftMaker FreeOffice\inst\banners\pr\ad10_en_v2.png (11 KB)
Extracting: D:\Programs\SoftMaker FreeOffice\inst\banners\pr\ad1_de_v2.png (13.0 KB)
Extracting: D:\Programs\SoftMaker FreeOffice\inst\banners\pr\ad1_en_v3.png (12.3 KB)
Extracting: D:\Programs\SoftMaker FreeOffice\inst\banners\pr\ad2_de_v2.png (15.5 KB)
Extracting: D:\Programs\SoftMaker FreeOffice\inst\banners\pr\ad2_en_v3.png (15.3 KB)
Extracting: D:\Programs\SoftMaker FreeOffice\inst\banners\pr\ad3_de_v4.png (12.8 KB)
Extracting: D:\Programs\SoftMaker FreeOffice\inst\banners\pr\ad3_en_v4.png (12.9 KB)
Extracting: D:\Programs\SoftMaker FreeOffice\inst\banners\pr\ad4_de_v3.png (12 KB)
Extracting: D:\Programs\SoftMaker FreeOffice\inst\banners\pr\ad4_en_v3.png (12.9 KB)
Extracting: D:\Programs\SoftMaker FreeOffice\inst\banners\pr\ad5_de_v103.png (8.6 KB)
Extracting: D:\Programs\SoftMaker FreeOffice\inst\banners\pr\ad5_de_v3.png (14.3 KB)
Extracting: D:\Programs\SoftMaker FreeOffice\inst\banners\pr\ad5_en_v103.png (8.5 KB)
Extracting: D:\Programs\SoftMaker FreeOffice\inst\banners\pr\ad5_en_v3.png (13.6 KB)
Extracting: D:\Programs\SoftMaker FreeOffice\inst\banners\pr\ad6_de_v103.png (6.5 KB)
Extracting: D:\Programs\SoftMaker FreeOffice\inst\banners\pr\ad6_de_v3.png (13.2 KB)
Extracting: D:\Programs\SoftMaker FreeOffice\inst\banners\pr\ad6_en_v103.png (6.4 KB)
Extracting: D:\Programs\SoftMaker FreeOffice\inst\banners\pr\ad6_en_v3.png (13.6 KB)
Extracting: D:\Programs\SoftMaker FreeOffice\inst\banners\pr\ad7_de_v3.png (11.7 KB)
Extracting: D:\Programs\SoftMaker FreeOffice\inst\banners\pr\ad7_en_v3.png (11.8 KB)
Extracting: D:\Programs\SoftMaker FreeOffice\inst\banners\pr\ad8_de_v102.png (8.9 KB)
Extracting: D:\Programs\SoftMaker FreeOffice\inst\banners\pr\ad8_de_v2.png (8.9 KB)
Extracting: D:\Programs\SoftMaker FreeOffice\inst\banners\pr\ad8_en_v102.png (8.2 KB)
Extracting: D:\Programs\SoftMaker FreeOffice\inst\banners\pr\ad8_en_v2.png (8.2 KB)
Extracting: D:\Programs\SoftMaker FreeOffice\inst\banners\pr\ad9_de_v5.png (13.1 KB)
Extracting: D:\Programs\SoftMaker FreeOffice\inst\banners\pr\ad9_en_v5.png (12.8 KB)
Extracting: D:\Programs\SoftMaker FreeOffice\inst\banners\pr\download\flash_de_v1.png (319 bytes)
Extracting: D:\Programs\SoftMaker FreeOffice\inst\banners\pr\download\flash_en_v1.png (319 bytes)
Extracting: D:\Programs\SoftMaker FreeOffice\inst\banners\pr\download\list.txt (2.1 KB)
Extracting: D:\Programs\SoftMaker FreeOffice\inst\banners\pr\list.txt (2.2 KB)
Extracting: D:\Programs\SoftMaker FreeOffice\inst\banners\pr\listlinux.txt (2.2 KB)
Extracting: D:\Programs\SoftMaker FreeOffice\inst\banners\tm\ad10_de_v2.png (17.3 KB)
Extracting: D:\Programs\SoftMaker FreeOffice\inst\banners\tm\ad10_en_v2.png (15.8 KB)
Extracting: D:\Programs\SoftMaker FreeOffice\inst\banners\tm\ad11_de_v2.png (16.8 KB)
Extracting: D:\Programs\SoftMaker FreeOffice\inst\banners\tm\ad11_en_v3.png (16.3 KB)
Extracting: D:\Programs\SoftMaker FreeOffice\inst\banners\tm\ad12_de_v4.png (11.3 KB)
Extracting: D:\Programs\SoftMaker FreeOffice\inst\banners\tm\ad12_en_v4.png (10.8 KB)
Extracting: D:\Programs\SoftMaker FreeOffice\inst\banners\tm\ad13_de_v3.png (13.5 KB)
Extracting: D:\Programs\SoftMaker FreeOffice\inst\banners\tm\ad13_en_v3.png (13.1 KB)
Extracting: D:\Programs\SoftMaker FreeOffice\inst\banners\tm\ad14_de_v4.png (14.9 KB)
Extracting: D:\Programs\SoftMaker FreeOffice\inst\banners\tm\ad14_en_v4.png (14.2 KB)
Extracting: D:\Programs\SoftMaker FreeOffice\inst\banners\tm\ad15_de_v2.png (16.8 KB)
Extracting: D:\Programs\SoftMaker FreeOffice\inst\banners\tm\ad15_en_v2.png (16 KB)
Extracting: D:\Programs\SoftMaker FreeOffice\inst\banners\tm\ad16_de_v2.png (14 KB)
Extracting: D:\Programs\SoftMaker FreeOffice\inst\banners\tm\ad16_en_v3.png (13 KB)
Extracting: D:\Programs\SoftMaker FreeOffice\inst\banners\tm\ad17_de_v2.png (16.9 KB)
Extracting: D:\Programs\SoftMaker FreeOffice\inst\banners\tm\ad17_en_v2.png (16.8 KB)
Extracting: D:\Programs\SoftMaker FreeOffice\inst\banners\tm\ad18_de_v3.png (14.3 KB)
Extracting: D:\Programs\SoftMaker FreeOffice\inst\banners\tm\ad18_en_v4.png (12.9 KB)
Extracting: D:\Programs\SoftMaker FreeOffice\inst\banners\tm\ad19_de_v102.png (11.4 KB)
Extracting: D:\Programs\SoftMaker FreeOffice\inst\banners\tm\ad19_de_v2.png (9.6 KB)
Extracting: D:\Programs\SoftMaker FreeOffice\inst\banners\tm\ad19_en_v102.png (10.8 KB)
Extracting: D:\Programs\SoftMaker FreeOffice\inst\banners\tm\ad19_en_v2.png (8.7 KB)
Extracting: D:\Programs\SoftMaker FreeOffice\inst\banners\tm\ad1_de_v2.png (13.0 KB)
Extracting: D:\Programs\SoftMaker FreeOffice\inst\banners\tm\ad1_en_v3.png (12.2 KB)
Extracting: D:\Programs\SoftMaker FreeOffice\inst\banners\tm\ad20_de_v2.png (13.3 KB)
Extracting: D:\Programs\SoftMaker FreeOffice\inst\banners\tm\ad20_en_v2.png (13.2 KB)
Extracting: D:\Programs\SoftMaker FreeOffice\inst\banners\tm\ad21_de_v2.png (11.2 KB)
Extracting: D:\Programs\SoftMaker FreeOffice\inst\banners\tm\ad21_en_v2.png (10.8 KB)
Extracting: D:\Programs\SoftMaker FreeOffice\inst\banners\tm\ad2_de_v3.png (38.4 KB)
Extracting: D:\Programs\SoftMaker FreeOffice\inst\banners\tm\ad2_en_v3.png (36.8 KB)
Extracting: D:\Programs\SoftMaker FreeOffice\inst\banners\tm\ad3_de_v4.png (12.7 KB)
Extracting: D:\Programs\SoftMaker FreeOffice\inst\banners\tm\ad3_en_v4.png (13.0 KB)
Extracting: D:\Programs\SoftMaker FreeOffice\inst\banners\tm\ad4_de_v2.png (12.9 KB)
Extracting: D:\Programs\SoftMaker FreeOffice\inst\banners\tm\ad4_en_v2.png (12.7 KB)
Extracting: D:\Programs\SoftMaker FreeOffice\inst\banners\tm\ad5_de_v102.png (8.9 KB)
Extracting: D:\Programs\SoftMaker FreeOffice\inst\banners\tm\ad5_de_v2.png (8.9 KB)
Extracting: D:\Programs\SoftMaker FreeOffice\inst\banners\tm\ad5_en_v102.png (8.2 KB)
Extracting: D:\Programs\SoftMaker FreeOffice\inst\banners\tm\ad5_en_v2.png (8.2 KB)
Extracting: D:\Programs\SoftMaker FreeOffice\inst\banners\tm\ad6_de_v3.png (14.6 KB)
Extracting: D:\Programs\SoftMaker FreeOffice\inst\banners\tm\ad6_en_v3.png (14.4 KB)
Extracting: D:\Programs\SoftMaker FreeOffice\inst\banners\tm\ad7_de_v3.png (8.2 KB)
Extracting: D:\Programs\SoftMaker FreeOffice\inst\banners\tm\ad7_en_v3.png (7.3 KB)
Extracting: D:\Programs\SoftMaker FreeOffice\inst\banners\tm\ad8_de_v4.png (10.0 KB)
Extracting: D:\Programs\SoftMaker FreeOffice\inst\banners\tm\ad8_en_v4.png (9.1 KB)
Extracting: D:\Programs\SoftMaker FreeOffice\inst\banners\tm\ad9_de_v102.png (14.2 KB)
Extracting: D:\Programs\SoftMaker FreeOffice\inst\banners\tm\ad9_de_v2.png (14.0 KB)
Extracting: D:\Programs\SoftMaker FreeOffice\inst\banners\tm\ad9_en_v102.png (12.0 KB)
Extracting: D:\Programs\SoftMaker FreeOffice\inst\banners\tm\ad9_en_v2.png (11.2 KB)
Extracting: D:\Programs\SoftMaker FreeOffice\inst\banners\tm\download\ad16_en_v2.png (314 bytes)
Extracting: D:\Programs\SoftMaker FreeOffice\inst\banners\tm\download\flash_de_v1.png (315 bytes)
Extracting: D:\Programs\SoftMaker FreeOffice\inst\banners\tm\download\flash_en_v1.png (315 bytes)
Extracting: D:\Programs\SoftMaker FreeOffice\inst\banners\tm\download\list.txt (4.0 KB)
Extracting: D:\Programs\SoftMaker FreeOffice\inst\banners\tm\list.txt (4.1 KB)
Extracting: D:\Programs\SoftMaker FreeOffice\inst\banners\tm\listlinux.txt (3.6 KB)
Extracting: D:\Programs\SoftMaker FreeOffice\inst\hunspell\de_de\COPYING_GPLv2.txt (17.9 KB)
Extracting: D:\Programs\SoftMaker FreeOffice\inst\hunspell\de_de\COPYING_GPLv3.txt (35.0 KB)
Extracting: D:\Programs\SoftMaker FreeOffice\inst\hunspell\de_de\COPYING_OASIS.txt (689 bytes)
Extracting: D:\Programs\SoftMaker FreeOffice\inst\hunspell\de_de\README_de.txt (747 bytes)
Extracting: D:\Programs\SoftMaker FreeOffice\inst\hunspell\de_de\README_en.txt (376 bytes)
Extracting: D:\Programs\SoftMaker FreeOffice\inst\hunspell\de_de\de_DE_Reformed.aff (18.2 KB)
Extracting: D:\Programs\SoftMaker FreeOffice\inst\hunspell\de_de\de_DE_Reformed.dic (2.7 MB)
Extracting: D:\Programs\SoftMaker FreeOffice\inst\hunspell\de_de\dict.ini (107 bytes)
Extracting: D:\Programs\SoftMaker FreeOffice\inst\hunspell\en_gb\README.txt (1.4 KB)
Extracting: D:\Programs\SoftMaker FreeOffice\inst\hunspell\en_gb\affDescription.txt (5.2 KB)
Extracting: D:\Programs\SoftMaker FreeOffice\inst\hunspell\en_gb\dict.ini (79 bytes)
Extracting: D:\Programs\SoftMaker FreeOffice\inst\hunspell\en_gb\en_GB.aff (72.7 KB)
Extracting: D:\Programs\SoftMaker FreeOffice\inst\hunspell\en_gb\en_GB.dic (685.2 KB)
Extracting: D:\Programs\SoftMaker FreeOffice\inst\hunspell\en_us\README.txt (1 KB)
Extracting: D:\Programs\SoftMaker FreeOffice\inst\hunspell\en_us\dict.ini (79 bytes)
Extracting: D:\Programs\SoftMaker FreeOffice\inst\hunspell\en_us\en_US.aff (3.0 KB)
Extracting: D:\Programs\SoftMaker FreeOffice\inst\hunspell\en_us\en_US.dic (679.8 KB)
Extracting: D:\Programs\SoftMaker FreeOffice\license.txt (3.4 KB)
Extracting: D:\Programs\SoftMaker FreeOffice\lizenz.txt (3.6 KB)
Extracting: D:\Programs\SoftMaker FreeOffice\ofresfo.dll (4 KB)
Extracting: D:\Programs\SoftMaker FreeOffice\pmFreeManual_en.pdf (2.8 MB)
Extracting: D:\Programs\SoftMaker FreeOffice\pmFree_en.chm (1.2 MB)
Extracting: D:\Programs\SoftMaker FreeOffice\portable.txt (70 bytes)
Extracting: D:\Programs\SoftMaker FreeOffice\prFreeManual_en.pdf (2.5 MB)
Extracting: D:\Programs\SoftMaker FreeOffice\prFree_en.chm (1.6 MB)
Extracting: D:\Programs\SoftMaker FreeOffice\prcache.dat (0 bytes)
Extracting: D:\Programs\SoftMaker FreeOffice\smash_de.chm (29.2 KB)
Extracting: D:\Programs\SoftMaker FreeOffice\smash_en.chm (28.2 KB)
Extracting: D:\Programs\SoftMaker FreeOffice\smw7i032.dll (26 KB)
Extracting: D:\Programs\SoftMaker FreeOffice\smw7i132.dll (29 KB)
Extracting: D:\Programs\SoftMaker FreeOffice\smw7i232.dll (968 KB)
Extracting: D:\Programs\SoftMaker FreeOffice\spell\bulgar.hyn (2.4 KB)
Extracting: D:\Programs\SoftMaker FreeOffice\spell\ch-rconv.thn (204.4 KB)
Extracting: D:\Programs\SoftMaker FreeOffice\spell\croat.hyn (5.8 KB)
Extracting: D:\Programs\SoftMaker FreeOffice\spell\czech.hyn (2.6 KB)
Extracting: D:\Programs\SoftMaker FreeOffice\spell\danish.hyn (29.6 KB)
Extracting: D:\Programs\SoftMaker FreeOffice\spell\de-rconv.thn (380.6 KB)
Extracting: D:\Programs\SoftMaker FreeOffice\spell\dutch.hyn (41 KB)
Extracting: D:\Programs\SoftMaker FreeOffice\spell\eston.hyn (2.5 KB)
Extracting: D:\Programs\SoftMaker FreeOffice\spell\finnish.hyn (8.2 KB)
Extracting: D:\Programs\SoftMaker FreeOffice\spell\french.hyn (3.7 KB)
Extracting: D:\Programs\SoftMaker FreeOffice\spell\german.hyn (69.1 KB)
Extracting: D:\Programs\SoftMaker FreeOffice\spell\greek.hyn (1.6 KB)
Extracting: D:\Programs\SoftMaker FreeOffice\spell\hungary.hyn (13.3 KB)
Extracting: D:\Programs\SoftMaker FreeOffice\spell\italian.hyn (1.9 KB)
Extracting: D:\Programs\SoftMaker FreeOffice\spell\latvian.hyn (2.4 KB)
Extracting: D:\Programs\SoftMaker FreeOffice\spell\lith.hyn (1.9 KB)
Extracting: D:\Programs\SoftMaker FreeOffice\spell\norway.hyn (17.4 KB)
Extracting: D:\Programs\SoftMaker FreeOffice\spell\polish.hyn (3.2 KB)
Extracting: D:\Programs\SoftMaker FreeOffice\spell\port.hyn (4.1 KB)
Extracting: D:\Programs\SoftMaker FreeOffice\spell\rgerman.hyn (123.9 KB)
Extracting: D:\Programs\SoftMaker FreeOffice\spell\roman.hyn (1.3 KB)
Extracting: D:\Programs\SoftMaker FreeOffice\spell\russian.hyn (6 KB)
Extracting: D:\Programs\SoftMaker FreeOffice\spell\serb.hyn (5.7 KB)
Extracting: D:\Programs\SoftMaker FreeOffice\spell\slovak.hyn (3.5 KB)
Extracting: D:\Programs\SoftMaker FreeOffice\spell\slovene.hyn (3.4 KB)
Extracting: D:\Programs\SoftMaker FreeOffice\spell\spanish.hyn (3.7 KB)
Extracting: D:\Programs\SoftMaker FreeOffice\spell\swedish.hyn (28.3 KB)
Extracting: D:\Programs\SoftMaker FreeOffice\spell\turk.hyn (1.1 KB)
Extracting: D:\Programs\SoftMaker FreeOffice\spell\ukeng.hyn (22.6 KB)
Extracting: D:\Programs\SoftMaker FreeOffice\spell\ukraine.hyn (5.0 KB)
Extracting: D:\Programs\SoftMaker FreeOffice\spell\useng.hyn (86.3 KB)
Extracting: D:\Programs\SoftMaker FreeOffice\tmFreeManual_EN.pdf (3.0 MB)
Extracting: D:\Programs\SoftMaker FreeOffice\tmFree_en.chm (1.3 MB)
Extracting: D:\Programs\SoftMaker FreeOffice\tmwfonts.ini (5.9 KB)
Extracting: D:\Programs\SoftMaker FreeOffice\version.txt (10 bytes)
Extracting: D:\Programs\Speccy\Lang\lang-1026.dll (87.4 KB)
Extracting: D:\Programs\Speccy\Lang\lang-1031.dll (86.9 KB)
Extracting: D:\Programs\Speccy\Lang\lang-1034.dll (95.5 KB)
Extracting: D:\Programs\Speccy\Lang\lang-1035.dll (91.9 KB)
Extracting: D:\Programs\Speccy\Lang\lang-1036.dll (92.9 KB)
Extracting: D:\Programs\Speccy\Lang\lang-1037.dll (75.2 KB)
Extracting: D:\Programs\Speccy\Lang\lang-1038.dll (90.9 KB)
Extracting: D:\Programs\Speccy\Lang\lang-1040.dll (89.9 KB)
Extracting: D:\Programs\Speccy\Lang\lang-1041.dll (65 KB)
Extracting: D:\Programs\Speccy\Lang\lang-1043.dll (91.4 KB)
Extracting: D:\Programs\Speccy\Lang\lang-1045.dll (90.9 KB)
Extracting: D:\Programs\Speccy\Lang\lang-1046.dll (87.9 KB)
Extracting: D:\Programs\Speccy\Lang\lang-1049.dll (85.9 KB)
Extracting: D:\Programs\Speccy\Lang\lang-1050.dll (94.0 KB)
Extracting: D:\Programs\Speccy\Lang\lang-1051.dll (83.3 KB)
Extracting: D:\Programs\Speccy\Lang\lang-1052.dll (88.9 KB)
Extracting: D:\Programs\Speccy\Lang\lang-1053.dll (88.9 KB)
Extracting: D:\Programs\Speccy\Lang\lang-1055.dll (83.8 KB)
Extracting: D:\Programs\Speccy\Lang\lang-1058.dll (87.9 KB)
Extracting: D:\Programs\Speccy\Lang\lang-1059.dll (88.4 KB)
Extracting: D:\Programs\Speccy\Lang\lang-1060.dll (86.4 KB)
Extracting: D:\Programs\Speccy\Lang\lang-1062.dll (89.9 KB)
Extracting: D:\Programs\Speccy\Lang\lang-1066.dll (84.8 KB)
Extracting: D:\Programs\Speccy\Lang\lang-1067.dll (84.3 KB)
Extracting: D:\Programs\Speccy\Lang\lang-1068.dll (85.3 KB)
Extracting: D:\Programs\Speccy\Lang\lang-1071.dll (87.4 KB)
Extracting: D:\Programs\Speccy\Lang\lang-1079.dll (89.4 KB)
Extracting: D:\Programs\Speccy\Lang\lang-1102.dll (85.3 KB)
Extracting: D:\Programs\Speccy\Lang\lang-2052.dll (50.9 KB)
Extracting: D:\Programs\Speccy\Lang\lang-2070.dll (86.4 KB)
Extracting: D:\Programs\Speccy\Lang\lang-2074.dll (87.9 KB)
Extracting: D:\Programs\Speccy\Lang\lang-3098.dll (87.4 KB)
Extracting: D:\Programs\Speccy\Lang\lang-5146.dll (84.8 KB)
Extracting: D:\Programs\Speccy\Lang\lang-9999.dll (84.8 KB)
Extracting: D:\Programs\Speccy\Speccy64.exe (7.3 MB)
Extracting: D:\Programs\SumatraPDF\SumatraPDF-3.5.2-64.exe (15.3 MB)
Extracting: D:\Programs\Sysinternals Suite\ADExplorer64.exe (646.4 KB)
Extracting: D:\Programs\Sysinternals Suite\ADInsight.chm (392.2 KB)
Extracting: D:\Programs\Sysinternals Suite\ADInsight64.exe (1.7 MB)
Extracting: D:\Programs\Sysinternals Suite\AccessEnum.exe (257.9 KB)
Extracting: D:\Programs\Sysinternals Suite\AdExplorer.chm (49.2 KB)
Extracting: D:\Programs\Sysinternals Suite\Autologon64.exe (430.9 KB)
Extracting: D:\Programs\Sysinternals Suite\Autoruns64.exe (1.9 MB)
Extracting: D:\Programs\Sysinternals Suite\Bginfo64.exe (2.6 MB)
Extracting: D:\Programs\Sysinternals Suite\CPUSTRES64.EXE (2.7 MB)
Extracting: D:\Programs\Sysinternals Suite\Cacheset64.exe (544.4 KB)
Extracting: D:\Programs\Sysinternals Suite\Clockres64.exe (429.9 KB)
Extracting: D:\Programs\Sysinternals Suite\Contig64.exe (278.9 KB)
Extracting: D:\Programs\Sysinternals Suite\Coreinfo64.exe (556.9 KB)
Extracting: D:\Programs\Sysinternals Suite\Dbgview.chm (66.9 KB)
Extracting: D:\Programs\Sysinternals Suite\Desktops64.exe (212.9 KB)
Extracting: D:\Programs\Sysinternals Suite\Disk2vhd.chm (39.8 KB)
Extracting: D:\Programs\Sysinternals Suite\DiskView64.exe (503.9 KB)
Extracting: D:\Programs\Sysinternals Suite\Diskmon64.exe (619.9 KB)
Extracting: D:\Programs\Sysinternals Suite\Eula.txt (7.3 KB)
Extracting: D:\Programs\Sysinternals Suite\FindLinks64.exe (189.9 KB)
Extracting: D:\Programs\Sysinternals Suite\Listdlls64.exe (215.2 KB)
Extracting: D:\Programs\Sysinternals Suite\LoadOrd64.exe (472.9 KB)
Extracting: D:\Programs\Sysinternals Suite\LoadOrdC64.exe (469.4 KB)
Extracting: D:\Programs\Sysinternals Suite\Procmon64.exe (2.6 MB)
Extracting: D:\Programs\Sysinternals Suite\PsExec64.exe (813.9 KB)
Extracting: D:\Programs\Sysinternals Suite\PsGetsid64.exe (494.4 KB)
Extracting: D:\Programs\Sysinternals Suite\PsInfo64.exe (523.4 KB)
Extracting: D:\Programs\Sysinternals Suite\PsLoggedon64.exe (166.2 KB)
Extracting: D:\Programs\Sysinternals Suite\PsService64.exe (314.9 KB)
Extracting: D:\Programs\Sysinternals Suite\Pstools.chm (65 KB)
Extracting: D:\Programs\Sysinternals Suite\RAMMap64.exe (354.4 KB)
Extracting: D:\Programs\Sysinternals Suite\RDCMan.exe (1.8 MB)
Extracting: D:\Programs\Sysinternals Suite\RegDelNull64.exe (443.4 KB)
Extracting: D:\Programs\Sysinternals Suite\ShareEnum64.exe (628.4 KB)
Extracting: D:\Programs\Sysinternals Suite\ShellRunas.exe (170.9 KB)
Extracting: D:\Programs\Sysinternals Suite\Sysmon64.exe (4.3 MB)
Extracting: D:\Programs\Sysinternals Suite\Testlimit64.exe (238.2 KB)
Extracting: D:\Programs\Sysinternals Suite\Vmmap.chm (50.5 KB)
Extracting: D:\Programs\Sysinternals Suite\Volumeid64.exe (165.7 KB)
Extracting: D:\Programs\Sysinternals Suite\Winobj64.exe (1.7 MB)
Extracting: D:\Programs\Sysinternals Suite\ZoomIt64.exe (681.9 KB)
Extracting: D:\Programs\Sysinternals Suite\accesschk64.exe (791.4 KB)
Extracting: D:\Programs\Sysinternals Suite\adrestore64.exe (440.4 KB)
Extracting: D:\Programs\Sysinternals Suite\autoruns.chm (24 KB)
Extracting: D:\Programs\Sysinternals Suite\autorunsc64.exe (784.9 KB)
Extracting: D:\Programs\Sysinternals Suite\ctrl2cap.amd.sys (9.9 KB)
Extracting: D:\Programs\Sysinternals Suite\ctrl2cap.exe (146.8 KB)
Extracting: D:\Programs\Sysinternals Suite\dbgview64.exe (1.1 MB)
Extracting: D:\Programs\Sysinternals Suite\disk2vhd64.exe (1.4 MB)
Extracting: D:\Programs\Sysinternals Suite\diskext64.exe (432.4 KB)
Extracting: D:\Programs\Sysinternals Suite\du64.exe (454.9 KB)
Extracting: D:\Programs\Sysinternals Suite\efsdump.exe (352.9 KB)
Extracting: D:\Programs\Sysinternals Suite\handle64.exe (406.4 KB)
Extracting: D:\Programs\Sysinternals Suite\hex2dec64.exe (507.4 KB)
Extracting: D:\Programs\Sysinternals Suite\junction64.exe (437.9 KB)
Extracting: D:\Programs\Sysinternals Suite\ldmdump.exe (150.8 KB)
Extracting: D:\Programs\Sysinternals Suite\livekd64.exe (603.6 KB)
Extracting: D:\Programs\Sysinternals Suite\logonsessions64.exe (549.9 KB)
Extracting: D:\Programs\Sysinternals Suite\movefile64.exe (429.9 KB)
Extracting: D:\Programs\Sysinternals Suite\notmyfault64.exe (339.9 KB)
Extracting: D:\Programs\Sysinternals Suite\notmyfaultc64.exe (955.9 KB)
Extracting: D:\Programs\Sysinternals Suite\ntfsinfo64.exe (155.2 KB)
Extracting: D:\Programs\Sysinternals Suite\pendmoves64.exe (430.9 KB)
Extracting: D:\Programs\Sysinternals Suite\pipelist64.exe (431.4 KB)
Extracting: D:\Programs\Sysinternals Suite\portmon.exe (440.8 KB)
Extracting: D:\Programs\Sysinternals Suite\procdump64.exe (414.9 KB)
Extracting: D:\Programs\Sysinternals Suite\procexp.chm (70.5 KB)
Extracting: D:\Programs\Sysinternals Suite\procexp64.exe (2.3 MB)
Extracting: D:\Programs\Sysinternals Suite\procmon.chm (62.1 KB)
Extracting: D:\Programs\Sysinternals Suite\psfile64.exe (282.4 KB)
Extracting: D:\Programs\Sysinternals Suite\pskill64.exe (465.4 KB)
Extracting: D:\Programs\Sysinternals Suite\pslist64.exe (260.9 KB)
Extracting: D:\Programs\Sysinternals Suite\psloglist64.exe (369.9 KB)
Extracting: D:\Programs\Sysinternals Suite\pspasswd64.exe (264.4 KB)
Extracting: D:\Programs\Sysinternals Suite\psping64.exe (338.9 KB)
Extracting: D:\Programs\Sysinternals Suite\psshutdown64.exe (790.9 KB)
Extracting: D:\Programs\Sysinternals Suite\pssuspend64.exe (468.9 KB)
Extracting: D:\Programs\Sysinternals Suite\psversion.txt (39 bytes)
Extracting: D:\Programs\Sysinternals Suite\readme.txt (7.7 KB)
Extracting: D:\Programs\Sysinternals Suite\regjump.exe (357.4 KB)
Extracting: D:\Programs\Sysinternals Suite\ru64.exe (439.9 KB)
Extracting: D:\Programs\Sysinternals Suite\sdelete64.exe (218.9 KB)
Extracting: D:\Programs\Sysinternals Suite\sigcheck64.exe (528.4 KB)
Extracting: D:\Programs\Sysinternals Suite\streams64.exe (433.9 KB)
Extracting: D:\Programs\Sysinternals Suite\strings64.exe (466.9 KB)
Extracting: D:\Programs\Sysinternals Suite\sync64.exe (434.9 KB)
Extracting: D:\Programs\Sysinternals Suite\tcpvcon64.exe (244.9 KB)
Extracting: D:\Programs\Sysinternals Suite\tcpview.chm (15.6 KB)
Extracting: D:\Programs\Sysinternals Suite\tcpview64.exe (1 MB)
Extracting: D:\Programs\Sysinternals Suite\vmmap64.exe (2.6 MB)
Extracting: D:\Programs\Sysinternals Suite\whois64.exe (511.4 KB)
Extracting: D:\Programs\Testdisk.lnk (950 bytes)
Extracting: D:\Programs\Total Commander\BLAKEX64.DLL (158.5 KB)
Extracting: D:\Programs\Total Commander\CGLPT64.SYS (23.1 KB)
Extracting: D:\Programs\Total Commander\DEFAULT.BAR (977 bytes)
Extracting: D:\Programs\Total Commander\DESCRIPT.ION (2.2 KB)
Extracting: D:\Programs\Total Commander\FILTER64\AutoPitch.dll (215.5 KB)
Extracting: D:\Programs\Total Commander\FILTER64\SoundTouchDLL_License.txt (319 bytes)
Extracting: D:\Programs\Total Commander\FILTER64\SoundTouchDLL_x64.dll (173.5 KB)
Extracting: D:\Programs\Total Commander\FILTER64\vmr9rotator.dll (124.2 KB)
Extracting: D:\Programs\Total Commander\HISTORY.TXT (1.1 MB)
Extracting: D:\Programs\Total Commander\LANGUAGE\WCMD_ENG.MNU (5.3 KB)
Extracting: D:\Programs\Total Commander\LANGUAGE\WCMD_UKR.INC (20.8 KB)
Extracting: D:\Programs\Total Commander\LANGUAGE\WCMD_UKR.LNG (84.0 KB)
Extracting: D:\Programs\Total Commander\LANGUAGE\WCMD_UKR.MNU (5.2 KB)
Extracting: D:\Programs\Total Commander\LIBDEFLATE64.DLL (153.5 KB)
Extracting: D:\Programs\Total Commander\NO.BAR (26 bytes)
Extracting: D:\Programs\Total Commander\NOCLOSE64.EXE (58.6 KB)
Extracting: D:\Programs\Total Commander\SFXHEAD.SFX (40.5 KB)
Extracting: D:\Programs\Total Commander\SIZE!.TXT (607 bytes)
Extracting: D:\Programs\Total Commander\TC7Z64.DLL (334 KB)
Extracting: D:\Programs\Total Commander\TCLZMA64.DLL (276 KB)
Extracting: D:\Programs\Total Commander\TCMADM64.EXE (114.9 KB)
Extracting: D:\Programs\Total Commander\TCMDX32.EXE (89.1 KB)
Extracting: D:\Programs\Total Commander\TCUNZL64.DLL (140.6 KB)
Extracting: D:\Programs\Total Commander\TCZSTD64.DLL (242 KB)
Extracting: D:\Programs\Total Commander\TCshareWin10x64.dll (147 KB)
Extracting: D:\Programs\Total Commander\TOTALCMD.INC (29.1 KB)
Extracting: D:\Programs\Total Commander\TOTALCMD64.EXE (9.9 MB)
Extracting: D:\Programs\Total Commander\TOTALCMD64.EXE.MANIFEST (1.5 KB)
Extracting: D:\Programs\Total Commander\TcUsbRun.exe (57.1 KB)
Extracting: D:\Programs\Total Commander\UNRAR64.DLL (330.1 KB)
Extracting: D:\Programs\Total Commander\VERTICAL.BAR (417 bytes)
Extracting: D:\Programs\Total Commander\WCMICON2.DLL (1.5 MB)
Extracting: D:\Programs\Total Commander\WCMICONS.DLL (623.8 KB)
Extracting: D:\Programs\Total Commander\WCMICONS.INC (1.9 KB)
Extracting: D:\Programs\Total Commander\WCMZIP64.DLL (154.6 KB)
Extracting: D:\Programs\Total Commander\default.br2 (20.8 KB)
Extracting: D:\Programs\Total Commander\vertical.br2 (6.9 KB)
Extracting: D:\Programs\Total Commander\wincmd.ini (1 KB)
Extracting: D:\Programs\TreeSize\GlobalOptions.xml (0 bytes)
Extracting: D:\Programs\TreeSize\License.freeware.DE.txt (3.3 KB)
Extracting: D:\Programs\TreeSize\License.freeware.EN.txt (2.7 KB)
Extracting: D:\Programs\TreeSize\LicenseFiles\Abbrevia\License.txt (941 bytes)
Extracting: D:\Programs\TreeSize\LicenseFiles\GLScene\LICENSE (16.7 KB)
Extracting: D:\Programs\TreeSize\LicenseFiles\Jedi Component Library\License.txt (25.7 KB)
Extracting: D:\Programs\TreeSize\LicenseFiles\PasOpenCL\License.txt (10.5 KB)
Extracting: D:\Programs\TreeSize\LicenseFiles\Spring4D\License.txt (9.1 KB)
Extracting: D:\Programs\TreeSize\LicenseFiles\SynPDF\License.txt (2 KB)
Extracting: D:\Programs\TreeSize\LicenseFiles\Virtual TreeView\License.txt (906 bytes)
Extracting: D:\Programs\TreeSize\LicenseFiles\Windows Ribbon Framework for Delphi\License.txt (1.6 KB)
Extracting: D:\Programs\TreeSize\TreeSizeFree.chm (219.9 KB)
Extracting: D:\Programs\TreeSize\TreeSizeFree.exe (45.9 MB)
Extracting: D:\Programs\TreeSize\TreeSizeFree_DE.chm (229.7 KB)
Extracting: D:\Programs\Unstoppable Copier\UnstopCpy.exe (129.4 KB)
Extracting: D:\Programs\VLC Media Player\axvlc.dll (1.3 MB)
Extracting: D:\Programs\VLC Media Player\hrtfs\dodeca_and_7channel_3DSL_HRTF.sofa (90.2 KB)
Extracting: D:\Programs\VLC Media Player\languages\AfrikaansExtra.nsh (4.3 KB)
Extracting: D:\Programs\VLC Media Player\languages\AlbanianExtra.nsh (4.6 KB)
Extracting: D:\Programs\VLC Media Player\languages\ArabicExtra.nsh (5.3 KB)
Extracting: D:\Programs\VLC Media Player\languages\AsturianExtra.nsh (4.5 KB)
Extracting: D:\Programs\VLC Media Player\languages\BasqueExtra.nsh (4.7 KB)
Extracting: D:\Programs\VLC Media Player\languages\BosnianExtra.nsh (4.5 KB)
Extracting: D:\Programs\VLC Media Player\languages\BretonExtra.nsh (4.6 KB)
Extracting: D:\Programs\VLC Media Player\languages\BulgarianExtra.nsh (6.2 KB)
Extracting: D:\Programs\VLC Media Player\languages\CatalanExtra.nsh (4.9 KB)
Extracting: D:\Programs\VLC Media Player\languages\CorsicanExtra.nsh (4.7 KB)
Extracting: D:\Programs\VLC Media Player\languages\CroatianExtra.nsh (4.6 KB)
Extracting: D:\Programs\VLC Media Player\languages\CzechExtra.nsh (4.6 KB)
Extracting: D:\Programs\VLC Media Player\languages\DanishExtra.nsh (4.4 KB)
Extracting: D:\Programs\VLC Media Player\languages\DutchExtra.nsh (4.5 KB)
Extracting: D:\Programs\VLC Media Player\languages\EnglishExtra.nsh (4.3 KB)
Extracting: D:\Programs\VLC Media Player\languages\EstonianExtra.nsh (4.3 KB)
Extracting: D:\Programs\VLC Media Player\languages\FinnishExtra.nsh (4.6 KB)
Extracting: D:\Programs\VLC Media Player\languages\FrenchExtra.nsh (4.7 KB)
Extracting: D:\Programs\VLC Media Player\languages\GalicianExtra.nsh (4.8 KB)
Extracting: D:\Programs\VLC Media Player\languages\GermanExtra.nsh (4.7 KB)
Extracting: D:\Programs\VLC Media Player\languages\GreekExtra.nsh (6.8 KB)
Extracting: D:\Programs\VLC Media Player\languages\HebrewExtra.nsh (5.2 KB)
Extracting: D:\Programs\VLC Media Player\languages\HindiExtra.nsh (7.7 KB)
Extracting: D:\Programs\VLC Media Player\languages\HungarianExtra.nsh (4.8 KB)
Extracting: D:\Programs\VLC Media Player\languages\IcelandicExtra.nsh (4.5 KB)
Extracting: D:\Programs\VLC Media Player\languages\IndonesianExtra.nsh (4.4 KB)
Extracting: D:\Programs\VLC Media Player\languages\ItalianExtra.nsh (4.7 KB)
Extracting: D:\Programs\VLC Media Player\languages\JapaneseExtra.nsh (5.2 KB)
Extracting: D:\Programs\VLC Media Player\languages\KhmerExtra.nsh (8.3 KB)
Extracting: D:\Programs\VLC Media Player\languages\KoreanExtra.nsh (4.6 KB)
Extracting: D:\Programs\VLC Media Player\languages\LatvianExtra.nsh (4.7 KB)
Extracting: D:\Programs\VLC Media Player\languages\LithuanianExtra.nsh (4.5 KB)
Extracting: D:\Programs\VLC Media Player\languages\MalayExtra.nsh (4.3 KB)
Extracting: D:\Programs\VLC Media Player\languages\MongolianExtra.nsh (5.8 KB)
Extracting: D:\Programs\VLC Media Player\languages\NorwegianExtra.nsh (4.3 KB)
Extracting: D:\Programs\VLC Media Player\languages\NorwegianNynorskExtra.nsh (4.4 KB)
Extracting: D:\Programs\VLC Media Player\languages\PolishExtra.nsh (4.6 KB)
Extracting: D:\Programs\VLC Media Player\languages\PortugueseBRExtra.nsh (4.8 KB)
Extracting: D:\Programs\VLC Media Player\languages\PortugueseExtra.nsh (4.8 KB)
Extracting: D:\Programs\VLC Media Player\languages\RomanianExtra.nsh (4.7 KB)
Extracting: D:\Programs\VLC Media Player\languages\RussianExtra.nsh (6.0 KB)
Extracting: D:\Programs\VLC Media Player\languages\ScotsGaelicExtra.nsh (4.9 KB)
Extracting: D:\Programs\VLC Media Player\languages\SerbianExtra.nsh (5.9 KB)
Extracting: D:\Programs\VLC Media Player\languages\SimpChineseExtra.nsh (4.2 KB)
Extracting: D:\Programs\VLC Media Player\languages\SlovakExtra.nsh (4.9 KB)
Extracting: D:\Programs\VLC Media Player\languages\SlovenianExtra.nsh (4.6 KB)
Extracting: D:\Programs\VLC Media Player\languages\SpanishExtra.nsh (4.7 KB)
Extracting: D:\Programs\VLC Media Player\languages\SwedishExtra.nsh (4.6 KB)
Extracting: D:\Programs\VLC Media Player\languages\ThaiExtra.nsh (7.5 KB)
Extracting: D:\Programs\VLC Media Player\languages\TradChineseExtra.nsh (4.1 KB)
Extracting: D:\Programs\VLC Media Player\languages\TurkishExtra.nsh (4.5 KB)
Extracting: D:\Programs\VLC Media Player\languages\UkrainianExtra.nsh (6.1 KB)
Extracting: D:\Programs\VLC Media Player\languages\UzbekExtra.nsh (4.7 KB)
Extracting: D:\Programs\VLC Media Player\languages\VietnameseExtra.nsh (4.3 KB)
Extracting: D:\Programs\VLC Media Player\languages\WelshExtra.nsh (4.4 KB)
Extracting: D:\Programs\VLC Media Player\libvlc.dll (186.6 KB)
Extracting: D:\Programs\VLC Media Player\libvlccore.dll (2.7 MB)
Extracting: D:\Programs\VLC Media Player\locale\ach\LC_MESSAGES\vlc.mo (46.9 KB)
Extracting: D:\Programs\VLC Media Player\locale\af\LC_MESSAGES\vlc.mo (102.8 KB)
Extracting: D:\Programs\VLC Media Player\locale\am\LC_MESSAGES\vlc.mo (62.1 KB)
Extracting: D:\Programs\VLC Media Player\locale\am_ET\LC_MESSAGES\vlc.mo (78.9 KB)
Extracting: D:\Programs\VLC Media Player\locale\an\LC_MESSAGES\vlc.mo (397.4 KB)
Extracting: D:\Programs\VLC Media Player\locale\ar\LC_MESSAGES\vlc.mo (355.1 KB)
Extracting: D:\Programs\VLC Media Player\locale\as_IN\LC_MESSAGES\vlc.mo (794.2 KB)
Extracting: D:\Programs\VLC Media Player\locale\ast\LC_MESSAGES\vlc.mo (399.5 KB)
Extracting: D:\Programs\VLC Media Player\locale\be\LC_MESSAGES\vlc.mo (627.8 KB)
Extracting: D:\Programs\VLC Media Player\locale\bg\LC_MESSAGES\vlc.mo (529.4 KB)
Extracting: D:\Programs\VLC Media Player\locale\bn\LC_MESSAGES\vlc.mo (683.4 KB)
Extracting: D:\Programs\VLC Media Player\locale\bn_IN\LC_MESSAGES\vlc.mo (672.6 KB)
Extracting: D:\Programs\VLC Media Player\locale\br\LC_MESSAGES\vlc.mo (143.1 KB)
Extracting: D:\Programs\VLC Media Player\locale\brx\LC_MESSAGES\vlc.mo (790.9 KB)
Extracting: D:\Programs\VLC Media Player\locale\bs\LC_MESSAGES\vlc.mo (161 KB)
Extracting: D:\Programs\VLC Media Player\locale\ca\LC_MESSAGES\vlc.mo (627.2 KB)
Extracting: D:\Programs\VLC Media Player\locale\ca@valencia\LC_MESSAGES\vlc.mo (522.3 KB)
Extracting: D:\Programs\VLC Media Player\locale\cgg\LC_MESSAGES\vlc.mo (33.8 KB)
Extracting: D:\Programs\VLC Media Player\locale\co\LC_MESSAGES\vlc.mo (261.3 KB)
Extracting: D:\Programs\VLC Media Player\locale\cs\LC_MESSAGES\vlc.mo (605 KB)
Extracting: D:\Programs\VLC Media Player\locale\cy\LC_MESSAGES\vlc.mo (270.9 KB)
Extracting: D:\Programs\VLC Media Player\locale\da\LC_MESSAGES\vlc.mo (584.5 KB)
Extracting: D:\Programs\VLC Media Player\locale\de\LC_MESSAGES\vlc.mo (607.5 KB)
Extracting: D:\Programs\VLC Media Player\locale\el\LC_MESSAGES\vlc.mo (831.4 KB)
Extracting: D:\Programs\VLC Media Player\locale\en_GB\LC_MESSAGES\vlc.mo (117.1 KB)
Extracting: D:\Programs\VLC Media Player\locale\eo\LC_MESSAGES\vlc.mo (14.8 KB)
Extracting: D:\Programs\VLC Media Player\locale\es\LC_MESSAGES\vlc.mo (609.9 KB)
Extracting: D:\Programs\VLC Media Player\locale\es_MX\LC_MESSAGES\vlc.mo (608.9 KB)
Extracting: D:\Programs\VLC Media Player\locale\et\LC_MESSAGES\vlc.mo (400.5 KB)
Extracting: D:\Programs\VLC Media Player\locale\eu\LC_MESSAGES\vlc.mo (614.8 KB)
Extracting: D:\Programs\VLC Media Player\locale\fa\LC_MESSAGES\vlc.mo (178.8 KB)
Extracting: D:\Programs\VLC Media Player\locale\ff\LC_MESSAGES\vlc.mo (72.2 KB)
Extracting: D:\Programs\VLC Media Player\locale\fi\LC_MESSAGES\vlc.mo (604.2 KB)
Extracting: D:\Programs\VLC Media Player\locale\fr\LC_MESSAGES\vlc.mo (614.3 KB)
Extracting: D:\Programs\VLC Media Player\locale\fur\LC_MESSAGES\vlc.mo (382.4 KB)
Extracting: D:\Programs\VLC Media Player\locale\fy\LC_MESSAGES\vlc.mo (524.4 KB)
Extracting: D:\Programs\VLC Media Player\locale\ga\LC_MESSAGES\vlc.mo (158.8 KB)
Extracting: D:\Programs\VLC Media Player\locale\gd\LC_MESSAGES\vlc.mo (175.6 KB)
Extracting: D:\Programs\VLC Media Player\locale\gl\LC_MESSAGES\vlc.mo (604.4 KB)
Extracting: D:\Programs\VLC Media Player\locale\gu\LC_MESSAGES\vlc.mo (770.3 KB)
Extracting: D:\Programs\VLC Media Player\locale\he\LC_MESSAGES\vlc.mo (491 KB)
Extracting: D:\Programs\VLC Media Player\locale\hi\LC_MESSAGES\vlc.mo (204.6 KB)
Extracting: D:\Programs\VLC Media Player\locale\hr\LC_MESSAGES\vlc.mo (484.6 KB)
Extracting: D:\Programs\VLC Media Player\locale\hu\LC_MESSAGES\vlc.mo (619.3 KB)
Extracting: D:\Programs\VLC Media Player\locale\hy\LC_MESSAGES\vlc.mo (122.5 KB)
Extracting: D:\Programs\VLC Media Player\locale\id\LC_MESSAGES\vlc.mo (422.7 KB)
Extracting: D:\Programs\VLC Media Player\locale\ie\LC_MESSAGES\vlc.mo (94.8 KB)
Extracting: D:\Programs\VLC Media Player\locale\is\LC_MESSAGES\vlc.mo (305.4 KB)
Extracting: D:\Programs\VLC Media Player\locale\it\LC_MESSAGES\vlc.mo (610.8 KB)
Extracting: D:\Programs\VLC Media Player\locale\ja\LC_MESSAGES\vlc.mo (672.5 KB)
Extracting: D:\Programs\VLC Media Player\locale\ka\LC_MESSAGES\vlc.mo (323.7 KB)
Extracting: D:\Programs\VLC Media Player\locale\kab\LC_MESSAGES\vlc.mo (61.9 KB)
Extracting: D:\Programs\VLC Media Player\locale\kk\LC_MESSAGES\vlc.mo (229.4 KB)
Extracting: D:\Programs\VLC Media Player\locale\km\LC_MESSAGES\vlc.mo (844 KB)
Extracting: D:\Programs\VLC Media Player\locale\kn\LC_MESSAGES\vlc.mo (700.4 KB)
Extracting: D:\Programs\VLC Media Player\locale\ko\LC_MESSAGES\vlc.mo (616.5 KB)
Extracting: D:\Programs\VLC Media Player\locale\ks_IN\LC_MESSAGES\vlc.mo (663.2 KB)
Extracting: D:\Programs\VLC Media Player\locale\ku_IQ\LC_MESSAGES\vlc.mo (77.6 KB)
Extracting: D:\Programs\VLC Media Player\locale\ky\LC_MESSAGES\vlc.mo (36.3 KB)
Extracting: D:\Programs\VLC Media Player\locale\lg\LC_MESSAGES\vlc.mo (46 KB)
Extracting: D:\Programs\VLC Media Player\locale\lo\LC_MESSAGES\vlc.mo (25.7 KB)
Extracting: D:\Programs\VLC Media Player\locale\lt\LC_MESSAGES\vlc.mo (308.9 KB)
Extracting: D:\Programs\VLC Media Player\locale\lv\LC_MESSAGES\vlc.mo (611.9 KB)
Extracting: D:\Programs\VLC Media Player\locale\mai\LC_MESSAGES\vlc.mo (783.3 KB)
Extracting: D:\Programs\VLC Media Player\locale\mk\LC_MESSAGES\vlc.mo (10.1 KB)
Extracting: D:\Programs\VLC Media Player\locale\ml\LC_MESSAGES\vlc.mo (1.1 MB)
Extracting: D:\Programs\VLC Media Player\locale\mn\LC_MESSAGES\vlc.mo (105.4 KB)
Extracting: D:\Programs\VLC Media Player\locale\mr\LC_MESSAGES\vlc.mo (854.4 KB)
Extracting: D:\Programs\VLC Media Player\locale\ms\LC_MESSAGES\vlc.mo (577.6 KB)
Extracting: D:\Programs\VLC Media Player\locale\my\LC_MESSAGES\vlc.mo (45.6 KB)
Extracting: D:\Programs\VLC Media Player\locale\nb\LC_MESSAGES\vlc.mo (531.0 KB)
Extracting: D:\Programs\VLC Media Player\locale\ne\LC_MESSAGES\vlc.mo (390.3 KB)
Extracting: D:\Programs\VLC Media Player\locale\nl\LC_MESSAGES\vlc.mo (594 KB)
Extracting: D:\Programs\VLC Media Player\locale\nn\LC_MESSAGES\vlc.mo (230.6 KB)
Extracting: D:\Programs\VLC Media Player\locale\oc\LC_MESSAGES\vlc.mo (526.5 KB)
Extracting: D:\Programs\VLC Media Player\locale\or_IN\LC_MESSAGES\vlc.mo (24.3 KB)
Extracting: D:\Programs\VLC Media Player\locale\pa\LC_MESSAGES\vlc.mo (268.2 KB)
Extracting: D:\Programs\VLC Media Player\locale\pl\LC_MESSAGES\vlc.mo (605.1 KB)
Extracting: D:\Programs\VLC Media Player\locale\ps\LC_MESSAGES\vlc.mo (38 KB)
Extracting: D:\Programs\VLC Media Player\locale\pt_BR\LC_MESSAGES\vlc.mo (613.8 KB)
Extracting: D:\Programs\VLC Media Player\locale\pt_PT\LC_MESSAGES\vlc.mo (614.2 KB)
Extracting: D:\Programs\VLC Media Player\locale\ro\LC_MESSAGES\vlc.mo (615.6 KB)
Extracting: D:\Programs\VLC Media Player\locale\ru\LC_MESSAGES\vlc.mo (771.6 KB)
Extracting: D:\Programs\VLC Media Player\locale\si\LC_MESSAGES\vlc.mo (262.7 KB)
Extracting: D:\Programs\VLC Media Player\locale\sk\LC_MESSAGES\vlc.mo (625.9 KB)
Extracting: D:\Programs\VLC Media Player\locale\sl\LC_MESSAGES\vlc.mo (592.6 KB)
Extracting: D:\Programs\VLC Media Player\locale\sm\LC_MESSAGES\vlc.mo (14.9 KB)
Extracting: D:\Programs\VLC Media Player\locale\sq\LC_MESSAGES\vlc.mo (62.3 KB)
Extracting: D:\Programs\VLC Media Player\locale\sr\LC_MESSAGES\vlc.mo (324.8 KB)
Extracting: D:\Programs\VLC Media Player\locale\sv\LC_MESSAGES\vlc.mo (481.2 KB)
Extracting: D:\Programs\VLC Media Player\locale\sw\LC_MESSAGES\vlc.mo (59.7 KB)
Extracting: D:\Programs\VLC Media Player\locale\ta\LC_MESSAGES\vlc.mo (142.6 KB)
Extracting: D:\Programs\VLC Media Player\locale\te\LC_MESSAGES\vlc.mo (136.2 KB)
Extracting: D:\Programs\VLC Media Player\locale\th\LC_MESSAGES\vlc.mo (420.8 KB)
Extracting: D:\Programs\VLC Media Player\locale\tr\LC_MESSAGES\vlc.mo (613.2 KB)
Extracting: D:\Programs\VLC Media Player\locale\tt\LC_MESSAGES\vlc.mo (100.9 KB)
Extracting: D:\Programs\VLC Media Player\locale\ug\LC_MESSAGES\vlc.mo (53.8 KB)
Extracting: D:\Programs\VLC Media Player\locale\uk\LC_MESSAGES\vlc.mo (779.1 KB)
Extracting: D:\Programs\VLC Media Player\locale\uz\LC_MESSAGES\vlc.mo (53.3 KB)
Extracting: D:\Programs\VLC Media Player\locale\vi\LC_MESSAGES\vlc.mo (487.1 KB)
Extracting: D:\Programs\VLC Media Player\locale\wa\LC_MESSAGES\vlc.mo (250.7 KB)
Extracting: D:\Programs\VLC Media Player\locale\zh_CN\LC_MESSAGES\vlc.mo (550.4 KB)
Extracting: D:\Programs\VLC Media Player\locale\zh_TW\LC_MESSAGES\vlc.mo (319.3 KB)
Extracting: D:\Programs\VLC Media Player\locale\zu\LC_MESSAGES\vlc.mo (51.2 KB)
Extracting: D:\Programs\VLC Media Player\lua\extensions\VLSub.luac (74.0 KB)
Extracting: D:\Programs\VLC Media Player\lua\http\css\main.css (3.7 KB)
Extracting: D:\Programs\VLC Media Player\lua\http\css\mobile.css (3.2 KB)
Extracting: D:\Programs\VLC Media Player\lua\http\css\ui-lightness\images\ui-bg_diagonals-thick_18_b81900_40x40.png (201 bytes)
Extracting: D:\Programs\VLC Media Player\lua\http\css\ui-lightness\images\ui-bg_diagonals-thick_20_666666_40x40.png (197 bytes)
Extracting: D:\Programs\VLC Media Player\lua\http\css\ui-lightness\images\ui-bg_flat_10_000000_40x100.png (147 bytes)
Extracting: D:\Programs\VLC Media Player\lua\http\css\ui-lightness\images\ui-bg_glass_100_f6f6f6_1x400.png (103 bytes)
Extracting: D:\Programs\VLC Media Player\lua\http\css\ui-lightness\images\ui-bg_glass_100_fdf5ce_1x400.png (115 bytes)
Extracting: D:\Programs\VLC Media Player\lua\http\css\ui-lightness\images\ui-bg_glass_65_ffffff_1x400.png (95 bytes)
Extracting: D:\Programs\VLC Media Player\lua\http\css\ui-lightness\images\ui-bg_gloss-wave_35_f6a828_500x100.png (2.6 KB)
Extracting: D:\Programs\VLC Media Player\lua\http\css\ui-lightness\images\ui-bg_highlight-soft_100_eeeeee_1x100.png (88 bytes)
Extracting: D:\Programs\VLC Media Player\lua\http\css\ui-lightness\images\ui-bg_highlight-soft_75_ffe45c_1x100.png (126 bytes)
Extracting: D:\Programs\VLC Media Player\lua\http\css\ui-lightness\images\ui-icons_222222_256x240.png (4.1 KB)
Extracting: D:\Programs\VLC Media Player\lua\http\css\ui-lightness\images\ui-icons_228ef1_256x240.png (5.0 KB)
Extracting: D:\Programs\VLC Media Player\lua\http\css\ui-lightness\images\ui-icons_ef8c08_256x240.png (4.1 KB)
Extracting: D:\Programs\VLC Media Player\lua\http\css\ui-lightness\images\ui-icons_ffd27a_256x240.png (4.1 KB)
Extracting: D:\Programs\VLC Media Player\lua\http\css\ui-lightness\images\ui-icons_ffffff_256x240.png (4.1 KB)
Extracting: D:\Programs\VLC Media Player\lua\http\css\ui-lightness\jquery-ui-1.8.13.custom.css (32.8 KB)
Extracting: D:\Programs\VLC Media Player\lua\http\custom.lua (474 bytes)
Extracting: D:\Programs\VLC Media Player\lua\http\dialogs\batch_window.html (889 bytes)
Extracting: D:\Programs\VLC Media Player\lua\http\dialogs\browse_window.html (1.2 KB)
Extracting: D:\Programs\VLC Media Player\lua\http\dialogs\create_stream.html (14.5 KB)
Extracting: D:\Programs\VLC Media Player\lua\http\dialogs\equalizer_window.html (1.3 KB)
Extracting: D:\Programs\VLC Media Player\lua\http\dialogs\error_window.html (501 bytes)
Extracting: D:\Programs\VLC Media Player\lua\http\dialogs\mosaic_window.html (5.0 KB)
Extracting: D:\Programs\VLC Media Player\lua\http\dialogs\offset_window.html (1.9 KB)
Extracting: D:\Programs\VLC Media Player\lua\http\dialogs\stream_config_window.html (1.3 KB)
Extracting: D:\Programs\VLC Media Player\lua\http\dialogs\stream_window.html (4.2 KB)
Extracting: D:\Programs\VLC Media Player\lua\http\favicon.ico (84.3 KB)
Extracting: D:\Programs\VLC Media Player\lua\http\images\Audio-48.png (4.6 KB)
Extracting: D:\Programs\VLC Media Player\lua\http\images\Back-48.png (2.0 KB)
Extracting: D:\Programs\VLC Media Player\lua\http\images\Folder-48.png (1.3 KB)
Extracting: D:\Programs\VLC Media Player\lua\http\images\Other-48.png (2.9 KB)
Extracting: D:\Programs\VLC Media Player\lua\http\images\Video-48.png (5.0 KB)
Extracting: D:\Programs\VLC Media Player\lua\http\images\buttons.png (11.7 KB)
Extracting: D:\Programs\VLC Media Player\lua\http\images\speaker-32.png (942 bytes)
Extracting: D:\Programs\VLC Media Player\lua\http\images\vlc-48.png (15.5 KB)
Extracting: D:\Programs\VLC Media Player\lua\http\images\vlc16x16.png (606 bytes)
Extracting: D:\Programs\VLC Media Player\lua\http\index.html (15.1 KB)
Extracting: D:\Programs\VLC Media Player\lua\http\js\common.js (5.1 KB)
Extracting: D:\Programs\VLC Media Player\lua\http\js\controllers.js (23.5 KB)
Extracting: D:\Programs\VLC Media Player\lua\http\js\jquery.jstree.js (180.1 KB)
Extracting: D:\Programs\VLC Media Player\lua\http\js\ui.js (3.7 KB)
Extracting: D:\Programs\VLC Media Player\lua\http\mobile.html (5.3 KB)
Extracting: D:\Programs\VLC Media Player\lua\http\mobile_browse.html (2.4 KB)
Extracting: D:\Programs\VLC Media Player\lua\http\mobile_equalizer.html (2.9 KB)
Extracting: D:\Programs\VLC Media Player\lua\http\mobile_view.html (2.8 KB)
Extracting: D:\Programs\VLC Media Player\lua\http\requests\README.txt (5.3 KB)
Extracting: D:\Programs\VLC Media Player\lua\http\requests\browse.json (1.4 KB)
Extracting: D:\Programs\VLC Media Player\lua\http\requests\browse.xml (1.7 KB)
Extracting: D:\Programs\VLC Media Player\lua\http\requests\playlist.json (1.4 KB)
Extracting: D:\Programs\VLC Media Player\lua\http\requests\playlist.xml (2.3 KB)
Extracting: D:\Programs\VLC Media Player\lua\http\requests\playlist_jstree.xml (3 KB)
Extracting: D:\Programs\VLC Media Player\lua\http\requests\status.json (1.4 KB)
Extracting: D:\Programs\VLC Media Player\lua\http\requests\status.xml (2.7 KB)
Extracting: D:\Programs\VLC Media Player\lua\http\requests\vlm.xml (4.7 KB)
Extracting: D:\Programs\VLC Media Player\lua\http\requests\vlm_cmd.xml (1.4 KB)
Extracting: D:\Programs\VLC Media Player\lua\http\view.html (3.5 KB)
Extracting: D:\Programs\VLC Media Player\lua\http\vlm.html (1.8 KB)
Extracting: D:\Programs\VLC Media Player\lua\http\vlm_export.html (308 bytes)
Extracting: D:\Programs\VLC Media Player\lua\intf\cli.luac (43.6 KB)
Extracting: D:\Programs\VLC Media Player\lua\intf\dummy.luac (834 bytes)
Extracting: D:\Programs\VLC Media Player\lua\intf\dumpmeta.luac (1.7 KB)
Extracting: D:\Programs\VLC Media Player\lua\intf\http.luac (13.3 KB)
Extracting: D:\Programs\VLC Media Player\lua\intf\luac.luac (2.0 KB)
Extracting: D:\Programs\VLC Media Player\lua\intf\modules\host.luac (12.4 KB)
Extracting: D:\Programs\VLC Media Player\lua\intf\modules\httprequests.luac (18.6 KB)
Extracting: D:\Programs\VLC Media Player\lua\intf\telnet.luac (1017 bytes)
Extracting: D:\Programs\VLC Media Player\lua\meta\art\00_musicbrainz.luac (2.9 KB)
Extracting: D:\Programs\VLC Media Player\lua\meta\art\01_googleimage.luac (1.4 KB)
Extracting: D:\Programs\VLC Media Player\lua\meta\art\02_frenchtv.luac (4.3 KB)
Extracting: D:\Programs\VLC Media Player\lua\meta\art\03_lastfm.luac (1.6 KB)
Extracting: D:\Programs\VLC Media Player\lua\meta\reader\filename.luac (1.3 KB)
Extracting: D:\Programs\VLC Media Player\lua\modules\common.luac (8 KB)
Extracting: D:\Programs\VLC Media Player\lua\modules\dkjson.luac (25.4 KB)
Extracting: D:\Programs\VLC Media Player\lua\modules\sandbox.luac (3.9 KB)
Extracting: D:\Programs\VLC Media Player\lua\modules\simplexml.luac (3.2 KB)
Extracting: D:\Programs\VLC Media Player\lua\playlist\anevia_streams.luac (2.5 KB)
Extracting: D:\Programs\VLC Media Player\lua\playlist\anevia_xml.luac (2.5 KB)
Extracting: D:\Programs\VLC Media Player\lua\playlist\appletrailers.luac (4.1 KB)
Extracting: D:\Programs\VLC Media Player\lua\playlist\bbc_co_uk.luac (1.2 KB)
Extracting: D:\Programs\VLC Media Player\lua\playlist\cue.luac (5.1 KB)
Extracting: D:\Programs\VLC Media Player\lua\playlist\dailymotion.luac (3.3 KB)
Extracting: D:\Programs\VLC Media Player\lua\playlist\jamendo.luac (2.9 KB)
Extracting: D:\Programs\VLC Media Player\lua\playlist\koreus.luac (3.6 KB)
Extracting: D:\Programs\VLC Media Player\lua\playlist\liveleak.luac (2.3 KB)
Extracting: D:\Programs\VLC Media Player\lua\playlist\newgrounds.luac (1.9 KB)
Extracting: D:\Programs\VLC Media Player\lua\playlist\rockbox_fm_presets.luac (1.2 KB)
Extracting: D:\Programs\VLC Media Player\lua\playlist\soundcloud.luac (3.3 KB)
Extracting: D:\Programs\VLC Media Player\lua\playlist\twitch.luac (5.6 KB)
Extracting: D:\Programs\VLC Media Player\lua\playlist\vimeo.luac (3.2 KB)
Extracting: D:\Programs\VLC Media Player\lua\playlist\vocaroo.luac (1.2 KB)
Extracting: D:\Programs\VLC Media Player\lua\playlist\youtube.luac (32.4 KB)
Extracting: D:\Programs\VLC Media Player\lua\sd\icecast.luac (2.4 KB)
Extracting: D:\Programs\VLC Media Player\lua\sd\jamendo.luac (5.7 KB)
Extracting: D:\Programs\VLC Media Player\msi\LICENSE.rtf (18.1 KB)
Extracting: D:\Programs\VLC Media Player\msi\axvlc.wxs (15.4 KB)
Extracting: D:\Programs\VLC Media Player\msi\bannrbmp.bmp (84.1 KB)
Extracting: D:\Programs\VLC Media Player\msi\config.wxi (1.4 KB)
Extracting: D:\Programs\VLC Media Player\msi\extensions.wxs (87.5 KB)
Extracting: D:\Programs\VLC Media Player\msi\product.wxs (30.2 KB)
Extracting: D:\Programs\VLC Media Player\npvlc.dll (1.1 MB)
Extracting: D:\Programs\VLC Media Player\plugins\access\libaccess_concat_plugin.dll (42.1 KB)
Extracting: D:\Programs\VLC Media Player\plugins\access\libaccess_imem_plugin.dll (71.6 KB)
Extracting: D:\Programs\VLC Media Player\plugins\access\libaccess_mms_plugin.dll (105.6 KB)
Extracting: D:\Programs\VLC Media Player\plugins\access\libaccess_realrtsp_plugin.dll (146.6 KB)
Extracting: D:\Programs\VLC Media Player\plugins\access\libaccess_srt_plugin.dll (3.5 MB)
Extracting: D:\Programs\VLC Media Player\plugins\access\libaccess_wasapi_plugin.dll (58.1 KB)
Extracting: D:\Programs\VLC Media Player\plugins\access\libattachment_plugin.dll (40.1 KB)
Extracting: D:\Programs\VLC Media Player\plugins\access\libbluray-awt-j2se-1.3.2.jar (68.5 KB)
Extracting: D:\Programs\VLC Media Player\plugins\access\libbluray-j2se-1.3.2.jar (752.2 KB)
Extracting: D:\Programs\VLC Media Player\plugins\access\libcdda_plugin.dll (807.1 KB)
Extracting: D:\Programs\VLC Media Player\plugins\access\libdcp_plugin.dll (2.4 MB)
Extracting: D:\Programs\VLC Media Player\plugins\access\libdshow_plugin.dll (901.6 KB)
Extracting: D:\Programs\VLC Media Player\plugins\access\libdtv_plugin.dll (883.6 KB)
Extracting: D:\Programs\VLC Media Player\plugins\access\libdvdnav_plugin.dll (227.1 KB)
Extracting: D:\Programs\VLC Media Player\plugins\access\libdvdread_plugin.dll (161.6 KB)
Extracting: D:\Programs\VLC Media Player\plugins\access\libfilesystem_plugin.dll (69.1 KB)
Extracting: D:\Programs\VLC Media Player\plugins\access\libftp_plugin.dll (124.1 KB)
Extracting: D:\Programs\VLC Media Player\plugins\access\libhttp_plugin.dll (74.1 KB)
Extracting: D:\Programs\VLC Media Player\plugins\access\libhttps_plugin.dll (151.6 KB)
Extracting: D:\Programs\VLC Media Player\plugins\access\libidummy_plugin.dll (40.6 KB)
Extracting: D:\Programs\VLC Media Player\plugins\access\libimem_plugin.dll (40.6 KB)
Extracting: D:\Programs\VLC Media Player\plugins\access\liblibbluray_plugin.dll (2 MB)
Extracting: D:\Programs\VLC Media Player\plugins\access\liblive555_plugin.dll (582.1 KB)
Extracting: D:\Programs\VLC Media Player\plugins\access\libnfs_plugin.dll (285.1 KB)
Extracting: D:\Programs\VLC Media Player\plugins\access\librist_plugin.dll (115.1 KB)
Extracting: D:\Programs\VLC Media Player\plugins\access\librtp_plugin.dll (659.1 KB)
Extracting: D:\Programs\VLC Media Player\plugins\access\libsatip_plugin.dll (74.1 KB)
Extracting: D:\Programs\VLC Media Player\plugins\access\libscreen_plugin.dll (47.6 KB)
Extracting: D:\Programs\VLC Media Player\plugins\access\libsdp_plugin.dll (39.6 KB)
Extracting: D:\Programs\VLC Media Player\plugins\access\libsftp_plugin.dll (865.6 KB)
Extracting: D:\Programs\VLC Media Player\plugins\access\libshm_plugin.dll (42.6 KB)
Extracting: D:\Programs\VLC Media Player\plugins\access\libsmb_plugin.dll (67.1 KB)
Extracting: D:\Programs\VLC Media Player\plugins\access\libtcp_plugin.dll (40.1 KB)
Extracting: D:\Programs\VLC Media Player\plugins\access\libtimecode_plugin.dll (64.1 KB)
Extracting: D:\Programs\VLC Media Player\plugins\access\libudp_plugin.dll (41.6 KB)
Extracting: D:\Programs\VLC Media Player\plugins\access\libvcd_plugin.dll (108.1 KB)
Extracting: D:\Programs\VLC Media Player\plugins\access\libvdr_plugin.dll (105.6 KB)
Extracting: D:\Programs\VLC Media Player\plugins\access\libvnc_plugin.dll (2.8 MB)
Extracting: D:\Programs\VLC Media Player\plugins\access_output\libaccess_output_dummy_plugin.dll (38.6 KB)
Extracting: D:\Programs\VLC Media Player\plugins\access_output\libaccess_output_file_plugin.dll (43.6 KB)
Extracting: D:\Programs\VLC Media Player\plugins\access_output\libaccess_output_http_plugin.dll (44.6 KB)
Extracting: D:\Programs\VLC Media Player\plugins\access_output\libaccess_output_livehttp_plugin.dll (666.6 KB)
Extracting: D:\Programs\VLC Media Player\plugins\access_output\libaccess_output_rist_plugin.dll (111.1 KB)
Extracting: D:\Programs\VLC Media Player\plugins\access_output\libaccess_output_shout_plugin.dll (455.6 KB)
Extracting: D:\Programs\VLC Media Player\plugins\access_output\libaccess_output_srt_plugin.dll (3.5 MB)
Extracting: D:\Programs\VLC Media Player\plugins\access_output\libaccess_output_udp_plugin.dll (44.6 KB)
Extracting: D:\Programs\VLC Media Player\plugins\audio_filter\libaudio_format_plugin.dll (64.1 KB)
Extracting: D:\Programs\VLC Media Player\plugins\audio_filter\libaudiobargraph_a_plugin.dll (69.1 KB)
Extracting: D:\Programs\VLC Media Player\plugins\audio_filter\libchorus_flanger_plugin.dll (49.6 KB)
Extracting: D:\Programs\VLC Media Player\plugins\audio_filter\libcompressor_plugin.dll (53.6 KB)
Extracting: D:\Programs\VLC Media Player\plugins\audio_filter\libdolby_surround_decoder_plugin.dll (40.1 KB)
Extracting: D:\Programs\VLC Media Player\plugins\audio_filter\libequalizer_plugin.dll (80.6 KB)
Extracting: D:\Programs\VLC Media Player\plugins\audio_filter\libgain_plugin.dll (40.1 KB)
Extracting: D:\Programs\VLC Media Player\plugins\audio_filter\libheadphone_channel_mixer_plugin.dll (46.1 KB)
Extracting: D:\Programs\VLC Media Player\plugins\audio_filter\libkaraoke_plugin.dll (39.1 KB)
Extracting: D:\Programs\VLC Media Player\plugins\audio_filter\libmad_plugin.dll (167.1 KB)
Extracting: D:\Programs\VLC Media Player\plugins\audio_filter\libmono_plugin.dll (47.1 KB)
Extracting: D:\Programs\VLC Media Player\plugins\audio_filter\libnormvol_plugin.dll (43.1 KB)
Extracting: D:\Programs\VLC Media Player\plugins\audio_filter\libparam_eq_plugin.dll (49.6 KB)
Extracting: D:\Programs\VLC Media Player\plugins\audio_filter\libremap_plugin.dll (46.6 KB)
Extracting: D:\Programs\VLC Media Player\plugins\audio_filter\libsamplerate_plugin.dll (1.5 MB)
Extracting: D:\Programs\VLC Media Player\plugins\audio_filter\libscaletempo_pitch_plugin.dll (54.1 KB)
Extracting: D:\Programs\VLC Media Player\plugins\audio_filter\libscaletempo_plugin.dll (48.1 KB)
Extracting: D:\Programs\VLC Media Player\plugins\audio_filter\libsimple_channel_mixer_plugin.dll (48.1 KB)
Extracting: D:\Programs\VLC Media Player\plugins\audio_filter\libspatialaudio_plugin.dll (1 MB)
Extracting: D:\Programs\VLC Media Player\plugins\audio_filter\libspatializer_plugin.dll (113.1 KB)
Extracting: D:\Programs\VLC Media Player\plugins\audio_filter\libspeex_resampler_plugin.dll (51.6 KB)
Extracting: D:\Programs\VLC Media Player\plugins\audio_filter\libstereo_widen_plugin.dll (43.6 KB)
Extracting: D:\Programs\VLC Media Player\plugins\audio_filter\libtospdif_plugin.dll (55.6 KB)
Extracting: D:\Programs\VLC Media Player\plugins\audio_filter\libtrivial_channel_mixer_plugin.dll (42.6 KB)
Extracting: D:\Programs\VLC Media Player\plugins\audio_filter\libugly_resampler_plugin.dll (40.1 KB)
Extracting: D:\Programs\VLC Media Player\plugins\audio_mixer\libfloat_mixer_plugin.dll (40.1 KB)
Extracting: D:\Programs\VLC Media Player\plugins\audio_mixer\libinteger_mixer_plugin.dll (43.6 KB)
Extracting: D:\Programs\VLC Media Player\plugins\audio_output\libadummy_plugin.dll (38.6 KB)
Extracting: D:\Programs\VLC Media Player\plugins\audio_output\libafile_plugin.dll (42.6 KB)
Extracting: D:\Programs\VLC Media Player\plugins\audio_output\libamem_plugin.dll (41.6 KB)
Extracting: D:\Programs\VLC Media Player\plugins\audio_output\libdirectsound_plugin.dll (60.6 KB)
Extracting: D:\Programs\VLC Media Player\plugins\audio_output\libmmdevice_plugin.dll (67.1 KB)
Extracting: D:\Programs\VLC Media Player\plugins\audio_output\libwasapi_plugin.dll (58.1 KB)
Extracting: D:\Programs\VLC Media Player\plugins\audio_output\libwaveout_plugin.dll (58.1 KB)
Extracting: D:\Programs\VLC Media Player\plugins\codec\liba52_plugin.dll (107.1 KB)
Extracting: D:\Programs\VLC Media Player\plugins\codec\libadpcm_plugin.dll (50.1 KB)
Extracting: D:\Programs\VLC Media Player\plugins\codec\libaes3_plugin.dll (42.6 KB)
Extracting: D:\Programs\VLC Media Player\plugins\codec\libaom_plugin.dll (2.0 MB)
Extracting: D:\Programs\VLC Media Player\plugins\codec\libaraw_plugin.dll (63.1 KB)
Extracting: D:\Programs\VLC Media Player\plugins\codec\libaribsub_plugin.dll (343.6 KB)
Extracting: D:\Programs\VLC Media Player\plugins\codec\libavcodec_plugin.dll (16.5 MB)
Extracting: D:\Programs\VLC Media Player\plugins\codec\libcc_plugin.dll (74.6 KB)
Extracting: D:\Programs\VLC Media Player\plugins\codec\libcdg_plugin.dll (45.1 KB)
Extracting: D:\Programs\VLC Media Player\plugins\codec\libcrystalhd_plugin.dll (116.1 KB)
Extracting: D:\Programs\VLC Media Player\plugins\codec\libcvdsub_plugin.dll (45.6 KB)
Extracting: D:\Programs\VLC Media Player\plugins\codec\libd3d11va_plugin.dll (289.1 KB)
Extracting: D:\Programs\VLC Media Player\plugins\codec\libdav1d_plugin.dll (1.8 MB)
Extracting: D:\Programs\VLC Media Player\plugins\codec\libdca_plugin.dll (208.1 KB)
Extracting: D:\Programs\VLC Media Player\plugins\codec\libddummy_plugin.dll (64.1 KB)
Extracting: D:\Programs\VLC Media Player\plugins\codec\libdmo_plugin.dll (65.1 KB)
Extracting: D:\Programs\VLC Media Player\plugins\codec\libdvbsub_plugin.dll (117.6 KB)
Extracting: D:\Programs\VLC Media Player\plugins\codec\libdxva2_plugin.dll (322.6 KB)
Extracting: D:\Programs\VLC Media Player\plugins\codec\libedummy_plugin.dll (38.6 KB)
Extracting: D:\Programs\VLC Media Player\plugins\codec\libfaad_plugin.dll (298.6 KB)
Extracting: D:\Programs\VLC Media Player\plugins\codec\libflac_plugin.dll (238.6 KB)
Extracting: D:\Programs\VLC Media Player\plugins\codec\libfluidsynth_plugin.dll (145.1 KB)
Extracting: D:\Programs\VLC Media Player\plugins\codec\libg711_plugin.dll (52.6 KB)
Extracting: D:\Programs\VLC Media Player\plugins\codec\libjpeg_plugin.dll (238.1 KB)
Extracting: D:\Programs\VLC Media Player\plugins\codec\libkate_plugin.dll (94.6 KB)
Extracting: D:\Programs\VLC Media Player\plugins\codec\liblibass_plugin.dll (3.0 MB)
Extracting: D:\Programs\VLC Media Player\plugins\codec\liblibmpeg2_plugin.dll (144.1 KB)
Extracting: D:\Programs\VLC Media Player\plugins\codec\liblpcm_plugin.dll (49.6 KB)
Extracting: D:\Programs\VLC Media Player\plugins\codec\libmft_plugin.dll (133.6 KB)
Extracting: D:\Programs\VLC Media Player\plugins\codec\libmpg123_plugin.dll (411.1 KB)
Extracting: D:\Programs\VLC Media Player\plugins\codec\liboggspots_plugin.dll (42.6 KB)
Extracting: D:\Programs\VLC Media Player\plugins\codec\libopus_plugin.dll (367.1 KB)
Extracting: D:\Programs\VLC Media Player\plugins\codec\libpng_plugin.dll (281.1 KB)
Extracting: D:\Programs\VLC Media Player\plugins\codec\libqsv_plugin.dll (168.1 KB)
Extracting: D:\Programs\VLC Media Player\plugins\codec\librawvideo_plugin.dll (41.6 KB)
Extracting: D:\Programs\VLC Media Player\plugins\codec\librtpvideo_plugin.dll (39.1 KB)
Extracting: D:\Programs\VLC Media Player\plugins\codec\libschroedinger_plugin.dll (1.4 MB)
Extracting: D:\Programs\VLC Media Player\plugins\codec\libscte18_plugin.dll (46.1 KB)
Extracting: D:\Programs\VLC Media Player\plugins\codec\libscte27_plugin.dll (58.1 KB)
Extracting: D:\Programs\VLC Media Player\plugins\codec\libsdl_image_plugin.dll (734.1 KB)
Extracting: D:\Programs\VLC Media Player\plugins\codec\libspdif_plugin.dll (38.6 KB)
Extracting: D:\Programs\VLC Media Player\plugins\codec\libspeex_plugin.dll (164.6 KB)
Extracting: D:\Programs\VLC Media Player\plugins\codec\libspudec_plugin.dll (49.1 KB)
Extracting: D:\Programs\VLC Media Player\plugins\codec\libstl_plugin.dll (46.1 KB)
Extracting: D:\Programs\VLC Media Player\plugins\codec\libsubsdec_plugin.dll (77.1 KB)
Extracting: D:\Programs\VLC Media Player\plugins\codec\libsubstx3g_plugin.dll (45.1 KB)
Extracting: D:\Programs\VLC Media Player\plugins\codec\libsubsusf_plugin.dll (52.1 KB)
Extracting: D:\Programs\VLC Media Player\plugins\codec\libsvcdsub_plugin.dll (44.1 KB)
Extracting: D:\Programs\VLC Media Player\plugins\codec\libt140_plugin.dll (39.6 KB)
Extracting: D:\Programs\VLC Media Player\plugins\codec\libtextst_plugin.dll (43.6 KB)
Extracting: D:\Programs\VLC Media Player\plugins\codec\libtheora_plugin.dll (327.6 KB)
Extracting: D:\Programs\VLC Media Player\plugins\codec\libttml_plugin.dll (121.1 KB)
Extracting: D:\Programs\VLC Media Player\plugins\codec\libtwolame_plugin.dll (159.1 KB)
Extracting: D:\Programs\VLC Media Player\plugins\codec\libuleaddvaudio_plugin.dll (40.6 KB)
Extracting: D:\Programs\VLC Media Player\plugins\codec\libvorbis_plugin.dll (766.1 KB)
Extracting: D:\Programs\VLC Media Player\plugins\codec\libvpx_plugin.dll (4 MB)
Extracting: D:\Programs\VLC Media Player\plugins\codec\libwebvtt_plugin.dll (185.1 KB)
Extracting: D:\Programs\VLC Media Player\plugins\codec\libx26410b_plugin.dll (1.8 MB)
Extracting: D:\Programs\VLC Media Player\plugins\codec\libx264_plugin.dll (1.8 MB)
Extracting: D:\Programs\VLC Media Player\plugins\codec\libx265_plugin.dll (4.7 MB)
Extracting: D:\Programs\VLC Media Player\plugins\codec\libzvbi_plugin.dll (1.4 MB)
Extracting: D:\Programs\VLC Media Player\plugins\control\libdummy_plugin.dll (39.1 KB)
Extracting: D:\Programs\VLC Media Player\plugins\control\libgestures_plugin.dll (45.1 KB)
Extracting: D:\Programs\VLC Media Player\plugins\control\libhotkeys_plugin.dll (84.6 KB)
Extracting: D:\Programs\VLC Media Player\plugins\control\libnetsync_plugin.dll (44.6 KB)
Extracting: D:\Programs\VLC Media Player\plugins\control\libntservice_plugin.dll (67.1 KB)
Extracting: D:\Programs\VLC Media Player\plugins\control\liboldrc_plugin.dll (92.6 KB)
Extracting: D:\Programs\VLC Media Player\plugins\control\libwin_hotkeys_plugin.dll (43.1 KB)
Extracting: D:\Programs\VLC Media Player\plugins\control\libwin_msg_plugin.dll (42.1 KB)
Extracting: D:\Programs\VLC Media Player\plugins\d3d11\libdirect3d11_filters_plugin.dll (195.6 KB)
Extracting: D:\Programs\VLC Media Player\plugins\d3d9\libdirect3d9_filters_plugin.dll (147.6 KB)
Extracting: D:\Programs\VLC Media Player\plugins\demux\libadaptive_plugin.dll (2.3 MB)
Extracting: D:\Programs\VLC Media Player\plugins\demux\libaiff_plugin.dll (42.1 KB)
Extracting: D:\Programs\VLC Media Player\plugins\demux\libasf_plugin.dll (119.6 KB)
Extracting: D:\Programs\VLC Media Player\plugins\demux\libau_plugin.dll (41.1 KB)
Extracting: D:\Programs\VLC Media Player\plugins\demux\libavi_plugin.dll (132.6 KB)
Extracting: D:\Programs\VLC Media Player\plugins\demux\libcaf_plugin.dll (47.6 KB)
Extracting: D:\Programs\VLC Media Player\plugins\demux\libdemux_cdg_plugin.dll (40.6 KB)
Extracting: D:\Programs\VLC Media Player\plugins\demux\libdemux_chromecast_plugin.dll (107.6 KB)
Extracting: D:\Programs\VLC Media Player\plugins\demux\libdemux_stl_plugin.dll (43.6 KB)
Extracting: D:\Programs\VLC Media Player\plugins\demux\libdemuxdump_plugin.dll (41.1 KB)
Extracting: D:\Programs\VLC Media Player\plugins\demux\libdiracsys_plugin.dll (41.1 KB)
Extracting: D:\Programs\VLC Media Player\plugins\demux\libdirectory_demux_plugin.dll (40.1 KB)
Extracting: D:\Programs\VLC Media Player\plugins\demux\libes_plugin.dll (69.1 KB)
Extracting: D:\Programs\VLC Media Player\plugins\demux\libflacsys_plugin.dll (115.1 KB)
Extracting: D:\Programs\VLC Media Player\plugins\demux\libgme_plugin.dll (1.1 MB)
Extracting: D:\Programs\VLC Media Player\plugins\demux\libh26x_plugin.dll (140.6 KB)
Extracting: D:\Programs\VLC Media Player\plugins\demux\libimage_plugin.dll (52.6 KB)
Extracting: D:\Programs\VLC Media Player\plugins\demux\libmjpeg_plugin.dll (46.6 KB)
Extracting: D:\Programs\VLC Media Player\plugins\demux\libmkv_plugin.dll (1.7 MB)
Extracting: D:\Programs\VLC Media Player\plugins\demux\libmod_plugin.dll (436.6 KB)
Extracting: D:\Programs\VLC Media Player\plugins\demux\libmp4_plugin.dll (318.6 KB)
Extracting: D:\Programs\VLC Media Player\plugins\demux\libmpc_plugin.dll (106.1 KB)
Extracting: D:\Programs\VLC Media Player\plugins\demux\libmpgv_plugin.dll (40.6 KB)
Extracting: D:\Programs\VLC Media Player\plugins\demux\libnoseek_plugin.dll (39.1 KB)
Extracting: D:\Programs\VLC Media Player\plugins\demux\libnsc_plugin.dll (77.1 KB)
Extracting: D:\Programs\VLC Media Player\plugins\demux\libnsv_plugin.dll (45.1 KB)
Extracting: D:\Programs\VLC Media Player\plugins\demux\libnuv_plugin.dll (47.1 KB)
Extracting: D:\Programs\VLC Media Player\plugins\demux\libogg_plugin.dll (338.6 KB)
Extracting: D:\Programs\VLC Media Player\plugins\demux\libplaylist_plugin.dll (169.1 KB)
Extracting: D:\Programs\VLC Media Player\plugins\demux\libps_plugin.dll (70.6 KB)
Extracting: D:\Programs\VLC Media Player\plugins\demux\libpva_plugin.dll (46.6 KB)
Extracting: D:\Programs\VLC Media Player\plugins\demux\librawaud_plugin.dll (42.1 KB)
Extracting: D:\Programs\VLC Media Player\plugins\demux\librawdv_plugin.dll (43.1 KB)
Extracting: D:\Programs\VLC Media Player\plugins\demux\librawvid_plugin.dll (45.6 KB)
Extracting: D:\Programs\VLC Media Player\plugins\demux\libreal_plugin.dll (65.1 KB)
Extracting: D:\Programs\VLC Media Player\plugins\demux\libsid_plugin.dll (1.2 MB)
Extracting: D:\Programs\VLC Media Player\plugins\demux\libsmf_plugin.dll (48.6 KB)
Extracting: D:\Programs\VLC Media Player\plugins\demux\libsubtitle_plugin.dll (119.6 KB)
Extracting: D:\Programs\VLC Media Player\plugins\demux\libts_plugin.dll (609.1 KB)
Extracting: D:\Programs\VLC Media Player\plugins\demux\libtta_plugin.dll (41.6 KB)
Extracting: D:\Programs\VLC Media Player\plugins\demux\libty_plugin.dll (59.6 KB)
Extracting: D:\Programs\VLC Media Player\plugins\demux\libvc1_plugin.dll (41.1 KB)
Extracting: D:\Programs\VLC Media Player\plugins\demux\libvobsub_plugin.dll (106.6 KB)
Extracting: D:\Programs\VLC Media Player\plugins\demux\libvoc_plugin.dll (44.1 KB)
Extracting: D:\Programs\VLC Media Player\plugins\demux\libwav_plugin.dll (49.1 KB)
Extracting: D:\Programs\VLC Media Player\plugins\demux\libxa_plugin.dll (40.6 KB)
Extracting: D:\Programs\VLC Media Player\plugins\gui\libqt_plugin.dll (16.6 MB)
Extracting: D:\Programs\VLC Media Player\plugins\gui\libskins2_plugin.dll (2.2 MB)
Extracting: D:\Programs\VLC Media Player\plugins\keystore\libfile_keystore_plugin.dll (69.6 KB)
Extracting: D:\Programs\VLC Media Player\plugins\keystore\libmemory_keystore_plugin.dll (41.1 KB)
Extracting: D:\Programs\VLC Media Player\plugins\logger\libconsole_logger_plugin.dll (62.6 KB)
Extracting: D:\Programs\VLC Media Player\plugins\logger\libfile_logger_plugin.dll (65.6 KB)
Extracting: D:\Programs\VLC Media Player\plugins\lua\liblua_plugin.dll (387.1 KB)
Extracting: D:\Programs\VLC Media Player\plugins\meta_engine\libfolder_plugin.dll (63.1 KB)
Extracting: D:\Programs\VLC Media Player\plugins\meta_engine\libtaglib_plugin.dll (1.5 MB)
Extracting: D:\Programs\VLC Media Player\plugins\misc\libaddonsfsstorage_plugin.dll (107.1 KB)
Extracting: D:\Programs\VLC Media Player\plugins\misc\libaddonsvorepository_plugin.dll (100.1 KB)
Extracting: D:\Programs\VLC Media Player\plugins\misc\libaudioscrobbler_plugin.dll (75.6 KB)
Extracting: D:\Programs\VLC Media Player\plugins\misc\libexport_plugin.dll (71.1 KB)
Extracting: D:\Programs\VLC Media Player\plugins\misc\libfingerprinter_plugin.dll (83.6 KB)
Extracting: D:\Programs\VLC Media Player\plugins\misc\libgnutls_plugin.dll (2.1 MB)
Extracting: D:\Programs\VLC Media Player\plugins\misc\liblogger_plugin.dll (38.6 KB)
Extracting: D:\Programs\VLC Media Player\plugins\misc\libstats_plugin.dll (42.6 KB)
Extracting: D:\Programs\VLC Media Player\plugins\misc\libvod_rtsp_plugin.dll (120.6 KB)
Extracting: D:\Programs\VLC Media Player\plugins\misc\libxml_plugin.dll (1 MB)
Extracting: D:\Programs\VLC Media Player\plugins\mux\libmux_asf_plugin.dll (72.1 KB)
Extracting: D:\Programs\VLC Media Player\plugins\mux\libmux_avi_plugin.dll (57.6 KB)
Extracting: D:\Programs\VLC Media Player\plugins\mux\libmux_dummy_plugin.dll (40.6 KB)
Extracting: D:\Programs\VLC Media Player\plugins\mux\libmux_mp4_plugin.dll (256.6 KB)
Extracting: D:\Programs\VLC Media Player\plugins\mux\libmux_mpjpeg_plugin.dll (63.1 KB)
Extracting: D:\Programs\VLC Media Player\plugins\mux\libmux_ogg_plugin.dll (95.1 KB)
Extracting: D:\Programs\VLC Media Player\plugins\mux\libmux_ps_plugin.dll (91.1 KB)
Extracting: D:\Programs\VLC Media Player\plugins\mux\libmux_ts_plugin.dll (169.6 KB)
Extracting: D:\Programs\VLC Media Player\plugins\mux\libmux_wav_plugin.dll (43.6 KB)
Extracting: D:\Programs\VLC Media Player\plugins\packetizer\libpacketizer_a52_plugin.dll (50.6 KB)
Extracting: D:\Programs\VLC Media Player\plugins\packetizer\libpacketizer_av1_plugin.dll (65.1 KB)
Extracting: D:\Programs\VLC Media Player\plugins\packetizer\libpacketizer_copy_plugin.dll (41.1 KB)
Extracting: D:\Programs\VLC Media Player\plugins\packetizer\libpacketizer_dirac_plugin.dll (56.1 KB)
Extracting: D:\Programs\VLC Media Player\plugins\packetizer\libpacketizer_dts_plugin.dll (51.1 KB)
Extracting: D:\Programs\VLC Media Player\plugins\packetizer\libpacketizer_flac_plugin.dll (49.6 KB)
Extracting: D:\Programs\VLC Media Player\plugins\packetizer\libpacketizer_h264_plugin.dll (169.1 KB)
Extracting: D:\Programs\VLC Media Player\plugins\packetizer\libpacketizer_hevc_plugin.dll (151.6 KB)
Extracting: D:\Programs\VLC Media Player\plugins\packetizer\libpacketizer_mlp_plugin.dll (57.1 KB)
Extracting: D:\Programs\VLC Media Player\plugins\packetizer\libpacketizer_mpeg4audio_plugin.dll (91.1 KB)
Extracting: D:\Programs\VLC Media Player\plugins\packetizer\libpacketizer_mpeg4video_plugin.dll (54.6 KB)
Extracting: D:\Programs\VLC Media Player\plugins\packetizer\libpacketizer_mpegaudio_plugin.dll (46.1 KB)
Extracting: D:\Programs\VLC Media Player\plugins\packetizer\libpacketizer_mpegvideo_plugin.dll (54.6 KB)
Extracting: D:\Programs\VLC Media Player\plugins\packetizer\libpacketizer_vc1_plugin.dll (63.1 KB)
Extracting: D:\Programs\VLC Media Player\plugins\services_discovery\libmediadirs_plugin.dll (44.1 KB)
Extracting: D:\Programs\VLC Media Player\plugins\services_discovery\libmicrodns_plugin.dll (116.6 KB)
Extracting: D:\Programs\VLC Media Player\plugins\services_discovery\libpodcast_plugin.dll (47.1 KB)
Extracting: D:\Programs\VLC Media Player\plugins\services_discovery\libsap_plugin.dll (150.6 KB)
Extracting: D:\Programs\VLC Media Player\plugins\services_discovery\libupnp_plugin.dll (965.6 KB)
Extracting: D:\Programs\VLC Media Player\plugins\services_discovery\libwindrive_plugin.dll (41.1 KB)
Extracting: D:\Programs\VLC Media Player\plugins\spu\libaudiobargraph_v_plugin.dll (48.6 KB)
Extracting: D:\Programs\VLC Media Player\plugins\spu\liblogo_plugin.dll (48.1 KB)
Extracting: D:\Programs\VLC Media Player\plugins\spu\libmarq_plugin.dll (47.6 KB)
Extracting: D:\Programs\VLC Media Player\plugins\spu\libmosaic_plugin.dll (55.6 KB)
Extracting: D:\Programs\VLC Media Player\plugins\spu\libremoteosd_plugin.dll (672.6 KB)
Extracting: D:\Programs\VLC Media Player\plugins\spu\librss_plugin.dll (73.6 KB)
Extracting: D:\Programs\VLC Media Player\plugins\spu\libsubsdelay_plugin.dll (51.1 KB)
Extracting: D:\Programs\VLC Media Player\plugins\stream_extractor\libarchive_plugin.dll (470.6 KB)
Extracting: D:\Programs\VLC Media Player\plugins\stream_filter\libadf_plugin.dll (41.1 KB)
Extracting: D:\Programs\VLC Media Player\plugins\stream_filter\libaribcam_plugin.dll (67.1 KB)
Extracting: D:\Programs\VLC Media Player\plugins\stream_filter\libcache_block_plugin.dll (42.6 KB)
Extracting: D:\Programs\VLC Media Player\plugins\stream_filter\libcache_read_plugin.dll (43.1 KB)
Extracting: D:\Programs\VLC Media Player\plugins\stream_filter\libhds_plugin.dll (81.1 KB)
Extracting: D:\Programs\VLC Media Player\plugins\stream_filter\libinflate_plugin.dll (70.1 KB)
Extracting: D:\Programs\VLC Media Player\plugins\stream_filter\libprefetch_plugin.dll (44.1 KB)
Extracting: D:\Programs\VLC Media Player\plugins\stream_filter\librecord_plugin.dll (40.6 KB)
Extracting: D:\Programs\VLC Media Player\plugins\stream_filter\libskiptags_plugin.dll (41.1 KB)
Extracting: D:\Programs\VLC Media Player\plugins\stream_out\libstream_out_autodel_plugin.dll (40.6 KB)
Extracting: D:\Programs\VLC Media Player\plugins\stream_out\libstream_out_bridge_plugin.dll (69.6 KB)
Extracting: D:\Programs\VLC Media Player\plugins\stream_out\libstream_out_chromaprint_plugin.dll (1.2 MB)
Extracting: D:\Programs\VLC Media Player\plugins\stream_out\libstream_out_chromecast_plugin.dll (1.1 MB)
Extracting: D:\Programs\VLC Media Player\plugins\stream_out\libstream_out_cycle_plugin.dll (42.1 KB)
Extracting: D:\Programs\VLC Media Player\plugins\stream_out\libstream_out_delay_plugin.dll (41.1 KB)
Extracting: D:\Programs\VLC Media Player\plugins\stream_out\libstream_out_description_plugin.dll (40.1 KB)
Extracting: D:\Programs\VLC Media Player\plugins\stream_out\libstream_out_display_plugin.dll (41.1 KB)
Extracting: D:\Programs\VLC Media Player\plugins\stream_out\libstream_out_dummy_plugin.dll (38.6 KB)
Extracting: D:\Programs\VLC Media Player\plugins\stream_out\libstream_out_duplicate_plugin.dll (96.1 KB)
Extracting: D:\Programs\VLC Media Player\plugins\stream_out\libstream_out_es_plugin.dll (44.6 KB)
Extracting: D:\Programs\VLC Media Player\plugins\stream_out\libstream_out_gather_plugin.dll (42.1 KB)
Extracting: D:\Programs\VLC Media Player\plugins\stream_out\libstream_out_mosaic_bridge_plugin.dll (48.6 KB)
Extracting: D:\Programs\VLC Media Player\plugins\stream_out\libstream_out_record_plugin.dll (73.6 KB)
Extracting: D:\Programs\VLC Media Player\plugins\stream_out\libstream_out_rtp_plugin.dll (777.1 KB)
Extracting: D:\Programs\VLC Media Player\plugins\stream_out\libstream_out_setid_plugin.dll (42.1 KB)
Extracting: D:\Programs\VLC Media Player\plugins\stream_out\libstream_out_smem_plugin.dll (44.1 KB)
Extracting: D:\Programs\VLC Media Player\plugins\stream_out\libstream_out_standard_plugin.dll (71.6 KB)
Extracting: D:\Programs\VLC Media Player\plugins\stream_out\libstream_out_stats_plugin.dll (65.1 KB)
Extracting: D:\Programs\VLC Media Player\plugins\stream_out\libstream_out_transcode_plugin.dll (70.6 KB)
Extracting: D:\Programs\VLC Media Player\plugins\text_renderer\libfreetype_plugin.dll (2.7 MB)
Extracting: D:\Programs\VLC Media Player\plugins\text_renderer\libsapi_plugin.dll (46.6 KB)
Extracting: D:\Programs\VLC Media Player\plugins\text_renderer\libtdummy_plugin.dll (38.6 KB)
Extracting: D:\Programs\VLC Media Player\plugins\video_chroma\libchain_plugin.dll (67.6 KB)
Extracting: D:\Programs\VLC Media Player\plugins\video_chroma\libgrey_yuv_plugin.dll (44.6 KB)
Extracting: D:\Programs\VLC Media Player\plugins\video_chroma\libi420_10_p010_plugin.dll (112.6 KB)
Extracting: D:\Programs\VLC Media Player\plugins\video_chroma\libi420_nv12_plugin.dll (114.6 KB)
Extracting: D:\Programs\VLC Media Player\plugins\video_chroma\libi420_rgb_mmx_plugin.dll (80.6 KB)
Extracting: D:\Programs\VLC Media Player\plugins\video_chroma\libi420_rgb_plugin.dll (57.6 KB)
Extracting: D:\Programs\VLC Media Player\plugins\video_chroma\libi420_rgb_sse2_plugin.dll (143.6 KB)
Extracting: D:\Programs\VLC Media Player\plugins\video_chroma\libi420_yuy2_mmx_plugin.dll (48.6 KB)
Extracting: D:\Programs\VLC Media Player\plugins\video_chroma\libi420_yuy2_plugin.dll (59.6 KB)
Extracting: D:\Programs\VLC Media Player\plugins\video_chroma\libi420_yuy2_sse2_plugin.dll (58.1 KB)
Extracting: D:\Programs\VLC Media Player\plugins\video_chroma\libi422_i420_plugin.dll (41.6 KB)
Extracting: D:\Programs\VLC Media Player\plugins\video_chroma\libi422_yuy2_mmx_plugin.dll (45.1 KB)
Extracting: D:\Programs\VLC Media Player\plugins\video_chroma\libi422_yuy2_plugin.dll (55.1 KB)
Extracting: D:\Programs\VLC Media Player\plugins\video_chroma\libi422_yuy2_sse2_plugin.dll (51.1 KB)
Extracting: D:\Programs\VLC Media Player\plugins\video_chroma\librv32_plugin.dll (39.6 KB)
Extracting: D:\Programs\VLC Media Player\plugins\video_chroma\libswscale_plugin.dll (987.1 KB)
Extracting: D:\Programs\VLC Media Player\plugins\video_chroma\libyuvp_plugin.dll (41.1 KB)
Extracting: D:\Programs\VLC Media Player\plugins\video_chroma\libyuy2_i420_plugin.dll (57.1 KB)
Extracting: D:\Programs\VLC Media Player\plugins\video_chroma\libyuy2_i422_plugin.dll (50.6 KB)
Extracting: D:\Programs\VLC Media Player\plugins\video_filter\libadjust_plugin.dll (90.1 KB)
Extracting: D:\Programs\VLC Media Player\plugins\video_filter\libalphamask_plugin.dll (42.1 KB)
Extracting: D:\Programs\VLC Media Player\plugins\video_filter\libanaglyph_plugin.dll (44.1 KB)
Extracting: D:\Programs\VLC Media Player\plugins\video_filter\libantiflicker_plugin.dll (48.6 KB)
Extracting: D:\Programs\VLC Media Player\plugins\video_filter\libball_plugin.dll (62.1 KB)
Extracting: D:\Programs\VLC Media Player\plugins\video_filter\libblend_plugin.dll (183.6 KB)
Extracting: D:\Programs\VLC Media Player\plugins\video_filter\libblendbench_plugin.dll (43.1 KB)
Extracting: D:\Programs\VLC Media Player\plugins\video_filter\libbluescreen_plugin.dll (49.6 KB)
Extracting: D:\Programs\VLC Media Player\plugins\video_filter\libcanvas_plugin.dll (66.1 KB)
Extracting: D:\Programs\VLC Media Player\plugins\video_filter\libcolorthres_plugin.dll (43.6 KB)
Extracting: D:\Programs\VLC Media Player\plugins\video_filter\libcroppadd_plugin.dll (46.1 KB)
Extracting: D:\Programs\VLC Media Player\plugins\video_filter\libdeinterlace_plugin.dll (159.1 KB)
Extracting: D:\Programs\VLC Media Player\plugins\video_filter\libedgedetection_plugin.dll (41.1 KB)
Extracting: D:\Programs\VLC Media Player\plugins\video_filter\liberase_plugin.dll (46.6 KB)
Extracting: D:\Programs\VLC Media Player\plugins\video_filter\libextract_plugin.dll (45.1 KB)
Extracting: D:\Programs\VLC Media Player\plugins\video_filter\libfps_plugin.dll (40.6 KB)
Extracting: D:\Programs\VLC Media Player\plugins\video_filter\libfreeze_plugin.dll (44.6 KB)
Extracting: D:\Programs\VLC Media Player\plugins\video_filter\libgaussianblur_plugin.dll (45.6 KB)
Extracting: D:\Programs\VLC Media Player\plugins\video_filter\libgradfun_plugin.dll (51.1 KB)
Extracting: D:\Programs\VLC Media Player\plugins\video_filter\libgradient_plugin.dll (60.1 KB)
Extracting: D:\Programs\VLC Media Player\plugins\video_filter\libgrain_plugin.dll (55.1 KB)
Extracting: D:\Programs\VLC Media Player\plugins\video_filter\libhqdn3d_plugin.dll (54.6 KB)
Extracting: D:\Programs\VLC Media Player\plugins\video_filter\libinvert_plugin.dll (43.1 KB)
Extracting: D:\Programs\VLC Media Player\plugins\video_filter\libmagnify_plugin.dll (44.1 KB)
Extracting: D:\Programs\VLC Media Player\plugins\video_filter\libmirror_plugin.dll (46.6 KB)
Extracting: D:\Programs\VLC Media Player\plugins\video_filter\libmotionblur_plugin.dll (43.6 KB)
Extracting: D:\Programs\VLC Media Player\plugins\video_filter\libmotiondetect_plugin.dll (49.6 KB)
Extracting: D:\Programs\VLC Media Player\plugins\video_filter\liboldmovie_plugin.dll (51.1 KB)
Extracting: D:\Programs\VLC Media Player\plugins\video_filter\libposterize_plugin.dll (45.1 KB)
Extracting: D:\Programs\VLC Media Player\plugins\video_filter\libpostproc_plugin.dll (146.1 KB)
Extracting: D:\Programs\VLC Media Player\plugins\video_filter\libpsychedelic_plugin.dll (41.6 KB)
Extracting: D:\Programs\VLC Media Player\plugins\video_filter\libpuzzle_plugin.dll (110.1 KB)
Extracting: D:\Programs\VLC Media Player\plugins\video_filter\libripple_plugin.dll (43.1 KB)
Extracting: D:\Programs\VLC Media Player\plugins\video_filter\librotate_plugin.dll (83.6 KB)
Extracting: D:\Programs\VLC Media Player\plugins\video_filter\libscale_plugin.dll (41.1 KB)
Extracting: D:\Programs\VLC Media Player\plugins\video_filter\libscene_plugin.dll (66.1 KB)
Extracting: D:\Programs\VLC Media Player\plugins\video_filter\libsepia_plugin.dll (44.1 KB)
Extracting: D:\Programs\VLC Media Player\plugins\video_filter\libsharpen_plugin.dll (42.1 KB)
Extracting: D:\Programs\VLC Media Player\plugins\video_filter\libtransform_plugin.dll (56.1 KB)
Extracting: D:\Programs\VLC Media Player\plugins\video_filter\libvhs_plugin.dll (44.1 KB)
Extracting: D:\Programs\VLC Media Player\plugins\video_filter\libwave_plugin.dll (42.6 KB)
Extracting: D:\Programs\VLC Media Player\plugins\video_output\libcaca_plugin.dll (825.1 KB)
Extracting: D:\Programs\VLC Media Player\plugins\video_output\libdirect3d11_plugin.dll (360.6 KB)
Extracting: D:\Programs\VLC Media Player\plugins\video_output\libdirect3d9_plugin.dll (265.1 KB)
Extracting: D:\Programs\VLC Media Player\plugins\video_output\libdirectdraw_plugin.dll (247.6 KB)
Extracting: D:\Programs\VLC Media Player\plugins\video_output\libdrawable_plugin.dll (40.1 KB)
Extracting: D:\Programs\VLC Media Player\plugins\video_output\libflaschen_plugin.dll (65.1 KB)
Extracting: D:\Programs\VLC Media Player\plugins\video_output\libgl_plugin.dll (243.1 KB)
Extracting: D:\Programs\VLC Media Player\plugins\video_output\libglinterop_dxva2_plugin.dll (126.6 KB)
Extracting: D:\Programs\VLC Media Player\plugins\video_output\libglwin32_plugin.dll (433.6 KB)
Extracting: D:\Programs\VLC Media Player\plugins\video_output\libvdummy_plugin.dll (41.6 KB)
Extracting: D:\Programs\VLC Media Player\plugins\video_output\libvmem_plugin.dll (42.6 KB)
Extracting: D:\Programs\VLC Media Player\plugins\video_output\libwgl_plugin.dll (241.1 KB)
Extracting: D:\Programs\VLC Media Player\plugins\video_output\libwingdi_plugin.dll (231.1 KB)
Extracting: D:\Programs\VLC Media Player\plugins\video_output\libwinhibit_plugin.dll (40.6 KB)
Extracting: D:\Programs\VLC Media Player\plugins\video_output\libyuv_plugin.dll (65.1 KB)
Extracting: D:\Programs\VLC Media Player\plugins\video_splitter\libclone_plugin.dll (42.1 KB)
Extracting: D:\Programs\VLC Media Player\plugins\video_splitter\libpanoramix_plugin.dll (65.6 KB)
Extracting: D:\Programs\VLC Media Player\plugins\video_splitter\libwall_plugin.dll (79.6 KB)
Extracting: D:\Programs\VLC Media Player\plugins\visualization\libglspectrum_plugin.dll (59.6 KB)
Extracting: D:\Programs\VLC Media Player\plugins\visualization\libgoom_plugin.dll (222.1 KB)
Extracting: D:\Programs\VLC Media Player\plugins\visualization\libprojectm_plugin.dll (1.7 MB)
Extracting: D:\Programs\VLC Media Player\plugins\visualization\libvisual_plugin.dll (75.6 KB)
Extracting: D:\Programs\VLC Media Player\sdk\activex\README.TXT (4.5 KB)
Extracting: D:\Programs\VLC Media Player\sdk\activex\test.html (27.7 KB)
Extracting: D:\Programs\VLC Media Player\sdk\include\vlc\deprecated.h (13.7 KB)
Extracting: D:\Programs\VLC Media Player\sdk\include\vlc\libvlc.h (19.3 KB)
Extracting: D:\Programs\VLC Media Player\sdk\include\vlc\libvlc_dialog.h (7.8 KB)
Extracting: D:\Programs\VLC Media Player\sdk\include\vlc\libvlc_events.h (7.7 KB)
Extracting: D:\Programs\VLC Media Player\sdk\include\vlc\libvlc_media.h (27.8 KB)
Extracting: D:\Programs\VLC Media Player\sdk\include\vlc\libvlc_media_discoverer.h (5.9 KB)
Extracting: D:\Programs\VLC Media Player\sdk\include\vlc\libvlc_media_library.h (2.8 KB)
Extracting: D:\Programs\VLC Media Player\sdk\include\vlc\libvlc_media_list.h (6.2 KB)
Extracting: D:\Programs\VLC Media Player\sdk\include\vlc\libvlc_media_list_player.h (7.0 KB)
Extracting: D:\Programs\VLC Media Player\sdk\include\vlc\libvlc_media_player.h (71.2 KB)
Extracting: D:\Programs\VLC Media Player\sdk\include\vlc\libvlc_renderer_discoverer.h (7.2 KB)
Extracting: D:\Programs\VLC Media Player\sdk\include\vlc\libvlc_version.h (2.1 KB)
Extracting: D:\Programs\VLC Media Player\sdk\include\vlc\libvlc_vlm.h (12.1 KB)
Extracting: D:\Programs\VLC Media Player\sdk\include\vlc\plugins\vlc_about.h (48.0 KB)
Extracting: D:\Programs\VLC Media Player\sdk\include\vlc\plugins\vlc_access.h (2.4 KB)
Extracting: D:\Programs\VLC Media Player\sdk\include\vlc\plugins\vlc_actions.h (8.7 KB)
Extracting: D:\Programs\VLC Media Player\sdk\include\vlc\plugins\vlc_addons.h (6.0 KB)
Extracting: D:\Programs\VLC Media Player\sdk\include\vlc\plugins\vlc_aout.h (15.4 KB)
Extracting: D:\Programs\VLC Media Player\sdk\include\vlc\plugins\vlc_aout_volume.h (1.7 KB)
Extracting: D:\Programs\VLC Media Player\sdk\include\vlc\plugins\vlc_arrays.h (20.4 KB)
Extracting: D:\Programs\VLC Media Player\sdk\include\vlc\plugins\vlc_atomic.h (7.0 KB)
Extracting: D:\Programs\VLC Media Player\sdk\include\vlc\plugins\vlc_avcodec.h (1.3 KB)
Extracting: D:\Programs\VLC Media Player\sdk\include\vlc\plugins\vlc_bits.h (6.3 KB)
Extracting: D:\Programs\VLC Media Player\sdk\include\vlc\plugins\vlc_block.h (19.6 KB)
Extracting: D:\Programs\VLC Media Player\sdk\include\vlc\plugins\vlc_block_helper.h (11.5 KB)
Extracting: D:\Programs\VLC Media Player\sdk\include\vlc\plugins\vlc_boxes.h (4.9 KB)
Extracting: D:\Programs\VLC Media Player\sdk\include\vlc\plugins\vlc_charset.h (9.0 KB)
Extracting: D:\Programs\VLC Media Player\sdk\include\vlc\plugins\vlc_codec.h (14.2 KB)
Extracting: D:\Programs\VLC Media Player\sdk\include\vlc\plugins\vlc_common.h (28.0 KB)
Extracting: D:\Programs\VLC Media Player\sdk\include\vlc\plugins\vlc_config.h (4.4 KB)
Extracting: D:\Programs\VLC Media Player\sdk\include\vlc\plugins\vlc_config_cat.h (10.1 KB)
Extracting: D:\Programs\VLC Media Player\sdk\include\vlc\plugins\vlc_configuration.h (9.0 KB)
Extracting: D:\Programs\VLC Media Player\sdk\include\vlc\plugins\vlc_cpu.h (5.1 KB)
Extracting: D:\Programs\VLC Media Player\sdk\include\vlc\plugins\vlc_demux.h (17.2 KB)
Extracting: D:\Programs\VLC Media Player\sdk\include\vlc\plugins\vlc_dialog.h (17.0 KB)
Extracting: D:\Programs\VLC Media Player\sdk\include\vlc\plugins\vlc_epg.h (3.8 KB)
Extracting: D:\Programs\VLC Media Player\sdk\include\vlc\plugins\vlc_es.h (22.4 KB)
Extracting: D:\Programs\VLC Media Player\sdk\include\vlc\plugins\vlc_es_out.h (6.6 KB)
Extracting: D:\Programs\VLC Media Player\sdk\include\vlc\plugins\vlc_events.h (6.4 KB)
Extracting: D:\Programs\VLC Media Player\sdk\include\vlc\plugins\vlc_filter.h (15.3 KB)
Extracting: D:\Programs\VLC Media Player\sdk\include\vlc\plugins\vlc_fingerprinter.h (3 KB)
Extracting: D:\Programs\VLC Media Player\sdk\include\vlc\plugins\vlc_fourcc.h (35 KB)
Extracting: D:\Programs\VLC Media Player\sdk\include\vlc\plugins\vlc_fs.h (9 KB)
Extracting: D:\Programs\VLC Media Player\sdk\include\vlc\plugins\vlc_gcrypt.h (2.0 KB)
Extracting: D:\Programs\VLC Media Player\sdk\include\vlc\plugins\vlc_http.h (3.4 KB)
Extracting: D:\Programs\VLC Media Player\sdk\include\vlc\plugins\vlc_httpd.h (5.5 KB)
Extracting: D:\Programs\VLC Media Player\sdk\include\vlc\plugins\vlc_image.h (3 KB)
Extracting: D:\Programs\VLC Media Player\sdk\include\vlc\plugins\vlc_inhibit.h (1.8 KB)
Extracting: D:\Programs\VLC Media Player\sdk\include\vlc\plugins\vlc_input.h (22.0 KB)
Extracting: D:\Programs\VLC Media Player\sdk\include\vlc\plugins\vlc_input_item.h (15.8 KB)
Extracting: D:\Programs\VLC Media Player\sdk\include\vlc\plugins\vlc_interface.h (9.7 KB)
Extracting: D:\Programs\VLC Media Player\sdk\include\vlc\plugins\vlc_interrupt.h (7.5 KB)
Extracting: D:\Programs\VLC Media Player\sdk\include\vlc\plugins\vlc_keystore.h (9.5 KB)
Extracting: D:\Programs\VLC Media Player\sdk\include\vlc\plugins\vlc_main.h (1.6 KB)
Extracting: D:\Programs\VLC Media Player\sdk\include\vlc\plugins\vlc_md5.h (1.9 KB)
Extracting: D:\Programs\VLC Media Player\sdk\include\vlc\plugins\vlc_media_library.h (5.9 KB)
Extracting: D:\Programs\VLC Media Player\sdk\include\vlc\plugins\vlc_memstream.h (2.4 KB)
Extracting: D:\Programs\VLC Media Player\sdk\include\vlc\plugins\vlc_messages.h (3.8 KB)
Extracting: D:\Programs\VLC Media Player\sdk\include\vlc\plugins\vlc_meta.h (7.6 KB)
Extracting: D:\Programs\VLC Media Player\sdk\include\vlc\plugins\vlc_meta_fetcher.h (1.4 KB)
Extracting: D:\Programs\VLC Media Player\sdk\include\vlc\plugins\vlc_mime.h (1.2 KB)
Extracting: D:\Programs\VLC Media Player\sdk\include\vlc\plugins\vlc_modules.h (3.6 KB)
Extracting: D:\Programs\VLC Media Player\sdk\include\vlc\plugins\vlc_mouse.h (4.7 KB)
Extracting: D:\Programs\VLC Media Player\sdk\include\vlc\plugins\vlc_mtime.h (3.9 KB)
Extracting: D:\Programs\VLC Media Player\sdk\include\vlc\plugins\vlc_network.h (9.4 KB)
Extracting: D:\Programs\VLC Media Player\sdk\include\vlc\plugins\vlc_objects.h (2.9 KB)
Extracting: D:\Programs\VLC Media Player\sdk\include\vlc\plugins\vlc_opengl.h (3.6 KB)
Extracting: D:\Programs\VLC Media Player\sdk\include\vlc\plugins\vlc_picture.h (8.5 KB)
Extracting: D:\Programs\VLC Media Player\sdk\include\vlc\plugins\vlc_picture_fifo.h (2.7 KB)
Extracting: D:\Programs\VLC Media Player\sdk\include\vlc\plugins\vlc_picture_pool.h (6.4 KB)
Extracting: D:\Programs\VLC Media Player\sdk\include\vlc\plugins\vlc_playlist.h (16.3 KB)
Extracting: D:\Programs\VLC Media Player\sdk\include\vlc\plugins\vlc_plugin.h (19.5 KB)
Extracting: D:\Programs\VLC Media Player\sdk\include\vlc\plugins\vlc_probe.h (2.0 KB)
Extracting: D:\Programs\VLC Media Player\sdk\include\vlc\plugins\vlc_rand.h (1.4 KB)
Extracting: D:\Programs\VLC Media Player\sdk\include\vlc\plugins\vlc_renderer_discovery.h (6.2 KB)
Extracting: D:\Programs\VLC Media Player\sdk\include\vlc\plugins\vlc_services_discovery.h (7.4 KB)
Extracting: D:\Programs\VLC Media Player\sdk\include\vlc\plugins\vlc_sout.h (9.8 KB)
Extracting: D:\Programs\VLC Media Player\sdk\include\vlc\plugins\vlc_spu.h (3 KB)
Extracting: D:\Programs\VLC Media Player\sdk\include\vlc\plugins\vlc_stream.h (16.1 KB)
Extracting: D:\Programs\VLC Media Player\sdk\include\vlc\plugins\vlc_stream_extractor.h (5.9 KB)
Extracting: D:\Programs\VLC Media Player\sdk\include\vlc\plugins\vlc_strings.h (4.6 KB)
Extracting: D:\Programs\VLC Media Player\sdk\include\vlc\plugins\vlc_subpicture.h (8.6 KB)
Extracting: D:\Programs\VLC Media Player\sdk\include\vlc\plugins\vlc_text_style.h (12.9 KB)
Extracting: D:\Programs\VLC Media Player\sdk\include\vlc\plugins\vlc_threads.h (30.9 KB)
Extracting: D:\Programs\VLC Media Player\sdk\include\vlc\plugins\vlc_timestamp_helper.h (3.2 KB)
Extracting: D:\Programs\VLC Media Player\sdk\include\vlc\plugins\vlc_tls.h (12 KB)
Extracting: D:\Programs\VLC Media Player\sdk\include\vlc\plugins\vlc_url.h (6.7 KB)
Extracting: D:\Programs\VLC Media Player\sdk\include\vlc\plugins\vlc_variables.h (21.2 KB)
Extracting: D:\Programs\VLC Media Player\sdk\include\vlc\plugins\vlc_video_splitter.h (4.9 KB)
Extracting: D:\Programs\VLC Media Player\sdk\include\vlc\plugins\vlc_viewpoint.h (2.1 KB)
Extracting: D:\Programs\VLC Media Player\sdk\include\vlc\plugins\vlc_vlm.h (11.8 KB)
Extracting: D:\Programs\VLC Media Player\sdk\include\vlc\plugins\vlc_vout.h (5.5 KB)
Extracting: D:\Programs\VLC Media Player\sdk\include\vlc\plugins\vlc_vout_display.h (15.7 KB)
Extracting: D:\Programs\VLC Media Player\sdk\include\vlc\plugins\vlc_vout_osd.h (3.1 KB)
Extracting: D:\Programs\VLC Media Player\sdk\include\vlc\plugins\vlc_vout_window.h (10.9 KB)
Extracting: D:\Programs\VLC Media Player\sdk\include\vlc\plugins\vlc_xlib.h (2.1 KB)
Extracting: D:\Programs\VLC Media Player\sdk\include\vlc\plugins\vlc_xml.h (3.3 KB)
Extracting: D:\Programs\VLC Media Player\sdk\include\vlc\vlc.h (1.9 KB)
Extracting: D:\Programs\VLC Media Player\sdk\lib\libvlc.lib (253.0 KB)
Extracting: D:\Programs\VLC Media Player\sdk\lib\libvlccore.lib (576.1 KB)
Extracting: D:\Programs\VLC Media Player\sdk\lib\pkgconfig\libvlc.pc (288 bytes)
Extracting: D:\Programs\VLC Media Player\sdk\lib\pkgconfig\vlc-plugin.pc (762 bytes)
Extracting: D:\Programs\VLC Media Player\sdk\lib\vlc.lib (18 bytes)
Extracting: D:\Programs\VLC Media Player\sdk\lib\vlccore.lib (22 bytes)
Extracting: D:\Programs\VLC Media Player\skins\default.vlt (159.8 KB)
Extracting: D:\Programs\VLC Media Player\skins\fonts\FreeSans.ttf (250.6 KB)
Extracting: D:\Programs\VLC Media Player\skins\fonts\FreeSansBold.ttf (62.7 KB)
Extracting: D:\Programs\VLC Media Player\skins\skin.catalog (167 bytes)
Extracting: D:\Programs\VLC Media Player\skins\skin.dtd (10.4 KB)
Extracting: D:\Programs\VLC Media Player\skins\winamp2.xml (31.5 KB)
Extracting: D:\Programs\VLC Media Player\vlc-cache-gen.exe (140.6 KB)
Extracting: D:\Programs\VLC Media Player\vlc.exe (966.1 KB)
Extracting: D:\Programs\VLC Media Player\vlc.ico (71.4 KB)
Extracting: D:\Programs\VeraCrypt\LICENSE (10.0 KB)
Extracting: D:\Programs\VeraCrypt\Languages\Language.ar.xml (364.5 KB)
Extracting: D:\Programs\VeraCrypt\Languages\Language.be.xml (331.8 KB)
Extracting: D:\Programs\VeraCrypt\Languages\Language.bg.xml (376.2 KB)
Extracting: D:\Programs\VeraCrypt\Languages\Language.ca.xml (302.8 KB)
Extracting: D:\Programs\VeraCrypt\Languages\Language.co.xml (347.7 KB)
Extracting: D:\Programs\VeraCrypt\Languages\Language.cs.xml (316 KB)
Extracting: D:\Programs\VeraCrypt\Languages\Language.da.xml (300.4 KB)
Extracting: D:\Programs\VeraCrypt\Languages\Language.de.xml (335.3 KB)
Extracting: D:\Programs\VeraCrypt\Languages\Language.el.xml (342.1 KB)
Extracting: D:\Programs\VeraCrypt\Languages\Language.es.xml (316.9 KB)
Extracting: D:\Programs\VeraCrypt\Languages\Language.et.xml (299.4 KB)
Extracting: D:\Programs\VeraCrypt\Languages\Language.eu.xml (308.0 KB)
Extracting: D:\Programs\VeraCrypt\Languages\Language.fa.xml (301.6 KB)
Extracting: D:\Programs\VeraCrypt\Languages\Language.fi.xml (315.0 KB)
Extracting: D:\Programs\VeraCrypt\Languages\Language.fr.xml (338.4 KB)
Extracting: D:\Programs\VeraCrypt\Languages\Language.he.xml (375.3 KB)
Extracting: D:\Programs\VeraCrypt\Languages\Language.hu.xml (335.1 KB)
Extracting: D:\Programs\VeraCrypt\Languages\Language.id.xml (305.0 KB)
Extracting: D:\Programs\VeraCrypt\Languages\Language.it.xml (320.8 KB)
Extracting: D:\Programs\VeraCrypt\Languages\Language.ja.xml (361 KB)
Extracting: D:\Programs\VeraCrypt\Languages\Language.ka.xml (367.1 KB)
Extracting: D:\Programs\VeraCrypt\Languages\Language.ko.xml (327.9 KB)
Extracting: D:\Programs\VeraCrypt\Languages\Language.lv.xml (299.9 KB)
Extracting: D:\Programs\VeraCrypt\Languages\Language.my.xml (657.1 KB)
Extracting: D:\Programs\VeraCrypt\Languages\Language.nl.xml (327.4 KB)
Extracting: D:\Programs\VeraCrypt\Languages\Language.nn.xml (300.2 KB)
Extracting: D:\Programs\VeraCrypt\Languages\Language.pl.xml (313.9 KB)
Extracting: D:\Programs\VeraCrypt\Languages\Language.pt-br.xml (312.5 KB)
Extracting: D:\Programs\VeraCrypt\Languages\Language.ro.xml (321.9 KB)
Extracting: D:\Programs\VeraCrypt\Languages\Language.ru - Copy.xml (437.4 KB)
Extracting: D:\Programs\VeraCrypt\Languages\Language.ru.xml (437.3 KB)
Extracting: D:\Programs\VeraCrypt\Languages\Language.sk.xml (302.2 KB)
Extracting: D:\Programs\VeraCrypt\Languages\Language.sl.xml (301.6 KB)
Extracting: D:\Programs\VeraCrypt\Languages\Language.sv.xml (310.7 KB)
Extracting: D:\Programs\VeraCrypt\Languages\Language.th.xml (300.0 KB)
Extracting: D:\Programs\VeraCrypt\Languages\Language.tr.xml (320.2 KB)
Extracting: D:\Programs\VeraCrypt\Languages\Language.uk.xml (410.0 KB)
Extracting: D:\Programs\VeraCrypt\Languages\Language.uz.xml (369.9 KB)
Extracting: D:\Programs\VeraCrypt\Languages\Language.vi.xml (351.4 KB)
Extracting: D:\Programs\VeraCrypt\Languages\Language.zh-cn.xml (283.2 KB)
Extracting: D:\Programs\VeraCrypt\Languages\Language.zh-hk.xml (291.3 KB)
Extracting: D:\Programs\VeraCrypt\Languages\Language.zh-tw.xml (298.4 KB)
Extracting: D:\Programs\VeraCrypt\License.txt (37.2 KB)
Extracting: D:\Programs\VeraCrypt\NOTICE (9 KB)
Extracting: D:\Programs\VeraCrypt\VeraCrypt Format-arm64.exe (3.4 MB)
Extracting: D:\Programs\VeraCrypt\VeraCrypt Format-x64.exe (5.9 MB)
Extracting: D:\Programs\VeraCrypt\VeraCrypt Format.exe (7.4 MB)
Extracting: D:\Programs\VeraCrypt\VeraCrypt-arm64.exe (3.4 MB)
Extracting: D:\Programs\VeraCrypt\VeraCrypt-x64.exe (5.9 MB)
Extracting: D:\Programs\VeraCrypt\VeraCrypt.exe (7.3 MB)
Extracting: D:\Programs\VeraCrypt\VeraCryptExpander-arm64.exe (2.9 MB)
Extracting: D:\Programs\VeraCrypt\VeraCryptExpander-x64.exe (5.4 MB)
Extracting: D:\Programs\VeraCrypt\VeraCryptExpander.exe (6.9 MB)
Extracting: D:\Programs\VeraCrypt\docs\EFI-DCS\dcs_tpm_owner_02.pdf (131.5 KB)
Extracting: D:\Programs\VeraCrypt\docs\EFI-DCS\disk_encryption_v1_2.pdf (131.8 KB)
Extracting: D:\Programs\VeraCrypt\docs\VeraCrypt User Guide.chm (3 MB)
Extracting: D:\Programs\VeraCrypt\docs\html\en\AES.html (3.4 KB)
Extracting: D:\Programs\VeraCrypt\docs\html\en\Acknowledgements.html (3.6 KB)
Extracting: D:\Programs\VeraCrypt\docs\html\en\Additional Security Requirements and Precautions.html (2.9 KB)
Extracting: D:\Programs\VeraCrypt\docs\html\en\Authenticity and Integrity.html (2.8 KB)
Extracting: D:\Programs\VeraCrypt\docs\html\en\Authors.html (2.3 KB)
Extracting: D:\Programs\VeraCrypt\docs\html\en\Avoid Third-Party File Extensions.html (4.5 KB)
Extracting: D:\Programs\VeraCrypt\docs\html\en\BCH_Logo_48x30.png (2 KB)
Extracting: D:\Programs\VeraCrypt\docs\html\en\BC_Logo_30x30.png (4 KB)
Extracting: D:\Programs\VeraCrypt\docs\html\en\BLAKE2s-256.html (3.1 KB)
Extracting: D:\Programs\VeraCrypt\docs\html\en\Beginner's Tutorial.html (14.1 KB)
Extracting: D:\Programs\VeraCrypt\docs\html\en\Beginner's Tutorial_Image_001.jpg (58.3 KB)
Extracting: D:\Programs\VeraCrypt\docs\html\en\Beginner's Tutorial_Image_002.jpg (111.7 KB)
Extracting: D:\Programs\VeraCrypt\docs\html\en\Beginner's Tutorial_Image_003.jpg (46.4 KB)
Extracting: D:\Programs\VeraCrypt\docs\html\en\Beginner's Tutorial_Image_004.jpg (62.1 KB)
Extracting: D:\Programs\VeraCrypt\docs\html\en\Beginner's Tutorial_Image_005.jpg (59.4 KB)
Extracting: D:\Programs\VeraCrypt\docs\html\en\Beginner's Tutorial_Image_007.jpg (111.8 KB)
Extracting: D:\Programs\VeraCrypt\docs\html\en\Beginner's Tutorial_Image_008.jpg (47.6 KB)
Extracting: D:\Programs\VeraCrypt\docs\html\en\Beginner's Tutorial_Image_009.jpg (46.9 KB)
Extracting: D:\Programs\VeraCrypt\docs\html\en\Beginner's Tutorial_Image_010.jpg (71.2 KB)
Extracting: D:\Programs\VeraCrypt\docs\html\en\Beginner's Tutorial_Image_011.jpg (58.2 KB)
Extracting: D:\Programs\VeraCrypt\docs\html\en\Beginner's Tutorial_Image_012.jpg (13.2 KB)
Extracting: D:\Programs\VeraCrypt\docs\html\en\Beginner's Tutorial_Image_013.jpg (22.5 KB)
Extracting: D:\Programs\VeraCrypt\docs\html\en\Beginner's Tutorial_Image_014.jpg (61.4 KB)
Extracting: D:\Programs\VeraCrypt\docs\html\en\Beginner's Tutorial_Image_015.jpg (60.8 KB)
Extracting: D:\Programs\VeraCrypt\docs\html\en\Beginner's Tutorial_Image_016.jpg (61.5 KB)
Extracting: D:\Programs\VeraCrypt\docs\html\en\Beginner's Tutorial_Image_017.jpg (62.8 KB)
Extracting: D:\Programs\VeraCrypt\docs\html\en\Beginner's Tutorial_Image_018.jpg (30.9 KB)
Extracting: D:\Programs\VeraCrypt\docs\html\en\Beginner's Tutorial_Image_019.jpg (34.9 KB)
Extracting: D:\Programs\VeraCrypt\docs\html\en\Beginner's Tutorial_Image_020.jpg (64.5 KB)
Extracting: D:\Programs\VeraCrypt\docs\html\en\Beginner's Tutorial_Image_021.jpg (70.6 KB)
Extracting: D:\Programs\VeraCrypt\docs\html\en\Beginner's Tutorial_Image_022.jpg (65.7 KB)
Extracting: D:\Programs\VeraCrypt\docs\html\en\Beginner's Tutorial_Image_023.gif (11.3 KB)
Extracting: D:\Programs\VeraCrypt\docs\html\en\Beginner's Tutorial_Image_024.gif (9.4 KB)
Extracting: D:\Programs\VeraCrypt\docs\html\en\Beginner's Tutorial_Image_034.png (16.7 KB)
Extracting: D:\Programs\VeraCrypt\docs\html\en\Camellia.html (2.8 KB)
Extracting: D:\Programs\VeraCrypt\docs\html\en\Cascades.html (8.6 KB)
Extracting: D:\Programs\VeraCrypt\docs\html\en\Changing Passwords and Keyfiles.html (3.8 KB)
Extracting: D:\Programs\VeraCrypt\docs\html\en\Choosing Passwords and Keyfiles.html (3.7 KB)
Extracting: D:\Programs\VeraCrypt\docs\html\en\Command Line Usage.html (20.4 KB)
Extracting: D:\Programs\VeraCrypt\docs\html\en\CompilingGuidelineLinux.html (8.5 KB)
Extracting: D:\Programs\VeraCrypt\docs\html\en\CompilingGuidelineWin\AddNewSystemVar.jpg (69.4 KB)
Extracting: D:\Programs\VeraCrypt\docs\html\en\CompilingGuidelineWin\CertVerifyFails.jpg (15.1 KB)
Extracting: D:\Programs\VeraCrypt\docs\html\en\CompilingGuidelineWin\CertificateCannotBeVerified.jpg (85.0 KB)
Extracting: D:\Programs\VeraCrypt\docs\html\en\CompilingGuidelineWin\DistributionPackageDamaged.jpg (10.3 KB)
Extracting: D:\Programs\VeraCrypt\docs\html\en\CompilingGuidelineWin\DownloadVS2010.jpg (163.6 KB)
Extracting: D:\Programs\VeraCrypt\docs\html\en\CompilingGuidelineWin\DownloadVS2019.jpg (226.4 KB)
Extracting: D:\Programs\VeraCrypt\docs\html\en\CompilingGuidelineWin\DownloadVSBuildTools.jpg (183.4 KB)
Extracting: D:\Programs\VeraCrypt\docs\html\en\CompilingGuidelineWin\NasmCommandLine.jpg (26.9 KB)
Extracting: D:\Programs\VeraCrypt\docs\html\en\CompilingGuidelineWin\RegeditPermissions-1.jpg (41.3 KB)
Extracting: D:\Programs\VeraCrypt\docs\html\en\CompilingGuidelineWin\RegeditPermissions-2.jpg (80.8 KB)
Extracting: D:\Programs\VeraCrypt\docs\html\en\CompilingGuidelineWin\RegeditPermissions-3.jpg (46.9 KB)
Extracting: D:\Programs\VeraCrypt\docs\html\en\CompilingGuidelineWin\RegeditPermissions-4.jpg (19.7 KB)
Extracting: D:\Programs\VeraCrypt\docs\html\en\CompilingGuidelineWin\SelectAdvancedSystemSettings.jpg (139 KB)
Extracting: D:\Programs\VeraCrypt\docs\html\en\CompilingGuidelineWin\SelectEnvironmentVariables.jpg (40.3 KB)
Extracting: D:\Programs\VeraCrypt\docs\html\en\CompilingGuidelineWin\SelectPathVariable.jpg (70.2 KB)
Extracting: D:\Programs\VeraCrypt\docs\html\en\CompilingGuidelineWin\SelectThisPC.jpg (49.1 KB)
Extracting: D:\Programs\VeraCrypt\docs\html\en\CompilingGuidelineWin\VS2010BuildSolution.jpg (58.3 KB)
Extracting: D:\Programs\VeraCrypt\docs\html\en\CompilingGuidelineWin\VS2010Win32Config.jpg (163.5 KB)
Extracting: D:\Programs\VeraCrypt\docs\html\en\CompilingGuidelineWin\VS2010X64Config.jpg (145.7 KB)
Extracting: D:\Programs\VeraCrypt\docs\html\en\CompilingGuidelineWin\VS2019ARM64Config.jpg (57.2 KB)
Extracting: D:\Programs\VeraCrypt\docs\html\en\CompilingGuidelineWin\VS2019BuildSolution.jpg (48.4 KB)
Extracting: D:\Programs\VeraCrypt\docs\html\en\CompilingGuidelineWin\YasmCommandLine.jpg (32.5 KB)
Extracting: D:\Programs\VeraCrypt\docs\html\en\CompilingGuidelineWin\gzipCommandLine.jpg (27.6 KB)
Extracting: D:\Programs\VeraCrypt\docs\html\en\CompilingGuidelineWin\upxCommandLine.jpg (51.6 KB)
Extracting: D:\Programs\VeraCrypt\docs\html\en\CompilingGuidelineWin.html (41.8 KB)
Extracting: D:\Programs\VeraCrypt\docs\html\en\CompilingGuidelines.html (2.5 KB)
Extracting: D:\Programs\VeraCrypt\docs\html\en\Contact.html (2.8 KB)
Extracting: D:\Programs\VeraCrypt\docs\html\en\Contributed Resources.html (3.8 KB)
Extracting: D:\Programs\VeraCrypt\docs\html\en\Converting TrueCrypt volumes and partitions.html (2.3 KB)
Extracting: D:\Programs\VeraCrypt\docs\html\en\Converting TrueCrypt volumes and partitions_truecrypt_convertion.jpg (56.1 KB)
Extracting: D:\Programs\VeraCrypt\docs\html\en\Creating New Volumes.html (10.0 KB)
Extracting: D:\Programs\VeraCrypt\docs\html\en\Data Leaks.html (6.0 KB)
Extracting: D:\Programs\VeraCrypt\docs\html\en\Default Mount Parameters.html (3 KB)
Extracting: D:\Programs\VeraCrypt\docs\html\en\Default Mount Parameters_VeraCrypt_password_using_default_parameters.png (7.6 KB)
Extracting: D:\Programs\VeraCrypt\docs\html\en\Defragmenting.html (3.2 KB)
Extracting: D:\Programs\VeraCrypt\docs\html\en\Digital Signatures.html (8.0 KB)
Extracting: D:\Programs\VeraCrypt\docs\html\en\Disclaimers.html (3.5 KB)
Extracting: D:\Programs\VeraCrypt\docs\html\en\Documentation.html (9.7 KB)
Extracting: D:\Programs\VeraCrypt\docs\html\en\Donation.html (7.2 KB)
Extracting: D:\Programs\VeraCrypt\docs\html\en\Donation_Bank.html (5.1 KB)
Extracting: D:\Programs\VeraCrypt\docs\html\en\Donation_VC_BTC_Sigwit.png (1.4 KB)
Extracting: D:\Programs\VeraCrypt\docs\html\en\Donation_VeraCrypt_BitcoinCash.png (8.6 KB)
Extracting: D:\Programs\VeraCrypt\docs\html\en\Donation_VeraCrypt_Bitcoin_small.png (8.9 KB)
Extracting: D:\Programs\VeraCrypt\docs\html\en\Donation_VeraCrypt_Ethereum.png (9.5 KB)
Extracting: D:\Programs\VeraCrypt\docs\html\en\Donation_VeraCrypt_Litecoin.png (7.4 KB)
Extracting: D:\Programs\VeraCrypt\docs\html\en\Donation_VeraCrypt_Monero.png (6.9 KB)
Extracting: D:\Programs\VeraCrypt\docs\html\en\Donation_donate.gif (1.7 KB)
Extracting: D:\Programs\VeraCrypt\docs\html\en\Donation_donate_CHF.gif (1.7 KB)
Extracting: D:\Programs\VeraCrypt\docs\html\en\Donation_donate_Dollars.gif (1.7 KB)
Extracting: D:\Programs\VeraCrypt\docs\html\en\Donation_donate_Euros.gif (1.7 KB)
Extracting: D:\Programs\VeraCrypt\docs\html\en\Donation_donate_GBP.gif (1.7 KB)
Extracting: D:\Programs\VeraCrypt\docs\html\en\Donation_donate_PLN.gif (2.8 KB)
Extracting: D:\Programs\VeraCrypt\docs\html\en\Donation_donate_YEN.gif (1.7 KB)
Extracting: D:\Programs\VeraCrypt\docs\html\en\EMV Smart Cards.html (3.3 KB)
Extracting: D:\Programs\VeraCrypt\docs\html\en\Encryption Algorithms.html (29.8 KB)
Extracting: D:\Programs\VeraCrypt\docs\html\en\Encryption Scheme.html (8 KB)
Extracting: D:\Programs\VeraCrypt\docs\html\en\Ethereum_Logo_19x30.png (891 bytes)
Extracting: D:\Programs\VeraCrypt\docs\html\en\FAQ.html (83.1 KB)
Extracting: D:\Programs\VeraCrypt\docs\html\en\Favorite Volumes.html (9.0 KB)
Extracting: D:\Programs\VeraCrypt\docs\html\en\Hardware Acceleration.html (6.4 KB)
Extracting: D:\Programs\VeraCrypt\docs\html\en\Hash Algorithms.html (4.0 KB)
Extracting: D:\Programs\VeraCrypt\docs\html\en\Header Key Derivation.html (7.7 KB)
Extracting: D:\Programs\VeraCrypt\docs\html\en\Hibernation File.html (5.6 KB)
Extracting: D:\Programs\VeraCrypt\docs\html\en\Hidden Operating System.html (2.9 KB)
Extracting: D:\Programs\VeraCrypt\docs\html\en\Hidden Volume.html (9.9 KB)
Extracting: D:\Programs\VeraCrypt\docs\html\en\Home_VeraCrypt_Default_Mount_Parameters.png (4.2 KB)
Extracting: D:\Programs\VeraCrypt\docs\html\en\Home_VeraCrypt_menu_Default_Mount_Parameters.png (7.4 KB)
Extracting: D:\Programs\VeraCrypt\docs\html\en\Home_facebook_veracrypt.png (868 bytes)
Extracting: D:\Programs\VeraCrypt\docs\html\en\Home_reddit.png (1.4 KB)
Extracting: D:\Programs\VeraCrypt\docs\html\en\Home_utilities-file-archiver-3.png (2.1 KB)
Extracting: D:\Programs\VeraCrypt\docs\html\en\Hot Keys.html (1.9 KB)
Extracting: D:\Programs\VeraCrypt\docs\html\en\How to Back Up Securely.html (9.4 KB)
Extracting: D:\Programs\VeraCrypt\docs\html\en\Incompatibilities.html (6.8 KB)
Extracting: D:\Programs\VeraCrypt\docs\html\en\Introduction.html (4.9 KB)
Extracting: D:\Programs\VeraCrypt\docs\html\en\Issues and Limitations.html (13.5 KB)
Extracting: D:\Programs\VeraCrypt\docs\html\en\Journaling File Systems.html (3.1 KB)
Extracting: D:\Programs\VeraCrypt\docs\html\en\Keyfiles in VeraCrypt.html (25 KB)
Extracting: D:\Programs\VeraCrypt\docs\html\en\Keyfiles in VeraCrypt_Image_040.gif (27.2 KB)
Extracting: D:\Programs\VeraCrypt\docs\html\en\Keyfiles.html (9.2 KB)
Extracting: D:\Programs\VeraCrypt\docs\html\en\Kuznyechik.html (2.6 KB)
Extracting: D:\Programs\VeraCrypt\docs\html\en\LTC_Logo_30x30.png (1.8 KB)
Extracting: D:\Programs\VeraCrypt\docs\html\en\Language Packs.html (3.1 KB)
Extracting: D:\Programs\VeraCrypt\docs\html\en\Legal Information.html (3.1 KB)
Extracting: D:\Programs\VeraCrypt\docs\html\en\LinuxPrepAndBuild.sh (210 bytes)
Extracting: D:\Programs\VeraCrypt\docs\html\en\LinuxPrepAndBuild.zip (315 bytes)
Extracting: D:\Programs\VeraCrypt\docs\html\en\Main Program Window.html (9 KB)
Extracting: D:\Programs\VeraCrypt\docs\html\en\Malware.html (5 KB)
Extracting: D:\Programs\VeraCrypt\docs\html\en\Memory Dump Files.html (4.9 KB)
Extracting: D:\Programs\VeraCrypt\docs\html\en\Miscellaneous.html (2.2 KB)
Extracting: D:\Programs\VeraCrypt\docs\html\en\Modes of Operation.html (9.4 KB)
Extracting: D:\Programs\VeraCrypt\docs\html\en\Monero_Logo_30x30.png (1.1 KB)
Extracting: D:\Programs\VeraCrypt\docs\html\en\Mounting VeraCrypt Volumes.html (4.8 KB)
Extracting: D:\Programs\VeraCrypt\docs\html\en\Multi-User Environment.html (3.6 KB)
Extracting: D:\Programs\VeraCrypt\docs\html\en\Normal Dismount vs Force Dismount.html (4.8 KB)
Extracting: D:\Programs\VeraCrypt\docs\html\en\Notation.html (3.1 KB)
Extracting: D:\Programs\VeraCrypt\docs\html\en\Paging File.html (6.0 KB)
Extracting: D:\Programs\VeraCrypt\docs\html\en\Parallelization.html (3.8 KB)
Extracting: D:\Programs\VeraCrypt\docs\html\en\Personal Iterations Multiplier (PIM).html (7 KB)
Extracting: D:\Programs\VeraCrypt\docs\html\en\Personal Iterations Multiplier (PIM)_VeraCrypt_ChangePIM_Step1.png (17.7 KB)
Extracting: D:\Programs\VeraCrypt\docs\html\en\Personal Iterations Multiplier (PIM)_VeraCrypt_ChangePIM_Step2.png (19.1 KB)
Extracting: D:\Programs\VeraCrypt\docs\html\en\Personal Iterations Multiplier (PIM)_VeraCrypt_ChangePIM_System_Step1.png (12.2 KB)
Extracting: D:\Programs\VeraCrypt\docs\html\en\Personal Iterations Multiplier (PIM)_VeraCrypt_ChangePIM_System_Step2.png (16.4 KB)
Extracting: D:\Programs\VeraCrypt\docs\html\en\Personal Iterations Multiplier (PIM)_VeraCrypt_UsePIM_Step1.png (7.7 KB)
Extracting: D:\Programs\VeraCrypt\docs\html\en\Personal Iterations Multiplier (PIM)_VeraCrypt_UsePIM_Step2.png (11.0 KB)
Extracting: D:\Programs\VeraCrypt\docs\html\en\Physical Security.html (4.3 KB)
Extracting: D:\Programs\VeraCrypt\docs\html\en\Pipelining.html (3.7 KB)
Extracting: D:\Programs\VeraCrypt\docs\html\en\Plausible Deniability.html (6.8 KB)
Extracting: D:\Programs\VeraCrypt\docs\html\en\Portable Mode.html (6.4 KB)
Extracting: D:\Programs\VeraCrypt\docs\html\en\Preface.html (1.9 KB)
Extracting: D:\Programs\VeraCrypt\docs\html\en\Program Menu.html (19.8 KB)
Extracting: D:\Programs\VeraCrypt\docs\html\en\Protection of Hidden Volumes.html (11.8 KB)
Extracting: D:\Programs\VeraCrypt\docs\html\en\Protection of Hidden Volumes_Image_027.jpg (36.4 KB)
Extracting: D:\Programs\VeraCrypt\docs\html\en\Protection of Hidden Volumes_Image_028.jpg (68.2 KB)
Extracting: D:\Programs\VeraCrypt\docs\html\en\Protection of Hidden Volumes_Image_029.jpg (63.3 KB)
Extracting: D:\Programs\VeraCrypt\docs\html\en\Protection of Hidden Volumes_Image_030.jpg (27.8 KB)
Extracting: D:\Programs\VeraCrypt\docs\html\en\Protection of Hidden Volumes_Image_031.jpg (63.2 KB)
Extracting: D:\Programs\VeraCrypt\docs\html\en\Random Number Generator.html (7.6 KB)
Extracting: D:\Programs\VeraCrypt\docs\html\en\Reallocated Sectors.html (3.3 KB)
Extracting: D:\Programs\VeraCrypt\docs\html\en\References.html (19.2 KB)
Extracting: D:\Programs\VeraCrypt\docs\html\en\Release Notes.html (63.0 KB)
Extracting: D:\Programs\VeraCrypt\docs\html\en\Removable Medium Volume.html (4.2 KB)
Extracting: D:\Programs\VeraCrypt\docs\html\en\Removing Encryption.html (5.4 KB)
Extracting: D:\Programs\VeraCrypt\docs\html\en\SHA-256.html (2.3 KB)
Extracting: D:\Programs\VeraCrypt\docs\html\en\SHA-512.html (2.3 KB)
Extracting: D:\Programs\VeraCrypt\docs\html\en\Security Model.html (10.9 KB)
Extracting: D:\Programs\VeraCrypt\docs\html\en\Security Requirements and Precautions.html (7.4 KB)
Extracting: D:\Programs\VeraCrypt\docs\html\en\Security Requirements for Hidden Volumes.html (21.6 KB)
Extracting: D:\Programs\VeraCrypt\docs\html\en\Security Tokens & Smart Cards.html (2.4 KB)
Extracting: D:\Programs\VeraCrypt\docs\html\en\Serpent.html (3.6 KB)
Extracting: D:\Programs\VeraCrypt\docs\html\en\Sharing over Network.html (4.1 KB)
Extracting: D:\Programs\VeraCrypt\docs\html\en\Source Code.html (2.7 KB)
Extracting: D:\Programs\VeraCrypt\docs\html\en\Standard Compliance.html (2.7 KB)
Extracting: D:\Programs\VeraCrypt\docs\html\en\Streebog.html (2.2 KB)
Extracting: D:\Programs\VeraCrypt\docs\html\en\Supported Operating Systems.html (4.1 KB)
Extracting: D:\Programs\VeraCrypt\docs\html\en\Supported Systems for System Encryption.html (3.4 KB)
Extracting: D:\Programs\VeraCrypt\docs\html\en\System Encryption.html (6.9 KB)
Extracting: D:\Programs\VeraCrypt\docs\html\en\System Favorite Volumes.html (7.0 KB)
Extracting: D:\Programs\VeraCrypt\docs\html\en\Technical Details.html (4.7 KB)
Extracting: D:\Programs\VeraCrypt\docs\html\en\Trim Operation.html (3.6 KB)
Extracting: D:\Programs\VeraCrypt\docs\html\en\Troubleshooting.html (41.6 KB)
Extracting: D:\Programs\VeraCrypt\docs\html\en\TrueCrypt Support.html (2.2 KB)
Extracting: D:\Programs\VeraCrypt\docs\html\en\TrueCrypt Support_truecrypt_mode_gui.jpg (35.6 KB)
Extracting: D:\Programs\VeraCrypt\docs\html\en\Twofish.html (2.6 KB)
Extracting: D:\Programs\VeraCrypt\docs\html\en\Unencrypted Data in RAM.html (7.5 KB)
Extracting: D:\Programs\VeraCrypt\docs\html\en\Uninstalling VeraCrypt.html (2.6 KB)
Extracting: D:\Programs\VeraCrypt\docs\html\en\Using VeraCrypt Without Administrator Privileges.html (3.5 KB)
Extracting: D:\Programs\VeraCrypt\docs\html\en\VeraCrypt Background Task.html (3.2 KB)
Extracting: D:\Programs\VeraCrypt\docs\html\en\VeraCrypt Hidden Operating System.html (34.4 KB)
Extracting: D:\Programs\VeraCrypt\docs\html\en\VeraCrypt License.html (46.7 KB)
Extracting: D:\Programs\VeraCrypt\docs\html\en\VeraCrypt Memory Protection.html (6.3 KB)
Extracting: D:\Programs\VeraCrypt\docs\html\en\VeraCrypt RAM Encryption.html (9.3 KB)
Extracting: D:\Programs\VeraCrypt\docs\html\en\VeraCrypt Rescue Disk.html (15.8 KB)
Extracting: D:\Programs\VeraCrypt\docs\html\en\VeraCrypt System Files.html (4.9 KB)
Extracting: D:\Programs\VeraCrypt\docs\html\en\VeraCrypt Volume Format Specification.html (74.9 KB)
Extracting: D:\Programs\VeraCrypt\docs\html\en\VeraCrypt Volume.html (2.5 KB)
Extracting: D:\Programs\VeraCrypt\docs\html\en\VeraCrypt128x128.png (13 KB)
Extracting: D:\Programs\VeraCrypt\docs\html\en\Volume Clones.html (2.5 KB)
Extracting: D:\Programs\VeraCrypt\docs\html\en\Wear-Leveling.html (5.8 KB)
Extracting: D:\Programs\VeraCrypt\docs\html\en\Whirlpool.html (2.8 KB)
Extracting: D:\Programs\VeraCrypt\docs\html\en\arrow_right.gif (49 bytes)
Extracting: D:\Programs\VeraCrypt\docs\html\en\bank_30x30.png (1.9 KB)
Extracting: D:\Programs\VeraCrypt\docs\html\en\flag-au-small.png (1.1 KB)
Extracting: D:\Programs\VeraCrypt\docs\html\en\flag-au.png (1.5 KB)
Extracting: D:\Programs\VeraCrypt\docs\html\en\flag-eu-small.png (935 bytes)
Extracting: D:\Programs\VeraCrypt\docs\html\en\flag-eu.png (1.7 KB)
Extracting: D:\Programs\VeraCrypt\docs\html\en\flag-gb-small.png (1.1 KB)
Extracting: D:\Programs\VeraCrypt\docs\html\en\flag-gb.png (2.0 KB)
Extracting: D:\Programs\VeraCrypt\docs\html\en\flag-nz-small.png (783 bytes)
Extracting: D:\Programs\VeraCrypt\docs\html\en\flag-nz.png (1.5 KB)
Extracting: D:\Programs\VeraCrypt\docs\html\en\flag-us-small.png (1 KB)
Extracting: D:\Programs\VeraCrypt\docs\html\en\flag-us.png (1.1 KB)
Extracting: D:\Programs\VeraCrypt\docs\html\en\flattr-badge-large.png (2.2 KB)
Extracting: D:\Programs\VeraCrypt\docs\html\en\gf2_mul.gif (869 bytes)
Extracting: D:\Programs\VeraCrypt\docs\html\en\liberapay_donate.svg (1.4 KB)
Extracting: D:\Programs\VeraCrypt\docs\html\en\paypal_30x30.png (1.2 KB)
Extracting: D:\Programs\VeraCrypt\docs\html\en\ru\AES.html (5 KB)
Extracting: D:\Programs\VeraCrypt\docs\html\en\ru\Acknowledgements.html (5.3 KB)
Extracting: D:\Programs\VeraCrypt\docs\html\en\ru\Additional Security Requirements and Precautions.html (4 KB)
Extracting: D:\Programs\VeraCrypt\docs\html\en\ru\Authenticity and Integrity.html (4.3 KB)
Extracting: D:\Programs\VeraCrypt\docs\html\en\ru\Authors.html (3.1 KB)
Extracting: D:\Programs\VeraCrypt\docs\html\en\ru\Avoid Third-Party File Extensions.html (7.9 KB)
Extracting: D:\Programs\VeraCrypt\docs\html\en\ru\BCH_Logo_48x30.png (2 KB)
Extracting: D:\Programs\VeraCrypt\docs\html\en\ru\BC_Logo_30x30.png (4 KB)
Extracting: D:\Programs\VeraCrypt\docs\html\en\ru\BLAKE2s-256.html (4.4 KB)
Extracting: D:\Programs\VeraCrypt\docs\html\en\ru\Beginner's Tutorial.html (22.0 KB)
Extracting: D:\Programs\VeraCrypt\docs\html\en\ru\Beginner's Tutorial_Image_001.png (8.6 KB)
Extracting: D:\Programs\VeraCrypt\docs\html\en\ru\Beginner's Tutorial_Image_002.png (63 KB)
Extracting: D:\Programs\VeraCrypt\docs\html\en\ru\Beginner's Tutorial_Image_003.png (60.7 KB)
Extracting: D:\Programs\VeraCrypt\docs\html\en\ru\Beginner's Tutorial_Image_004.png (61.1 KB)
Extracting: D:\Programs\VeraCrypt\docs\html\en\ru\Beginner's Tutorial_Image_005.png (11.4 KB)
Extracting: D:\Programs\VeraCrypt\docs\html\en\ru\Beginner's Tutorial_Image_007.png (61.2 KB)
Extracting: D:\Programs\VeraCrypt\docs\html\en\ru\Beginner's Tutorial_Image_008.png (59.2 KB)
Extracting: D:\Programs\VeraCrypt\docs\html\en\ru\Beginner's Tutorial_Image_009.png (57.6 KB)
Extracting: D:\Programs\VeraCrypt\docs\html\en\ru\Beginner's Tutorial_Image_010.png (59.3 KB)
Extracting: D:\Programs\VeraCrypt\docs\html\en\ru\Beginner's Tutorial_Image_011.png (58.7 KB)
Extracting: D:\Programs\VeraCrypt\docs\html\en\ru\Beginner's Tutorial_Image_012.png (2.1 KB)
Extracting: D:\Programs\VeraCrypt\docs\html\en\ru\Beginner's Tutorial_Image_013.png (55.3 KB)
Extracting: D:\Programs\VeraCrypt\docs\html\en\ru\Beginner's Tutorial_Image_014.png (9.0 KB)
Extracting: D:\Programs\VeraCrypt\docs\html\en\ru\Beginner's Tutorial_Image_015.png (8.8 KB)
Extracting: D:\Programs\VeraCrypt\docs\html\en\ru\Beginner's Tutorial_Image_016.png (12.9 KB)
Extracting: D:\Programs\VeraCrypt\docs\html\en\ru\Beginner's Tutorial_Image_017.png (9.2 KB)
Extracting: D:\Programs\VeraCrypt\docs\html\en\ru\Beginner's Tutorial_Image_018.png (4.8 KB)
Extracting: D:\Programs\VeraCrypt\docs\html\en\ru\Beginner's Tutorial_Image_019.png (5.2 KB)
Extracting: D:\Programs\VeraCrypt\docs\html\en\ru\Beginner's Tutorial_Image_020.png (9.5 KB)
Extracting: D:\Programs\VeraCrypt\docs\html\en\ru\Beginner's Tutorial_Image_021.png (19.4 KB)
Extracting: D:\Programs\VeraCrypt\docs\html\en\ru\Beginner's Tutorial_Image_022.png (9.8 KB)
Extracting: D:\Programs\VeraCrypt\docs\html\en\ru\Beginner's Tutorial_Image_023.png (2.2 KB)
Extracting: D:\Programs\VeraCrypt\docs\html\en\ru\Beginner's Tutorial_Image_024.png (9.8 KB)
Extracting: D:\Programs\VeraCrypt\docs\html\en\ru\Beginner's Tutorial_Image_034.png (5.7 KB)
Extracting: D:\Programs\VeraCrypt\docs\html\en\ru\Camellia.html (3.6 KB)
Extracting: D:\Programs\VeraCrypt\docs\html\en\ru\Cascades.html (15.1 KB)
Extracting: D:\Programs\VeraCrypt\docs\html\en\ru\Changing Passwords and Keyfiles.html (5.8 KB)
Extracting: D:\Programs\VeraCrypt\docs\html\en\ru\Choosing Passwords and Keyfiles.html (6 KB)
Extracting: D:\Programs\VeraCrypt\docs\html\en\ru\Command Line Usage.html (34.3 KB)
Extracting: D:\Programs\VeraCrypt\docs\html\en\ru\CompilingGuidelineLinux.html (10.9 KB)
Extracting: D:\Programs\VeraCrypt\docs\html\en\ru\CompilingGuidelineWin.html (52.9 KB)
Extracting: D:\Programs\VeraCrypt\docs\html\en\ru\CompilingGuidelines.html (3.2 KB)
Extracting: D:\Programs\VeraCrypt\docs\html\en\ru\Contact.html (4 KB)
Extracting: D:\Programs\VeraCrypt\docs\html\en\ru\Contributed Resources.html (4.9 KB)
Extracting: D:\Programs\VeraCrypt\docs\html\en\ru\Converting TrueCrypt volumes and partitions.html (3.6 KB)
Extracting: D:\Programs\VeraCrypt\docs\html\en\ru\Converting TrueCrypt volumes and partitions_truecrypt_convertion.png (8.4 KB)
Extracting: D:\Programs\VeraCrypt\docs\html\en\ru\Creating New Volumes.html (16.8 KB)
Extracting: D:\Programs\VeraCrypt\docs\html\en\ru\Data Leaks.html (9.7 KB)
Extracting: D:\Programs\VeraCrypt\docs\html\en\ru\Default Mount Parameters.html (4.4 KB)
Extracting: D:\Programs\VeraCrypt\docs\html\en\ru\Default Mount Parameters_VeraCrypt_password_using_default_parameters.png (5.2 KB)
Extracting: D:\Programs\VeraCrypt\docs\html\en\ru\Defragmenting.html (4.9 KB)
Extracting: D:\Programs\VeraCrypt\docs\html\en\ru\Digital Signatures.html (12.1 KB)
Extracting: D:\Programs\VeraCrypt\docs\html\en\ru\Disclaimers.html (5.4 KB)
Extracting: D:\Programs\VeraCrypt\docs\html\en\ru\Documentation.html (12.7 KB)
Extracting: D:\Programs\VeraCrypt\docs\html\en\ru\Donation.html (8.3 KB)
Extracting: D:\Programs\VeraCrypt\docs\html\en\ru\Donation_Bank.html (6.8 KB)
Extracting: D:\Programs\VeraCrypt\docs\html\en\ru\Donation_VC_BTC_Sigwit.png (1.4 KB)
Extracting: D:\Programs\VeraCrypt\docs\html\en\ru\Donation_VeraCrypt_BitcoinCash.png (8.6 KB)
Extracting: D:\Programs\VeraCrypt\docs\html\en\ru\Donation_VeraCrypt_Bitcoin_small.png (8.9 KB)
Extracting: D:\Programs\VeraCrypt\docs\html\en\ru\Donation_VeraCrypt_Ethereum.png (9.5 KB)
Extracting: D:\Programs\VeraCrypt\docs\html\en\ru\Donation_VeraCrypt_Litecoin.png (7.4 KB)
Extracting: D:\Programs\VeraCrypt\docs\html\en\ru\Donation_VeraCrypt_Monero.png (6.9 KB)
Extracting: D:\Programs\VeraCrypt\docs\html\en\ru\Donation_donate.gif (1.7 KB)
Extracting: D:\Programs\VeraCrypt\docs\html\en\ru\Donation_donate_CHF.gif (1.7 KB)
Extracting: D:\Programs\VeraCrypt\docs\html\en\ru\Donation_donate_Dollars.gif (1.7 KB)
Extracting: D:\Programs\VeraCrypt\docs\html\en\ru\Donation_donate_Euros.gif (1.7 KB)
Extracting: D:\Programs\VeraCrypt\docs\html\en\ru\Donation_donate_GBP.gif (1.7 KB)
Extracting: D:\Programs\VeraCrypt\docs\html\en\ru\Donation_donate_PLN.gif (2.8 KB)
Extracting: D:\Programs\VeraCrypt\docs\html\en\ru\Donation_donate_YEN.gif (1.7 KB)
Extracting: D:\Programs\VeraCrypt\docs\html\en\ru\EMV Smart Cards.html (4.7 KB)
Extracting: D:\Programs\VeraCrypt\docs\html\en\ru\Encryption Algorithms.html (30.6 KB)
Extracting: D:\Programs\VeraCrypt\docs\html\en\ru\Encryption Scheme.html (12.8 KB)
Extracting: D:\Programs\VeraCrypt\docs\html\en\ru\Ethereum_Logo_19x30.png (891 bytes)
Extracting: D:\Programs\VeraCrypt\docs\html\en\ru\FAQ.html (112.2 KB)
Extracting: D:\Programs\VeraCrypt\docs\html\en\ru\Favorite Volumes.html (14 KB)
Extracting: D:\Programs\VeraCrypt\docs\html\en\ru\Hardware Acceleration.html (9.2 KB)
Extracting: D:\Programs\VeraCrypt\docs\html\en\ru\Hash Algorithms.html (5.3 KB)
Extracting: D:\Programs\VeraCrypt\docs\html\en\ru\Header Key Derivation.html (11.3 KB)
Extracting: D:\Programs\VeraCrypt\docs\html\en\ru\Hibernation File.html (9.3 KB)
Extracting: D:\Programs\VeraCrypt\docs\html\en\ru\Hidden Operating System.html (4 KB)
Extracting: D:\Programs\VeraCrypt\docs\html\en\ru\Hidden Volume.html (14.3 KB)
Extracting: D:\Programs\VeraCrypt\docs\html\en\ru\Home_VeraCrypt_Default_Mount_Parameters.png (2.1 KB)
Extracting: D:\Programs\VeraCrypt\docs\html\en\ru\Home_VeraCrypt_menu_Default_Mount_Parameters.png (4.8 KB)
Extracting: D:\Programs\VeraCrypt\docs\html\en\ru\Home_facebook_veracrypt.png (868 bytes)
Extracting: D:\Programs\VeraCrypt\docs\html\en\ru\Home_reddit.png (1.4 KB)
Extracting: D:\Programs\VeraCrypt\docs\html\en\ru\Home_utilities-file-archiver-3.png (2.1 KB)
Extracting: D:\Programs\VeraCrypt\docs\html\en\ru\Hot Keys.html (2.8 KB)
Extracting: D:\Programs\VeraCrypt\docs\html\en\ru\How to Back Up Securely.html (15.7 KB)
Extracting: D:\Programs\VeraCrypt\docs\html\en\ru\Incompatibilities.html (9.5 KB)
Extracting: D:\Programs\VeraCrypt\docs\html\en\ru\Introduction.html (8.1 KB)
Extracting: D:\Programs\VeraCrypt\docs\html\en\ru\Issues and Limitations.html (23.5 KB)
Extracting: D:\Programs\VeraCrypt\docs\html\en\ru\Journaling File Systems.html (5.0 KB)
Extracting: D:\Programs\VeraCrypt\docs\html\en\ru\Keyfiles in VeraCrypt.html (38.6 KB)
Extracting: D:\Programs\VeraCrypt\docs\html\en\ru\Keyfiles in VeraCrypt_Image_040.png (5.0 KB)
Extracting: D:\Programs\VeraCrypt\docs\html\en\ru\Keyfiles.html (10.6 KB)
Extracting: D:\Programs\VeraCrypt\docs\html\en\ru\Kuznyechik.html (3.6 KB)
Extracting: D:\Programs\VeraCrypt\docs\html\en\ru\LTC_Logo_30x30.png (1.8 KB)
Extracting: D:\Programs\VeraCrypt\docs\html\en\ru\Language Packs.html (4.1 KB)
Extracting: D:\Programs\VeraCrypt\docs\html\en\ru\Legal Information.html (4.3 KB)
Extracting: D:\Programs\VeraCrypt\docs\html\en\ru\Main Program Window.html (15.5 KB)
Extracting: D:\Programs\VeraCrypt\docs\html\en\ru\Malware.html (7.8 KB)
Extracting: D:\Programs\VeraCrypt\docs\html\en\ru\Memory Dump Files.html (7.1 KB)
Extracting: D:\Programs\VeraCrypt\docs\html\en\ru\Miscellaneous.html (3 KB)
Extracting: D:\Programs\VeraCrypt\docs\html\en\ru\Modes of Operation.html (11.2 KB)
Extracting: D:\Programs\VeraCrypt\docs\html\en\ru\Monero_Logo_30x30.png (1.1 KB)
Extracting: D:\Programs\VeraCrypt\docs\html\en\ru\Mounting VeraCrypt Volumes.html (7.6 KB)
Extracting: D:\Programs\VeraCrypt\docs\html\en\ru\Multi-User Environment.html (5.7 KB)
Extracting: D:\Programs\VeraCrypt\docs\html\en\ru\Normal Dismount vs Force Dismount.html (8.5 KB)
Extracting: D:\Programs\VeraCrypt\docs\html\en\ru\Notation.html (4.4 KB)
Extracting: D:\Programs\VeraCrypt\docs\html\en\ru\Paging File.html (8.7 KB)
Extracting: D:\Programs\VeraCrypt\docs\html\en\ru\Parallelization.html (5.9 KB)
Extracting: D:\Programs\VeraCrypt\docs\html\en\ru\Personal Iterations Multiplier (PIM).html (10.7 KB)
Extracting: D:\Programs\VeraCrypt\docs\html\en\ru\Personal Iterations Multiplier (PIM)_VeraCrypt_ChangePIM_Step1.png (8.4 KB)
Extracting: D:\Programs\VeraCrypt\docs\html\en\ru\Personal Iterations Multiplier (PIM)_VeraCrypt_ChangePIM_Step2.png (8.6 KB)
Extracting: D:\Programs\VeraCrypt\docs\html\en\ru\Personal Iterations Multiplier (PIM)_VeraCrypt_ChangePIM_System_Step1.png (9 KB)
Extracting: D:\Programs\VeraCrypt\docs\html\en\ru\Personal Iterations Multiplier (PIM)_VeraCrypt_ChangePIM_System_Step2.png (9.3 KB)
Extracting: D:\Programs\VeraCrypt\docs\html\en\ru\Personal Iterations Multiplier (PIM)_VeraCrypt_UsePIM_Step1.png (5.9 KB)
Extracting: D:\Programs\VeraCrypt\docs\html\en\ru\Personal Iterations Multiplier (PIM)_VeraCrypt_UsePIM_Step2.png (6.7 KB)
Extracting: D:\Programs\VeraCrypt\docs\html\en\ru\Physical Security.html (6.7 KB)
Extracting: D:\Programs\VeraCrypt\docs\html\en\ru\Pipelining.html (5.7 KB)
Extracting: D:\Programs\VeraCrypt\docs\html\en\ru\Plausible Deniability.html (9.9 KB)
Extracting: D:\Programs\VeraCrypt\docs\html\en\ru\Portable Mode.html (10.1 KB)
Extracting: D:\Programs\VeraCrypt\docs\html\en\ru\Preface.html (2.8 KB)
Extracting: D:\Programs\VeraCrypt\docs\html\en\ru\Program Menu.html (34.5 KB)
Extracting: D:\Programs\VeraCrypt\docs\html\en\ru\Protection of Hidden Volumes.html (15.8 KB)
Extracting: D:\Programs\VeraCrypt\docs\html\en\ru\Protection of Hidden Volumes_Image_027.png (5.5 KB)
Extracting: D:\Programs\VeraCrypt\docs\html\en\ru\Protection of Hidden Volumes_Image_028.png (9.4 KB)
Extracting: D:\Programs\VeraCrypt\docs\html\en\ru\Protection of Hidden Volumes_Image_029.png (10.7 KB)
Extracting: D:\Programs\VeraCrypt\docs\html\en\ru\Protection of Hidden Volumes_Image_030.png (6 KB)
Extracting: D:\Programs\VeraCrypt\docs\html\en\ru\Protection of Hidden Volumes_Image_031.png (9.2 KB)
Extracting: D:\Programs\VeraCrypt\docs\html\en\ru\Random Number Generator.html (12 KB)
Extracting: D:\Programs\VeraCrypt\docs\html\en\ru\Reallocated Sectors.html (5.5 KB)
Extracting: D:\Programs\VeraCrypt\docs\html\en\ru\References.html (20.3 KB)
Extracting: D:\Programs\VeraCrypt\docs\html\en\ru\Release Notes.html (116.5 KB)
Extracting: D:\Programs\VeraCrypt\docs\html\en\ru\Removable Medium Volume.html (6.3 KB)
Extracting: D:\Programs\VeraCrypt\docs\html\en\ru\Removing Encryption.html (8.3 KB)
Extracting: D:\Programs\VeraCrypt\docs\html\en\ru\SHA-256.html (3.2 KB)
Extracting: D:\Programs\VeraCrypt\docs\html\en\ru\SHA-512.html (3.2 KB)
Extracting: D:\Programs\VeraCrypt\docs\html\en\ru\Security Model.html (19.2 KB)
Extracting: D:\Programs\VeraCrypt\docs\html\en\ru\Security Requirements and Precautions.html (9 KB)
Extracting: D:\Programs\VeraCrypt\docs\html\en\ru\Security Requirements for Hidden Volumes.html (34.4 KB)
Extracting: D:\Programs\VeraCrypt\docs\html\en\ru\Security Tokens & Smart Cards.html (3.4 KB)
Extracting: D:\Programs\VeraCrypt\docs\html\en\ru\Serpent.html (5.5 KB)
Extracting: D:\Programs\VeraCrypt\docs\html\en\ru\Sharing over Network.html (6.4 KB)
Extracting: D:\Programs\VeraCrypt\docs\html\en\ru\Source Code.html (3.6 KB)
Extracting: D:\Programs\VeraCrypt\docs\html\en\ru\Standard Compliance.html (3.6 KB)
Extracting: D:\Programs\VeraCrypt\docs\html\en\ru\Streebog.html (3.3 KB)
Extracting: D:\Programs\VeraCrypt\docs\html\en\ru\Supported Operating Systems.html (5.2 KB)
Extracting: D:\Programs\VeraCrypt\docs\html\en\ru\Supported Systems for System Encryption.html (4.4 KB)
Extracting: D:\Programs\VeraCrypt\docs\html\en\ru\System Encryption.html (10.9 KB)
Extracting: D:\Programs\VeraCrypt\docs\html\en\ru\System Favorite Volumes.html (11.3 KB)
Extracting: D:\Programs\VeraCrypt\docs\html\en\ru\Technical Details.html (5.7 KB)
Extracting: D:\Programs\VeraCrypt\docs\html\en\ru\Trim Operation.html (5.3 KB)
Extracting: D:\Programs\VeraCrypt\docs\html\en\ru\Troubleshooting.html (55.4 KB)
Extracting: D:\Programs\VeraCrypt\docs\html\en\ru\TrueCrypt Support.html (3.1 KB)
Extracting: D:\Programs\VeraCrypt\docs\html\en\ru\TrueCrypt Support_truecrypt_mode_gui.png (5.2 KB)
Extracting: D:\Programs\VeraCrypt\docs\html\en\ru\Twofish.html (3.8 KB)
Extracting: D:\Programs\VeraCrypt\docs\html\en\ru\Unencrypted Data in RAM.html (12.3 KB)
Extracting: D:\Programs\VeraCrypt\docs\html\en\ru\Uninstalling VeraCrypt.html (3.6 KB)
Extracting: D:\Programs\VeraCrypt\docs\html\en\ru\Using VeraCrypt Without Administrator Privileges.html (5.5 KB)
Extracting: D:\Programs\VeraCrypt\docs\html\en\ru\VeraCrypt Background Task.html (4.9 KB)
Extracting: D:\Programs\VeraCrypt\docs\html\en\ru\VeraCrypt Hidden Operating System.html (53.6 KB)
Extracting: D:\Programs\VeraCrypt\docs\html\en\ru\VeraCrypt License.html (48.9 KB)
Extracting: D:\Programs\VeraCrypt\docs\html\en\ru\VeraCrypt Rescue Disk.html (24.3 KB)
Extracting: D:\Programs\VeraCrypt\docs\html\en\ru\VeraCrypt System Files.html (7.4 KB)
Extracting: D:\Programs\VeraCrypt\docs\html\en\ru\VeraCrypt Volume Format Specification.html (80.5 KB)
Extracting: D:\Programs\VeraCrypt\docs\html\en\ru\VeraCrypt Volume.html (3.8 KB)
Extracting: D:\Programs\VeraCrypt\docs\html\en\ru\VeraCrypt128x128.png (13 KB)
Extracting: D:\Programs\VeraCrypt\docs\html\en\ru\Volume Clones.html (3.9 KB)
Extracting: D:\Programs\VeraCrypt\docs\html\en\ru\Wear-Leveling.html (9.6 KB)
Extracting: D:\Programs\VeraCrypt\docs\html\en\ru\Whirlpool.html (3.8 KB)
Extracting: D:\Programs\VeraCrypt\docs\html\en\ru\arrow_right.gif (49 bytes)
Extracting: D:\Programs\VeraCrypt\docs\html\en\ru\bank_30x30.png (1.9 KB)
Extracting: D:\Programs\VeraCrypt\docs\html\en\ru\flag-au-small.png (1.1 KB)
Extracting: D:\Programs\VeraCrypt\docs\html\en\ru\flag-au.png (1.5 KB)
Extracting: D:\Programs\VeraCrypt\docs\html\en\ru\flag-eu-small.png (935 bytes)
Extracting: D:\Programs\VeraCrypt\docs\html\en\ru\flag-eu.png (1.7 KB)
Extracting: D:\Programs\VeraCrypt\docs\html\en\ru\flag-gb-small.png (1.1 KB)
Extracting: D:\Programs\VeraCrypt\docs\html\en\ru\flag-gb.png (2.0 KB)
Extracting: D:\Programs\VeraCrypt\docs\html\en\ru\flag-nz-small.png (783 bytes)
Extracting: D:\Programs\VeraCrypt\docs\html\en\ru\flag-nz.png (1.5 KB)
Extracting: D:\Programs\VeraCrypt\docs\html\en\ru\flag-us-small.png (1 KB)
Extracting: D:\Programs\VeraCrypt\docs\html\en\ru\flag-us.png (1.1 KB)
Extracting: D:\Programs\VeraCrypt\docs\html\en\ru\flattr-badge-large.png (2.2 KB)
Extracting: D:\Programs\VeraCrypt\docs\html\en\ru\gf2_mul.gif (869 bytes)
Extracting: D:\Programs\VeraCrypt\docs\html\en\ru\liberapay_donate.svg (1.4 KB)
Extracting: D:\Programs\VeraCrypt\docs\html\en\ru\paypal_30x30.png (1.2 KB)
Extracting: D:\Programs\VeraCrypt\docs\html\en\ru\styles.css (454 bytes)
Extracting: D:\Programs\VeraCrypt\docs\html\en\ru\twitter_veracrypt.PNG (2.3 KB)
Extracting: D:\Programs\VeraCrypt\docs\html\en\styles.css (454 bytes)
Extracting: D:\Programs\VeraCrypt\docs\html\en\twitter_veracrypt.PNG (2.3 KB)
Extracting: D:\Programs\VeraCrypt\veracrypt-arm64.cat (11.5 KB)
Extracting: D:\Programs\VeraCrypt\veracrypt-arm64.sys (427.6 KB)
Extracting: D:\Programs\VeraCrypt\veracrypt-x64.cat (11.6 KB)
Extracting: D:\Programs\VeraCrypt\veracrypt-x64.sys (794.1 KB)
Extracting: D:\Programs\VeraCrypt\veracrypt.cat (11.5 KB)
Extracting: D:\Programs\VeraCrypt\veracrypt.inf (2.3 KB)
Extracting: D:\Programs\VeraCrypt\veracrypt.sys (778 KB)
Extracting: D:\Programs\Victoria.lnk (950 bytes)
Extracting: D:\Programs\WesternDigital\WinDlg.exe (854.2 KB)
Extracting: D:\Programs\WesternDigital\help.htm (16.2 KB)
Extracting: D:\Programs\WesternDigital\smart.htm (17.8 KB)
Extracting: D:\Programs\WesternDigital\wdclogo.gif (1.9 KB)
Extracting: D:\Programs\WinMerge\COPYING (17.9 KB)
Extracting: D:\Programs\WinMerge\ColorSchemes\Default.ini (3.2 KB)
Extracting: D:\Programs\WinMerge\ColorSchemes\Midnight.ini (4.3 KB)
Extracting: D:\Programs\WinMerge\ColorSchemes\Modern.ini (3.2 KB)
Extracting: D:\Programs\WinMerge\ColorSchemes\Solarized Dark.ini (4.4 KB)
Extracting: D:\Programs\WinMerge\ColorSchemes\Solarized Light.ini (4.4 KB)
Extracting: D:\Programs\WinMerge\Commands\Apache-Tika\LICENSE-2.0.txt (11.3 KB)
Extracting: D:\Programs\WinMerge\Commands\Apache-Tika\URL.txt (172 bytes)
Extracting: D:\Programs\WinMerge\Commands\Apache-Tika\tika.bat (1.4 KB)
Extracting: D:\Programs\WinMerge\Commands\DownloadFiles.bat (591 bytes)
Extracting: D:\Programs\WinMerge\Commands\Java\LICENSE.txt (19.2 KB)
Extracting: D:\Programs\WinMerge\Commands\Java\URL.txt (192 bytes)
Extracting: D:\Programs\WinMerge\Commands\Java\java.bat (1.7 KB)
Extracting: D:\Programs\WinMerge\Commands\PlantUML\URL.txt (184 bytes)
Extracting: D:\Programs\WinMerge\Commands\PlantUML\license.txt (2.2 KB)
Extracting: D:\Programs\WinMerge\Commands\PlantUML\plantuml.bat (1.7 KB)
Extracting: D:\Programs\WinMerge\Commands\dumpbin\dumpbin.bat (1 KB)
Extracting: D:\Programs\WinMerge\Commands\ildasm\ildasm.bat (1 KB)
Extracting: D:\Programs\WinMerge\Commands\jq\COPYING (5.9 KB)
Extracting: D:\Programs\WinMerge\Commands\jq\jq.exe (1003.5 KB)
Extracting: D:\Programs\WinMerge\Commands\md4c\LICENSE.md (1.1 KB)
Extracting: D:\Programs\WinMerge\Commands\md4c\libmd4c-html.dll (106.0 KB)
Extracting: D:\Programs\WinMerge\Commands\md4c\libmd4c.dll (85.4 KB)
Extracting: D:\Programs\WinMerge\Commands\md4c\md2html.bat (295 bytes)
Extracting: D:\Programs\WinMerge\Commands\md4c\md2html.exe (55.6 KB)
Extracting: D:\Programs\WinMerge\Commands\msys2\usr\bin\msys-2.0.dll (3.2 MB)
Extracting: D:\Programs\WinMerge\Commands\msys2\usr\bin\msys-gcc_s-1.dll (100.7 KB)
Extracting: D:\Programs\WinMerge\Commands\msys2\usr\bin\patch.exe (202.4 KB)
Extracting: D:\Programs\WinMerge\Commands\msys2\usr\share\cygwin\cygwin.ldif (6 KB)
Extracting: D:\Programs\WinMerge\Commands\msys2\usr\share\doc\Msys\COPYING (34.3 KB)
Extracting: D:\Programs\WinMerge\Commands\msys2\usr\share\doc\Msys\CYGWIN_LICENSE (1.4 KB)
Extracting: D:\Programs\WinMerge\Commands\msys2\usr\share\doc\Msys\cygserver.README (7.9 KB)
Extracting: D:\Programs\WinMerge\Commands\msys2\usr\share\info\libgomp.info.gz (46.7 KB)
Extracting: D:\Programs\WinMerge\Commands\msys2\usr\share\info\libquadmath.info.gz (11.2 KB)
Extracting: D:\Programs\WinMerge\Commands\msys2\usr\share\licenses\gcc-libs\RUNTIME.LIBRARY.EXCEPTION (3.2 KB)
Extracting: D:\Programs\WinMerge\Commands\msys2\usr\share\man\man1\patch.1.gz (11.6 KB)
Extracting: D:\Programs\WinMerge\Commands\msys2\usr\share\man\man3\regex.3.gz (6.3 KB)
Extracting: D:\Programs\WinMerge\Commands\msys2\usr\share\man\man7\regex.7.gz (4.6 KB)
Extracting: D:\Programs\WinMerge\Commands\q\LICENSE.txt (35.0 KB)
Extracting: D:\Programs\WinMerge\Commands\q\URL.txt (134 bytes)
Extracting: D:\Programs\WinMerge\Commands\q\q.bat (1.5 KB)
Extracting: D:\Programs\WinMerge\Commands\tidy-html5\LICENSE.md (2.0 KB)
Extracting: D:\Programs\WinMerge\Commands\tidy-html5\tidy.dll (641 KB)
Extracting: D:\Programs\WinMerge\Commands\tidy-html5\tidy.exe (628 KB)
Extracting: D:\Programs\WinMerge\Commands\yq\LICENSE.txt (1 KB)
Extracting: D:\Programs\WinMerge\Commands\yq\URL.txt (141 bytes)
Extracting: D:\Programs\WinMerge\Commands\yq\yq.bat (1.2 KB)
Extracting: D:\Programs\WinMerge\Contributors.txt (8.8 KB)
Extracting: D:\Programs\WinMerge\Docs\ChangeLog.html (175.3 KB)
Extracting: D:\Programs\WinMerge\Docs\ReadMe-Arabic.txt (2.2 KB)
Extracting: D:\Programs\WinMerge\Docs\ReadMe-Basque.txt (2.3 KB)
Extracting: D:\Programs\WinMerge\Docs\ReadMe-Brazilian.txt (2.4 KB)
Extracting: D:\Programs\WinMerge\Docs\ReadMe-Bulgarian.txt (1.9 KB)
Extracting: D:\Programs\WinMerge\Docs\ReadMe-Catalan.txt (2 KB)
Extracting: D:\Programs\WinMerge\Docs\ReadMe-ChineseSimplified.txt (1.5 KB)
Extracting: D:\Programs\WinMerge\Docs\ReadMe-ChineseTraditional.txt (1.5 KB)
Extracting: D:\Programs\WinMerge\Docs\ReadMe-Corsican.txt (2.6 KB)
Extracting: D:\Programs\WinMerge\Docs\ReadMe-Croatian.txt (2 KB)
Extracting: D:\Programs\WinMerge\Docs\ReadMe-Czech.txt (2.2 KB)
Extracting: D:\Programs\WinMerge\Docs\ReadMe-Danish.txt (2.2 KB)
Extracting: D:\Programs\WinMerge\Docs\ReadMe-Dutch.txt (2.4 KB)
Extracting: D:\Programs\WinMerge\Docs\ReadMe-Finnish.txt (2.1 KB)
Extracting: D:\Programs\WinMerge\Docs\ReadMe-French.txt (2.6 KB)
Extracting: D:\Programs\WinMerge\Docs\ReadMe-Galician.txt (2.5 KB)
Extracting: D:\Programs\WinMerge\Docs\ReadMe-German.txt (2.4 KB)
Extracting: D:\Programs\WinMerge\Docs\ReadMe-Greek.txt (2.9 KB)
Extracting: D:\Programs\WinMerge\Docs\ReadMe-Hungarian.txt (2.2 KB)
Extracting: D:\Programs\WinMerge\Docs\ReadMe-Italian.txt (2.5 KB)
Extracting: D:\Programs\WinMerge\Docs\ReadMe-Japanese.txt (2.0 KB)
Extracting: D:\Programs\WinMerge\Docs\ReadMe-Korean.txt (1.9 KB)
Extracting: D:\Programs\WinMerge\Docs\ReadMe-Lithuanian.txt (2.4 KB)
Extracting: D:\Programs\WinMerge\Docs\ReadMe-Norwegian.txt (2.2 KB)
Extracting: D:\Programs\WinMerge\Docs\ReadMe-Persian.txt (2.2 KB)
Extracting: D:\Programs\WinMerge\Docs\ReadMe-Polish.txt (2.2 KB)
Extracting: D:\Programs\WinMerge\Docs\ReadMe-Portuguese.txt (1.9 KB)
Extracting: D:\Programs\WinMerge\Docs\ReadMe-Romanian.txt (2 KB)
Extracting: D:\Programs\WinMerge\Docs\ReadMe-Russian.txt (2.4 KB)
Extracting: D:\Programs\WinMerge\Docs\ReadMe-Serbian.txt (2.0 KB)
Extracting: D:\Programs\WinMerge\Docs\ReadMe-Sinhala.txt (2.0 KB)
Extracting: D:\Programs\WinMerge\Docs\ReadMe-Slovak.txt (2.3 KB)
Extracting: D:\Programs\WinMerge\Docs\ReadMe-Slovenian.txt (2.4 KB)
Extracting: D:\Programs\WinMerge\Docs\ReadMe-Spanish.txt (2.6 KB)
Extracting: D:\Programs\WinMerge\Docs\ReadMe-Swedish.txt (2.5 KB)
Extracting: D:\Programs\WinMerge\Docs\ReadMe-Tamil.txt (2.0 KB)
Extracting: D:\Programs\WinMerge\Docs\ReadMe-Turkish.txt (2.5 KB)
Extracting: D:\Programs\WinMerge\Docs\ReadMe-Ukrainian.txt (1.7 KB)
Extracting: D:\Programs\WinMerge\Docs\ReleaseNotes.html (18.9 KB)
Extracting: D:\Programs\WinMerge\Docs\WinMerge.chm (828.9 KB)
Extracting: D:\Programs\WinMerge\Docs\WinMergeJapanese.chm (883.4 KB)
Extracting: D:\Programs\WinMerge\Filters\ADAMulti.flt (914 bytes)
Extracting: D:\Programs\WinMerge\Filters\ASPNET.flt (814 bytes)
Extracting: D:\Programs\WinMerge\Filters\CSharp_loose.flt (1.3 KB)
Extracting: D:\Programs\WinMerge\Filters\Delphi.flt (1.2 KB)
Extracting: D:\Programs\WinMerge\Filters\FileFilter.tmpl (699 bytes)
Extracting: D:\Programs\WinMerge\Filters\Frontpage.flt (898 bytes)
Extracting: D:\Programs\WinMerge\Filters\MASM.flt (631 bytes)
Extracting: D:\Programs\WinMerge\Filters\Merge_GnuC_loose.flt (737 bytes)
Extracting: D:\Programs\WinMerge\Filters\Merge_VB_loose.flt (945 bytes)
Extracting: D:\Programs\WinMerge\Filters\Merge_VC_loose.flt (1.9 KB)
Extracting: D:\Programs\WinMerge\Filters\SourceControl.flt (959 bytes)
Extracting: D:\Programs\WinMerge\Filters\Symbian.flt (1.6 KB)
Extracting: D:\Programs\WinMerge\Filters\XML_html.flt (679 bytes)
Extracting: D:\Programs\WinMerge\Frhed\Docs\ChangeLog.txt (9.8 KB)
Extracting: D:\Programs\WinMerge\Frhed\Docs\Contributors.txt (1.6 KB)
Extracting: D:\Programs\WinMerge\Frhed\Docs\History.txt (19.5 KB)
Extracting: D:\Programs\WinMerge\Frhed\Docs\Links.txt (154 bytes)
Extracting: D:\Programs\WinMerge\Frhed\Docs\Sample.tpl (45 bytes)
Extracting: D:\Programs\WinMerge\Frhed\GPL.txt (17.9 KB)
Extracting: D:\Programs\WinMerge\Frhed\Languages\de.po (57.6 KB)
Extracting: D:\Programs\WinMerge\Frhed\Languages\fr.po (58.3 KB)
Extracting: D:\Programs\WinMerge\Frhed\Languages\gl.po (57.4 KB)
Extracting: D:\Programs\WinMerge\Frhed\Languages\heksedit.lng (94.6 KB)
Extracting: D:\Programs\WinMerge\Frhed\Languages\ja.po (63.0 KB)
Extracting: D:\Programs\WinMerge\Frhed\Languages\nl.po (56.6 KB)
Extracting: D:\Programs\WinMerge\Frhed\Languages\pl.po (54.3 KB)
Extracting: D:\Programs\WinMerge\Frhed\Languages\sk.po (58.1 KB)
Extracting: D:\Programs\WinMerge\Frhed\Languages\sl.po (57.1 KB)
Extracting: D:\Programs\WinMerge\Frhed\hekseditU.dll (415.1 KB)
Extracting: D:\Programs\WinMerge\Languages\Arabic.po (98.8 KB)
Extracting: D:\Programs\WinMerge\Languages\Basque.po (86.6 KB)
Extracting: D:\Programs\WinMerge\Languages\Brazilian.po (102.2 KB)
Extracting: D:\Programs\WinMerge\Languages\Bulgarian.po (111.0 KB)
Extracting: D:\Programs\WinMerge\Languages\Catalan.po (107.0 KB)
Extracting: D:\Programs\WinMerge\Languages\ChineseSimplified.po (95.9 KB)
Extracting: D:\Programs\WinMerge\Languages\ChineseTraditional.po (104.5 KB)
Extracting: D:\Programs\WinMerge\Languages\Corsican.po (107.7 KB)
Extracting: D:\Programs\WinMerge\Languages\Croatian.po (84.8 KB)
Extracting: D:\Programs\WinMerge\Languages\Czech.po (85.6 KB)
Extracting: D:\Programs\WinMerge\Languages\Danish.po (84.9 KB)
Extracting: D:\Programs\WinMerge\Languages\Dutch.po (99.3 KB)
Extracting: D:\Programs\WinMerge\Languages\Finnish.po (94.9 KB)
Extracting: D:\Programs\WinMerge\Languages\French.po (114.8 KB)
Extracting: D:\Programs\WinMerge\Languages\Galician.po (102.2 KB)
Extracting: D:\Programs\WinMerge\Languages\German.po (108.3 KB)
Extracting: D:\Programs\WinMerge\Languages\Greek.po (102.3 KB)
Extracting: D:\Programs\WinMerge\Languages\Hungarian.po (110.7 KB)
Extracting: D:\Programs\WinMerge\Languages\Italian.po (91.1 KB)
Extracting: D:\Programs\WinMerge\Languages\Japanese.po (111.7 KB)
Extracting: D:\Programs\WinMerge\Languages\Korean.po (111.9 KB)
Extracting: D:\Programs\WinMerge\Languages\Lithuanian.po (97 KB)
Extracting: D:\Programs\WinMerge\Languages\Norwegian.po (79.6 KB)
Extracting: D:\Programs\WinMerge\Languages\Persian.po (98.5 KB)
Extracting: D:\Programs\WinMerge\Languages\Polish.po (98 KB)
Extracting: D:\Programs\WinMerge\Languages\Portuguese.po (102.9 KB)
Extracting: D:\Programs\WinMerge\Languages\Romanian.po (103.3 KB)
Extracting: D:\Programs\WinMerge\Languages\Russian.po (119.5 KB)
Extracting: D:\Programs\WinMerge\Languages\Serbian.po (95.2 KB)
Extracting: D:\Programs\WinMerge\Languages\ShellExtension\Arabic.po (1.4 KB)
Extracting: D:\Programs\WinMerge\Languages\ShellExtension\Basque.po (1.5 KB)
Extracting: D:\Programs\WinMerge\Languages\ShellExtension\Brazilian.po (1.6 KB)
Extracting: D:\Programs\WinMerge\Languages\ShellExtension\Bulgarian.po (1.5 KB)
Extracting: D:\Programs\WinMerge\Languages\ShellExtension\Catalan.po (1.6 KB)
Extracting: D:\Programs\WinMerge\Languages\ShellExtension\ChineseSimplified.po (1.7 KB)
Extracting: D:\Programs\WinMerge\Languages\ShellExtension\ChineseTraditional.po (1.6 KB)
Extracting: D:\Programs\WinMerge\Languages\ShellExtension\Corsican.po (1.9 KB)
Extracting: D:\Programs\WinMerge\Languages\ShellExtension\Croatian.po (1.5 KB)
Extracting: D:\Programs\WinMerge\Languages\ShellExtension\Czech.po (1.4 KB)
Extracting: D:\Programs\WinMerge\Languages\ShellExtension\Danish.po (1.5 KB)
Extracting: D:\Programs\WinMerge\Languages\ShellExtension\Dutch.po (1.7 KB)
Extracting: D:\Programs\WinMerge\Languages\ShellExtension\Finnish.po (1.4 KB)
Extracting: D:\Programs\WinMerge\Languages\ShellExtension\French.po (1.7 KB)
Extracting: D:\Programs\WinMerge\Languages\ShellExtension\Galician.po (1.6 KB)
Extracting: D:\Programs\WinMerge\Languages\ShellExtension\German.po (1.6 KB)
Extracting: D:\Programs\WinMerge\Languages\ShellExtension\Greek.po (1.5 KB)
Extracting: D:\Programs\WinMerge\Languages\ShellExtension\Hungarian.po (1.6 KB)
Extracting: D:\Programs\WinMerge\Languages\ShellExtension\Italian.po (1.4 KB)
Extracting: D:\Programs\WinMerge\Languages\ShellExtension\Japanese.po (1.6 KB)
Extracting: D:\Programs\WinMerge\Languages\ShellExtension\Korean.po (1.6 KB)
Extracting: D:\Programs\WinMerge\Languages\ShellExtension\Lithuanian.po (1.7 KB)
Extracting: D:\Programs\WinMerge\Languages\ShellExtension\Norwegian.po (1.4 KB)
Extracting: D:\Programs\WinMerge\Languages\ShellExtension\Persian.po (1.5 KB)
Extracting: D:\Programs\WinMerge\Languages\ShellExtension\Polish.po (1.6 KB)
Extracting: D:\Programs\WinMerge\Languages\ShellExtension\Portuguese.po (1.7 KB)
Extracting: D:\Programs\WinMerge\Languages\ShellExtension\Romanian.po (1.7 KB)
Extracting: D:\Programs\WinMerge\Languages\ShellExtension\Russian.po (1.7 KB)
Extracting: D:\Programs\WinMerge\Languages\ShellExtension\Serbian.po (1.5 KB)
Extracting: D:\Programs\WinMerge\Languages\ShellExtension\Sinhala.po (1.4 KB)
Extracting: D:\Programs\WinMerge\Languages\ShellExtension\Slovak.po (1.4 KB)
Extracting: D:\Programs\WinMerge\Languages\ShellExtension\Slovenian.po (1.7 KB)
Extracting: D:\Programs\WinMerge\Languages\ShellExtension\Spanish.po (1.6 KB)
Extracting: D:\Programs\WinMerge\Languages\ShellExtension\Swedish.po (1.5 KB)
Extracting: D:\Programs\WinMerge\Languages\ShellExtension\Tamil.po (1.9 KB)
Extracting: D:\Programs\WinMerge\Languages\ShellExtension\Turkish.po (1.7 KB)
Extracting: D:\Programs\WinMerge\Languages\ShellExtension\Ukrainian.po (1.6 KB)
Extracting: D:\Programs\WinMerge\Languages\Sinhala.po (96.8 KB)
Extracting: D:\Programs\WinMerge\Languages\Slovak.po (97.6 KB)
Extracting: D:\Programs\WinMerge\Languages\Slovenian.po (98.8 KB)
Extracting: D:\Programs\WinMerge\Languages\Spanish.po (103.4 KB)
Extracting: D:\Programs\WinMerge\Languages\Swedish.po (97 KB)
Extracting: D:\Programs\WinMerge\Languages\Tamil.po (156.2 KB)
Extracting: D:\Programs\WinMerge\Languages\Turkish.po (101.3 KB)
Extracting: D:\Programs\WinMerge\Languages\Ukrainian.po (100.3 KB)
Extracting: D:\Programs\WinMerge\Merge7z\7z.dll (1.8 MB)
Extracting: D:\Programs\WinMerge\Merge7z\History.txt (56.9 KB)
Extracting: D:\Programs\WinMerge\Merge7z\Lang\af.txt (4.9 KB)
Extracting: D:\Programs\WinMerge\Merge7z\Lang\an.txt (7.6 KB)
Extracting: D:\Programs\WinMerge\Merge7z\Lang\ar.txt (12.5 KB)
Extracting: D:\Programs\WinMerge\Merge7z\Lang\ast.txt (5.2 KB)
Extracting: D:\Programs\WinMerge\Merge7z\Lang\az.txt (9.4 KB)
Extracting: D:\Programs\WinMerge\Merge7z\Lang\ba.txt (11.0 KB)
Extracting: D:\Programs\WinMerge\Merge7z\Lang\be.txt (11.6 KB)
Extracting: D:\Programs\WinMerge\Merge7z\Lang\bg.txt (12.8 KB)
Extracting: D:\Programs\WinMerge\Merge7z\Lang\bn.txt (14.7 KB)
Extracting: D:\Programs\WinMerge\Merge7z\Lang\br.txt (5.2 KB)
Extracting: D:\Programs\WinMerge\Merge7z\Lang\ca.txt (9.1 KB)
Extracting: D:\Programs\WinMerge\Merge7z\Lang\co.txt (10.7 KB)
Extracting: D:\Programs\WinMerge\Merge7z\Lang\cs.txt (8.9 KB)
Extracting: D:\Programs\WinMerge\Merge7z\Lang\cy.txt (5.1 KB)
Extracting: D:\Programs\WinMerge\Merge7z\Lang\da.txt (8.2 KB)
Extracting: D:\Programs\WinMerge\Merge7z\Lang\de.txt (9.3 KB)
Extracting: D:\Programs\WinMerge\Merge7z\Lang\el.txt (16.5 KB)
Extracting: D:\Programs\WinMerge\Merge7z\Lang\eo.txt (5.1 KB)
Extracting: D:\Programs\WinMerge\Merge7z\Lang\es.txt (9.8 KB)
Extracting: D:\Programs\WinMerge\Merge7z\Lang\et.txt (6.9 KB)
Extracting: D:\Programs\WinMerge\Merge7z\Lang\eu.txt (8.7 KB)
Extracting: D:\Programs\WinMerge\Merge7z\Lang\ext.txt (7.5 KB)
Extracting: D:\Programs\WinMerge\Merge7z\Lang\fa.txt (13.5 KB)
Extracting: D:\Programs\WinMerge\Merge7z\Lang\fi.txt (8.8 KB)
Extracting: D:\Programs\WinMerge\Merge7z\Lang\fr.txt (9.7 KB)
Extracting: D:\Programs\WinMerge\Merge7z\Lang\fur.txt (7.3 KB)
Extracting: D:\Programs\WinMerge\Merge7z\Lang\fy.txt (6.3 KB)
Extracting: D:\Programs\WinMerge\Merge7z\Lang\ga.txt (8.1 KB)
Extracting: D:\Programs\WinMerge\Merge7z\Lang\gl.txt (9.4 KB)
Extracting: D:\Programs\WinMerge\Merge7z\Lang\gu.txt (17.4 KB)
Extracting: D:\Programs\WinMerge\Merge7z\Lang\he.txt (11.1 KB)
Extracting: D:\Programs\WinMerge\Merge7z\Lang\hi.txt (17.5 KB)
Extracting: D:\Programs\WinMerge\Merge7z\Lang\hr.txt (8.4 KB)
Extracting: D:\Programs\WinMerge\Merge7z\Lang\hu.txt (9.9 KB)
Extracting: D:\Programs\WinMerge\Merge7z\Lang\hy.txt (13.8 KB)
Extracting: D:\Programs\WinMerge\Merge7z\Lang\id.txt (8.5 KB)
Extracting: D:\Programs\WinMerge\Merge7z\Lang\io.txt (4.9 KB)
Extracting: D:\Programs\WinMerge\Merge7z\Lang\is.txt (8.5 KB)
Extracting: D:\Programs\WinMerge\Merge7z\Lang\it.txt (9.5 KB)
Extracting: D:\Programs\WinMerge\Merge7z\Lang\ja.txt (11.9 KB)
Extracting: D:\Programs\WinMerge\Merge7z\Lang\ka.txt (17.8 KB)
Extracting: D:\Programs\WinMerge\Merge7z\Lang\kaa.txt (7.9 KB)
Extracting: D:\Programs\WinMerge\Merge7z\Lang\kab.txt (8.4 KB)
Extracting: D:\Programs\WinMerge\Merge7z\Lang\kk.txt (10.5 KB)
Extracting: D:\Programs\WinMerge\Merge7z\Lang\ko.txt (10 KB)
Extracting: D:\Programs\WinMerge\Merge7z\Lang\ku-ckb.txt (12 KB)
Extracting: D:\Programs\WinMerge\Merge7z\Lang\ku.txt (5.6 KB)
Extracting: D:\Programs\WinMerge\Merge7z\Lang\ky.txt (12.2 KB)
Extracting: D:\Programs\WinMerge\Merge7z\Lang\lij.txt (7.7 KB)
Extracting: D:\Programs\WinMerge\Merge7z\Lang\lt.txt (9.3 KB)
Extracting: D:\Programs\WinMerge\Merge7z\Lang\lv.txt (5.3 KB)
Extracting: D:\Programs\WinMerge\Merge7z\Lang\mk.txt (8.6 KB)
Extracting: D:\Programs\WinMerge\Merge7z\Lang\mn.txt (8.3 KB)
Extracting: D:\Programs\WinMerge\Merge7z\Lang\mng.txt (19.7 KB)
Extracting: D:\Programs\WinMerge\Merge7z\Lang\mng2.txt (21.1 KB)
Extracting: D:\Programs\WinMerge\Merge7z\Lang\mr.txt (10.5 KB)
Extracting: D:\Programs\WinMerge\Merge7z\Lang\ms.txt (5.1 KB)
Extracting: D:\Programs\WinMerge\Merge7z\Lang\nb.txt (5.9 KB)
Extracting: D:\Programs\WinMerge\Merge7z\Lang\ne.txt (13.1 KB)
Extracting: D:\Programs\WinMerge\Merge7z\Lang\nl.txt (9.3 KB)
Extracting: D:\Programs\WinMerge\Merge7z\Lang\nn.txt (5.8 KB)
Extracting: D:\Programs\WinMerge\Merge7z\Lang\pa-in.txt (14.3 KB)
Extracting: D:\Programs\WinMerge\Merge7z\Lang\pl.txt (9.6 KB)
Extracting: D:\Programs\WinMerge\Merge7z\Lang\ps.txt (8.4 KB)
Extracting: D:\Programs\WinMerge\Merge7z\Lang\pt-br.txt (9.7 KB)
Extracting: D:\Programs\WinMerge\Merge7z\Lang\pt.txt (9.7 KB)
Extracting: D:\Programs\WinMerge\Merge7z\Lang\ro.txt (7.4 KB)
Extracting: D:\Programs\WinMerge\Merge7z\Lang\ru.txt (15 KB)
Extracting: D:\Programs\WinMerge\Merge7z\Lang\sa.txt (18.8 KB)
Extracting: D:\Programs\WinMerge\Merge7z\Lang\si.txt (18.8 KB)
Extracting: D:\Programs\WinMerge\Merge7z\Lang\sk.txt (9.2 KB)
Extracting: D:\Programs\WinMerge\Merge7z\Lang\sl.txt (8.7 KB)
Extracting: D:\Programs\WinMerge\Merge7z\Lang\sq.txt (5.8 KB)
Extracting: D:\Programs\WinMerge\Merge7z\Lang\sr-spc.txt (11.7 KB)
Extracting: D:\Programs\WinMerge\Merge7z\Lang\sr-spl.txt (7 KB)
Extracting: D:\Programs\WinMerge\Merge7z\Lang\sv.txt (9 KB)
Extracting: D:\Programs\WinMerge\Merge7z\Lang\sw.txt (8.3 KB)
Extracting: D:\Programs\WinMerge\Merge7z\Lang\ta.txt (12.2 KB)
Extracting: D:\Programs\WinMerge\Merge7z\Lang\tg.txt (14.8 KB)
Extracting: D:\Programs\WinMerge\Merge7z\Lang\th.txt (15.5 KB)
Extracting: D:\Programs\WinMerge\Merge7z\Lang\tk.txt (9 KB)
Extracting: D:\Programs\WinMerge\Merge7z\Lang\tr.txt (9.6 KB)
Extracting: D:\Programs\WinMerge\Merge7z\Lang\tt.txt (13.9 KB)
Extracting: D:\Programs\WinMerge\Merge7z\Lang\ug.txt (11.1 KB)
Extracting: D:\Programs\WinMerge\Merge7z\Lang\uk.txt (15.4 KB)
Extracting: D:\Programs\WinMerge\Merge7z\Lang\uz-cyrl.txt (14.8 KB)
Extracting: D:\Programs\WinMerge\Merge7z\Lang\uz.txt (9.2 KB)
Extracting: D:\Programs\WinMerge\Merge7z\Lang\va.txt (6.3 KB)
Extracting: D:\Programs\WinMerge\Merge7z\Lang\vi.txt (8.3 KB)
Extracting: D:\Programs\WinMerge\Merge7z\Lang\yo.txt (10.7 KB)
Extracting: D:\Programs\WinMerge\Merge7z\Lang\zh-cn.txt (8.1 KB)
Extracting: D:\Programs\WinMerge\Merge7z\Lang\zh-tw.txt (8.2 KB)
Extracting: D:\Programs\WinMerge\Merge7z\License.txt (3.9 KB)
Extracting: D:\Programs\WinMerge\Merge7z\Merge7z.dll (310.1 KB)
Extracting: D:\Programs\WinMerge\MergePlugins\ApplyPatch.sct (19.9 KB)
Extracting: D:\Programs\WinMerge\MergePlugins\CompareMSExcelFiles.sct (30.8 KB)
Extracting: D:\Programs\WinMerge\MergePlugins\CompareMSPowerPointFiles.sct (17.8 KB)
Extracting: D:\Programs\WinMerge\MergePlugins\CompareMSVisioFiles.sct (15.7 KB)
Extracting: D:\Programs\WinMerge\MergePlugins\CompareMSWordFiles.sct (18.0 KB)
Extracting: D:\Programs\WinMerge\MergePlugins\IgnoreColumns.dll (169.1 KB)
Extracting: D:\Programs\WinMerge\MergePlugins\IgnoreCommentsC.dll (148.1 KB)
Extracting: D:\Programs\WinMerge\MergePlugins\IgnoreFieldsComma.dll (170.1 KB)
Extracting: D:\Programs\WinMerge\MergePlugins\IgnoreFieldsTab.dll (170.1 KB)
Extracting: D:\Programs\WinMerge\MergePlugins\IgnoreLeadingLineNumbers.sct (3.9 KB)
Extracting: D:\Programs\WinMerge\MergePlugins\Plugins.xml (12.7 KB)
Extracting: D:\Programs\WinMerge\MergePlugins\PrediffLineFilter.sct (14.0 KB)
Extracting: D:\Programs\WinMerge\MergePlugins\editor addin.sct (20.3 KB)
Extracting: D:\Programs\WinMerge\MergePlugins\insert datetime.sct (1.1 KB)
Extracting: D:\Programs\WinMerge\ReadMe.txt (2.0 KB)
Extracting: D:\Programs\WinMerge\Register.bat (2.2 KB)
Extracting: D:\Programs\WinMerge\RegisterPerUser.bat (1.5 KB)
Extracting: D:\Programs\WinMerge\RegisterWinMergeContextMenuPackage.bat (96 bytes)
Extracting: D:\Programs\WinMerge\ShellExtensionU.dll (226.1 KB)
Extracting: D:\Programs\WinMerge\ShellExtensionX64.dll (264.6 KB)
Extracting: D:\Programs\WinMerge\UnRegister.bat (21 bytes)
Extracting: D:\Programs\WinMerge\UnRegisterPerUser.bat (30 bytes)
Extracting: D:\Programs\WinMerge\UnregisterWinMergeContextMenuPackage.bat (69 bytes)
Extracting: D:\Programs\WinMerge\WinIMerge\GPL.txt (17.9 KB)
Extracting: D:\Programs\WinMerge\WinIMerge\WinIMergeLib.dll (5.6 MB)
Extracting: D:\Programs\WinMerge\WinIMerge\freeimage-license-gplv2.txt (17.5 KB)
Extracting: D:\Programs\WinMerge\WinMerge32BitPluginProxy.exe (119.8 KB)
Extracting: D:\Programs\WinMerge\WinMergeContextMenu.dll (332.1 KB)
Extracting: D:\Programs\WinMerge\WinMergeContextMenuPackage.msix (12.7 KB)
Extracting: D:\Programs\WinMerge\WinMergeU.exe (5.5 MB)
Extracting: D:\Programs\WinMerge\WinWebDiff\LICENSE.txt (1.5 KB)
Extracting: D:\Programs\WinMerge\WinWebDiff\LICENSE_LibXDiff.txt (860 bytes)
Extracting: D:\Programs\WinMerge\WinWebDiff\LICENSE_RapidJSON.txt (670 bytes)
Extracting: D:\Programs\WinMerge\WinWebDiff\LICENSE_WebView2.txt (1.5 KB)
Extracting: D:\Programs\WinMerge\WinWebDiff\LICENSE_wil.txt (1.2 KB)
Extracting: D:\Programs\WinMerge\WinWebDiff\WinWebDiffLib.dll (586.6 KB)
Extracting: D:\Programs\WinMerge\vcomp140.dll (150.8 KB)
Extracting: D:\Programs\WinNTSetup\Changelog.txt (21.4 KB)
Extracting: D:\Programs\WinNTSetup\Compact\WimBootCompress.ini (2 KB)
Extracting: D:\Programs\WinNTSetup\DISM\Sample.ini (2.0 KB)
Extracting: D:\Programs\WinNTSetup\Diskpart\BIOS.txt (1 KB)
Extracting: D:\Programs\WinNTSetup\Diskpart\UEFI.txt (1.6 KB)
Extracting: D:\Programs\WinNTSetup\Diskpart\XP_legacy\BIOS.txt (1 KB)
Extracting: D:\Programs\WinNTSetup\Lang\1028.dll (15.5 KB)
Extracting: D:\Programs\WinNTSetup\Lang\1031.dll (46 KB)
Extracting: D:\Programs\WinNTSetup\Lang\1036.dll (41.5 KB)
Extracting: D:\Programs\WinNTSetup\Lang\1040.dll (48 KB)
Extracting: D:\Programs\WinNTSetup\Lang\1042.dll (22 KB)
Extracting: D:\Programs\WinNTSetup\Lang\1046.dll (43 KB)
Extracting: D:\Programs\WinNTSetup\Lang\1049.dll (42.5 KB)
Extracting: D:\Programs\WinNTSetup\Lang\1055.dll (41.5 KB)
Extracting: D:\Programs\WinNTSetup\Lang\1058.dll (33.5 KB)
Extracting: D:\Programs\WinNTSetup\Lang\2052.dll (22.5 KB)
Extracting: D:\Programs\WinNTSetup\Lang\2058.dll (44.5 KB)
Extracting: D:\Programs\WinNTSetup\MinWin\Default\AntiLog.ini (562 bytes)
Extracting: D:\Programs\WinNTSetup\MinWin\Default\AntiLog.reg (621 bytes)
Extracting: D:\Programs\WinNTSetup\MinWin\Default\Reg\GameDVR.reg (366 bytes)
Extracting: D:\Programs\WinNTSetup\MinWin\Default\Reg\Restore_Photo_Viewer_Windows_10.reg (23.6 KB)
Extracting: D:\Programs\WinNTSetup\MinWin\Default\Reg\ShippedWithReserves.reg (328 bytes)
Extracting: D:\Programs\WinNTSetup\MinWin\Default\Reg\StuckRects3-Win10-200X.reg (624 bytes)
Extracting: D:\Programs\WinNTSetup\MinWin\Default\Reg\SysTray_ClassicVolumeControl.reg (310 bytes)
Extracting: D:\Programs\WinNTSetup\MinWin\Default\Reg\SysTray_Network_Flyout.reg (428 bytes)
Extracting: D:\Programs\WinNTSetup\MinWin\Default\Reg\Taskbar.reg (514 bytes)
Extracting: D:\Programs\WinNTSetup\MinWin\Default\Reg\UserSignedIn.reg (316 bytes)
Extracting: D:\Programs\WinNTSetup\MinWin\Default\Remove\Active Setup.reg (2.8 KB)
Extracting: D:\Programs\WinNTSetup\MinWin\Default\Remove\Defender.reg (444 bytes)
Extracting: D:\Programs\WinNTSetup\MinWin\Default\Remove\Defender.txt (510 bytes)
Extracting: D:\Programs\WinNTSetup\MinWin\Default\Remove\DrvStore_Inf.txt (2.2 KB)
Extracting: D:\Programs\WinNTSetup\MinWin\Default\Remove\Edge.reg (166 bytes)
Extracting: D:\Programs\WinNTSetup\MinWin\Default\Remove\Edge.txt (499 bytes)
Extracting: D:\Programs\WinNTSetup\MinWin\Default\Remove\Fonts.txt (3.3 KB)
Extracting: D:\Programs\WinNTSetup\MinWin\Default\Remove\Installed.txt (1.6 KB)
Extracting: D:\Programs\WinNTSetup\MinWin\Default\Remove\Languages.txt (7.9 KB)
Extracting: D:\Programs\WinNTSetup\MinWin\Default\Remove\Media.txt (238 bytes)
Extracting: D:\Programs\WinNTSetup\MinWin\Default\Remove\NetFX.txt (821 bytes)
Extracting: D:\Programs\WinNTSetup\MinWin\Default\Remove\NetFX_Keep.txt (2.8 KB)
Extracting: D:\Programs\WinNTSetup\MinWin\Default\Remove\OneDrive.txt (224 bytes)
Extracting: D:\Programs\WinNTSetup\MinWin\Default\Remove\ProgramFiles.txt (1.4 KB)
Extracting: D:\Programs\WinNTSetup\MinWin\Default\Remove\Speech.txt (102 bytes)
Extracting: D:\Programs\WinNTSetup\MinWin\Default\Remove\SySWoW.txt (11.2 KB)
Extracting: D:\Programs\WinNTSetup\MinWin\Default\Remove\System32-DLL.txt (55.1 KB)
Extracting: D:\Programs\WinNTSetup\MinWin\Default\Remove\System32.txt (2.7 KB)
Extracting: D:\Programs\WinNTSetup\MinWin\Default\Remove\WMP.txt (1.1 KB)
Extracting: D:\Programs\WinNTSetup\MinWin\Default\Remove\WSearch.reg (276 bytes)
Extracting: D:\Programs\WinNTSetup\MinWin\Default\Remove\WUAU.reg (225 bytes)
Extracting: D:\Programs\WinNTSetup\MinWin\Default\Remove\WUAU.txt (334 bytes)
Extracting: D:\Programs\WinNTSetup\MinWin\Default\Remove\WinSAT.txt (52 bytes)
Extracting: D:\Programs\WinNTSetup\MinWin\Default\Remove\Windows.txt (884 bytes)
Extracting: D:\Programs\WinNTSetup\MinWin\Default\Remove\Windows11.txt (1.9 KB)
Extracting: D:\Programs\WinNTSetup\MinWin\Default\Remove\WindowsApps.txt (561 bytes)
Extracting: D:\Programs\WinNTSetup\MinWin\Default\Remove\WindowsPowerShell.txt (1.4 KB)
Extracting: D:\Programs\WinNTSetup\MinWin\Default\Remove\XBOX.reg (365 bytes)
Extracting: D:\Programs\WinNTSetup\MinWin\Default\Remove\XBOX.txt (600 bytes)
Extracting: D:\Programs\WinNTSetup\MinWin\Default\Remove\XPS.txt (453 bytes)
Extracting: D:\Programs\WinNTSetup\MinWin\Default\Services.ini (492 bytes)
Extracting: D:\Programs\WinNTSetup\MinWin\Default\Tasks.ini (665 bytes)
Extracting: D:\Programs\WinNTSetup\MinWin\Default\WinSxS.ini (8 KB)
Extracting: D:\Programs\WinNTSetup\MinWin\ReadMe.txt (2.0 KB)
Extracting: D:\Programs\WinNTSetup\RegTweaks\Win10\NT6Only.txt (0 bytes)
Extracting: D:\Programs\WinNTSetup\RegTweaks\Win7\NT6Only.txt (0 bytes)
Extracting: D:\Programs\WinNTSetup\RegTweaks\WinXP\NT5Only.txt (0 bytes)
Extracting: D:\Programs\WinNTSetup\Tools\CATTrim.ini (417 bytes)
Extracting: D:\Programs\WinNTSetup\Tools\MergeIDE_2600.ini (7.4 KB)
Extracting: D:\Programs\WinNTSetup\Tools\MergeIDE_7600.ini (7.3 KB)
Extracting: D:\Programs\WinNTSetup\Tools\MergeIDE_9200.ini (189 bytes)
Extracting: D:\Programs\WinNTSetup\Tools\Win10Builds.ini (852 bytes)
Extracting: D:\Programs\WinNTSetup\Tools\Win7USB3\ReadMe.txt (461 bytes)
Extracting: D:\Programs\WinNTSetup\Tools\Win7USBBoot.ini (393 bytes)
Extracting: D:\Programs\WinNTSetup\Tools\arm64\WIMHost.exe (72.5 KB)
Extracting: D:\Programs\WinNTSetup\Tools\arm64\wimlib.dll (426 KB)
Extracting: D:\Programs\WinNTSetup\Tools\imdisk\cpl\amd64\imdisk.cpl (113.5 KB)
Extracting: D:\Programs\WinNTSetup\Tools\imdisk\sys\amd64\imdisk.sys (47.6 KB)
Extracting: D:\Programs\WinNTSetup\Tools\nativevhdboot_x64.dll (1.5 KB)
Extracting: D:\Programs\WinNTSetup\Tools\nativevhdboot_x86.dll (1.5 KB)
Extracting: D:\Programs\WinNTSetup\Tools\x64\BootICE\BOOTICE.dll (58.5 KB)
Extracting: D:\Programs\WinNTSetup\Tools\x64\BootICE\BOOTICEx64.exe (450 KB)
Extracting: D:\Programs\WinNTSetup\Tools\x64\BootICE\BootICE.ini (28 bytes)
Extracting: D:\Programs\WinNTSetup\Tools\x64\BootICE\Lang\1031.dll (69 KB)
Extracting: D:\Programs\WinNTSetup\Tools\x64\BootICE\Lang\1033.dll (59.5 KB)
Extracting: D:\Programs\WinNTSetup\Tools\x64\BootICE\Lang\1049.dll (69.5 KB)
Extracting: D:\Programs\WinNTSetup\Tools\x64\DISM\ReadMe.txt (286 bytes)
Extracting: D:\Programs\WinNTSetup\Tools\x64\MSSTMake.exe (114 KB)
Extracting: D:\Programs\WinNTSetup\Tools\x64\WIMHost.exe (75.5 KB)
Extracting: D:\Programs\WinNTSetup\Tools\x64\offreg.dll (117.5 KB)
Extracting: D:\Programs\WinNTSetup\Tools\x64\wimlib.dll (481 KB)
Extracting: D:\Programs\WinNTSetup\Tools\x86\DISM\ReadMe.txt (91 bytes)
Extracting: D:\Programs\WinNTSetup\Unattend\Win7-11-Select.xml (2.9 KB)
Extracting: D:\Programs\WinNTSetup\WimScript\WimScript.ini (509 bytes)
Extracting: D:\Programs\WinNTSetup\WinNTSetup.ini.txt (2.7 KB)
Extracting: D:\Programs\WinNTSetup\WinNTSetup_x64.exe (1.1 MB)
Extracting: D:\Programs\WinSCP\WinSCP.com (288.7 KB)
Extracting: D:\Programs\WinSCP\WinSCP.exe (23.3 MB)
Extracting: D:\Programs\WinSCP\license.txt (37.0 KB)
Extracting: D:\Programs\WinSCP\readme.txt (361 bytes)
Extracting: D:\Programs\Windows Login Unlocker\WLU.exe (759 KB)
Extracting: D:\Programs\Windows Login Unlocker\language\Chinese.lng (5.8 KB)
Extracting: D:\Programs\Windows Login Unlocker\language\Dutch.lng (7.7 KB)
Extracting: D:\Programs\Windows Login Unlocker\language\English.lng (6.2 KB)
Extracting: D:\Programs\Windows Login Unlocker\language\French.lng (8.8 KB)
Extracting: D:\Programs\Windows Login Unlocker\language\Russian.lng (12.9 KB)
Extracting: D:\Programs\Windows Login Unlocker\language\Ukrainian.lng (12.9 KB)
Extracting: D:\Programs\Windows Login Unlocker\offreg_x64.dll (91.5 KB)
Extracting: D:\Programs\WordPad\WordpadFilter.dll (180 KB)
Extracting: D:\Programs\WordPad\en-US\wordpad.exe.mui (49.5 KB)
Extracting: D:\Programs\WordPad\wordpad.exe (4.3 MB)
Extracting: D:\Version.txt (112 bytes)
Extracting: D:\boot\Fonts\chs_boot.ttf (3.5 MB)
Extracting: D:\boot\Fonts\cht_boot.ttf (3.7 MB)
Extracting: D:\boot\Fonts\jpn_boot.ttf (1.9 MB)
Extracting: D:\boot\Fonts\kor_boot.ttf (2.3 MB)
Extracting: D:\boot\Fonts\malgun_boot.ttf (191.7 KB)
Extracting: D:\boot\Fonts\malgunn_boot.ttf (189.4 KB)
Extracting: D:\boot\Fonts\meiryo_boot.ttf (162.0 KB)
Extracting: D:\boot\Fonts\meiryon_boot.ttf (160.4 KB)
Extracting: D:\boot\Fonts\msjh_boot.ttf (179.1 KB)
Extracting: D:\boot\Fonts\msjhn_boot.ttf (177.2 KB)
Extracting: D:\boot\Fonts\msyh_boot.ttf (171.2 KB)
Extracting: D:\boot\Fonts\msyhn_boot.ttf (169.4 KB)
Extracting: D:\boot\Fonts\segmono_boot.ttf (44.7 KB)
Extracting: D:\boot\Fonts\segoe_slboot.ttf (100.5 KB)
Extracting: D:\boot\Fonts\segoen_slboot.ttf (100.3 KB)
Extracting: D:\boot\Fonts\wgl4_boot.ttf (48.9 KB)
Extracting: D:\boot\bcd (24 KB)
Extracting: D:\boot\boot.sdi (3 MB)
Extracting: D:\boot\bootsect.exe (105.3 KB)
Extracting: D:\boot\en-US\bootmgr.exe.mui (76.4 KB)
Extracting: D:\boot\en-US\bootsect.exe.mui (16 KB)
Extracting: D:\boot\en-US\memtest.exe.mui (44.8 KB)
Extracting: D:\boot\etfsboot.com (4 KB)
Extracting: D:\boot\memtest.exe (1 MB)
Extracting: D:\bootmgr.efi (1.6 MB)
Extracting: D:\bootmgr.exe (706.0 KB)
Extracting: D:\efi\boot\bootx64.efi (1.6 MB)
Extracting: D:\efi\boot\en-US\bootx64.efi.mui (76.3 KB)
Extracting: D:\efi\microsoft\boot\bcd (24 KB)
Extracting: D:\efi\microsoft\boot\efisys.bin (1.4 MB)
Extracting: D:\efi\microsoft\boot\en-US\bootmgr.efi.mui (76.3 KB)
Extracting: D:\efi\microsoft\boot\en-US\memtest.efi.mui (44.9 KB)
Extracting: D:\efi\microsoft\boot\fonts\chs_boot.ttf (3.5 MB)
Extracting: D:\efi\microsoft\boot\fonts\cht_boot.ttf (3.7 MB)
Extracting: D:\efi\microsoft\boot\fonts\jpn_boot.ttf (1.9 MB)
Extracting: D:\efi\microsoft\boot\fonts\kor_boot.ttf (2.3 MB)
Extracting: D:\efi\microsoft\boot\fonts\malgun_boot.ttf (191.7 KB)
Extracting: D:\efi\microsoft\boot\fonts\malgunn_boot.ttf (189.4 KB)
Extracting: D:\efi\microsoft\boot\fonts\meiryo_boot.ttf (162.0 KB)
Extracting: D:\efi\microsoft\boot\fonts\meiryon_boot.ttf (160.4 KB)
Extracting: D:\efi\microsoft\boot\fonts\msjh_boot.ttf (179.1 KB)
Extracting: D:\efi\microsoft\boot\fonts\msjhn_boot.ttf (177.2 KB)
Extracting: D:\efi\microsoft\boot\fonts\msyh_boot.ttf (171.2 KB)
Extracting: D:\efi\microsoft\boot\fonts\msyhn_boot.ttf (169.4 KB)
Extracting: D:\efi\microsoft\boot\fonts\segmono_boot.ttf (44.7 KB)
Extracting: D:\efi\microsoft\boot\fonts\segoe_slboot.ttf (100.5 KB)
Extracting: D:\efi\microsoft\boot\fonts\segoen_slboot.ttf (100.3 KB)
Extracting: D:\efi\microsoft\boot\fonts\wgl4_boot.ttf (48.9 KB)
Extracting: D:\efi\microsoft\boot\memtest.efi (1.4 MB)
Extracting: D:\sources\boot.wim (1.8 GB)
Finalizing, please wait...
Created: D:autorun.inf
Created: D:autorun.ico

Found USB 3.0 device 'USB DISK 3.0 USB Device' (13FE:6700)
Using 'autorun.inf' label for drive D: 'HIren'
1 device found
Disk type: Removable, Disk size: 32 GB, Sector size: 512 bytes
Cylinders: 3773, Tracks per cylinder: 255, Sectors per track: 63
Partition type: GPT, NB Partitions: 1
Disk GUID: {340A811B-FD18-4E73-83FF-76505FF49894}
Max parts: 128, Start Offset: 17408, Usable = 31042009600 bytes
Partition 1:
  Type: Microsoft Basic Data Partition
  Name: 'Main Data Partition'
  Detected File System: FAT32
  ID: {D013C639-335D-474A-A900-F21E27C0CF34}
  Size: 28.9 GB (31040946176 bytes)
  Start Sector: 2048, Attributes: 0x0000000000000000
0 devices found
0 devices found
